date,avg_weighted_sentiment,tweet_volume,total_engagement,Close,Volume,F&G_value,vol_garman_klass
2019-01-01 00:00:00,0.0,1.0,1071.0,3690.91,603.08924758,24,0.021141505487199487
2019-01-01 01:00:00,1.6391631955570458,2.0,520.0,3681.57,142.9613124,24,0.005272582514576145
2019-01-01 02:00:00,0.0,1.0,19.0,3678.0,175.02128254,24,0.004929548211226887
2019-01-01 03:00:00,4.123878712474132,1.0,1056.0,3677.91,196.85370806,24,0.005740395354328134
2019-01-01 04:00:00,3.3721235984799387,0.0,0.0,3693.3,169.2083142,24,0.002996377205169624
2019-01-01 05:00:00,2.6203684844857458,3.0,289.0,3693.83,94.46685773,24,0.0037907975910279534
2019-01-01 06:00:00,3.2830652119430166,0.0,0.0,3681.18,101.45681564,24,0.003990839730537428
2019-01-01 07:00:00,3.945761939400288,0.0,0.0,3678.24,108.18420517,24,0.0035352107564561182
2019-01-01 08:00:00,4.608458666857558,2.0,9934.0,3681.1,181.35096001,24,0.0016527276138312672
2019-01-01 09:00:00,3.2439427081622885,0.0,0.0,3679.73,189.39405708,24,0.004287183816843264
2019-01-01 10:00:00,1.8794267494670192,0.0,0.0,3689.96,114.51309937,24,0.00226792204931588
2019-01-01 11:00:00,0.5149107907717502,2.0,117.0,3691.63,129.36833236,24,0.0016483347215222935
2019-01-01 12:00:00,0.0,1.0,19.0,3700.05,227.35860553,24,0.00500296295368835
2019-01-01 13:00:00,-1.2841783945975629,1.0,12.0,3715.09,187.62290497,24,0.004427909528133726
2019-01-01 14:00:00,2.103070545545564,1.0,35.0,3696.85,333.83621329,24,0.003610077455742121
2019-01-01 15:00:00,1.4020470303637094,0.0,0.0,3705.73,94.23731027,24,0.0030091161801873412
2019-01-01 16:00:00,0.7010235151818547,0.0,0.0,3700.0,483.93511986,24,0.0038625414272342516
2019-01-01 17:00:00,0.0,1.0,14.0,3713.02,181.77801843,24,0.003440026975662062
2019-01-01 18:00:00,1.451054709932305,5.0,1959.0,3718.28,147.52078808,24,0.007827503676748776
2019-01-01 19:00:00,0.7255273549661525,0.0,0.0,3698.35,248.37794682,24,0.009174181233844728
2019-01-01 20:00:00,0.0,1.0,59.0,3682.26,103.49169129,24,0.004772993583476492
2019-01-01 21:00:00,-2.133088066006708,2.0,711.0,3691.41,76.10015695999999,24,0.0031684768963736697
2019-01-01 22:00:00,0.0,1.0,1062.0,3685.88,191.59039341,24,0.004500314210825198
2019-01-01 23:00:00,0.0,1.0,1474.0,3659.81,378.6288782,24,0.009932819601342398
2019-01-02 00:00:00,0.0,2.0,1655.0,3696.58,118.92468438,30,0.005388353822626307
2019-01-02 01:00:00,1.39963944322507,1.0,9.0,3729.06,378.96967283,30,0.007692818657015673
2019-01-02 02:00:00,1.8598632629235587,4.0,3669.0,3717.59,249.68128126,30,0.0040534952997157946
2019-01-02 03:00:00,1.6322591671649187,0.0,0.0,3715.37,233.00033026,30,0.004771619489844821
2019-01-02 04:00:00,1.4046550714062789,3.0,134.0,3823.44,595.81795409,30,0.017002059797388235
2019-01-02 05:00:00,1.069474680236783,0.0,0.0,3801.68,235.46004114,30,0.008071602315216952
2019-01-02 06:00:00,0.7342942890672872,3.0,31.0,3795.93,201.37736297,30,0.0038809384830412515
2019-01-02 07:00:00,0.0,1.0,9.0,3799.59,86.99058903,30,0.0022042108723898087
2019-01-02 08:00:00,0.8422582329682456,0.0,0.0,3796.62,61.66614949,30,0.0032904363037198014
2019-01-02 09:00:00,1.6845164659364913,2.0,142.0,3797.84,72.35035718,30,0.0022548733019389774
2019-01-02 10:00:00,2.405050313419453,3.0,1232.0,3797.97,81.7662956,30,0.002589859521564266
2019-01-02 11:00:00,1.0060095631852009,4.0,287.0,3779.64,190.7590525,30,0.004619030319211781
2019-01-02 12:00:00,2.292825121653516,5.0,1688.0,3796.89,116.9165978,30,0.002608698558322348
2019-01-02 13:00:00,0.6128203951456298,3.0,12.0,3805.86,331.25952932,30,0.004252988579764458
2019-01-02 14:00:00,0.8689670567608306,2.0,170.0,3793.93,343.18762112,30,0.0036447228486827907
2019-01-02 15:00:00,1.9442759836293235,2.0,1003.0,3810.09,158.64216084,30,0.0039023183291213865
2019-01-02 16:00:00,1.6364233071590282,5.0,938.0,3810.44,308.9864554,30,0.005759549145362266
2019-01-02 17:00:00,2.8488090114556543,1.0,86.0,3815.41,152.73792266,30,0.003704831250124752
2019-01-02 18:00:00,-1.720270984281114,2.0,38.0,3839.8,311.52253569,30,0.009175737310168975
2019-01-02 19:00:00,-0.8601354921405571,0.0,0.0,3828.55,325.28283609,30,0.0056511726018983344
2019-01-02 20:00:00,0.0,2.0,108.0,3815.27,239.53510197,30,0.00432028916900012
2019-01-02 21:00:00,0.0,1.0,4.0,3845.92,505.01146068,30,0.01313442413938212
2019-01-02 22:00:00,0.0,2.0,5276.0,3853.76,183.92580139,30,0.005486850795655493
2019-01-02 23:00:00,1.4594097267327886,3.0,1463.0,3850.0,226.25329381,30,0.0038343321852458007
2019-01-03 00:00:00,3.363472946795164,2.0,376.0,3849.88,340.67515458,33,0.0054853562298391445
2019-01-03 01:00:00,0.0,2.0,110.0,3878.38,172.23993546,33,0.006034617575496275
2019-01-03 02:00:00,1.1636677932906052,4.0,461.0,3889.29,314.66560325,33,0.0069047356432446
2019-01-03 03:00:00,0.5818338966453026,0.0,0.0,3888.16,219.19949905,33,0.008215182092237608
2019-01-03 04:00:00,0.0,1.0,50.0,3885.87,354.05815751,33,0.004956981774318356
2019-01-03 05:00:00,0.0,1.0,4.0,3862.7,269.87906834,33,0.003434364308379303
2019-01-03 06:00:00,1.2528209474510057,2.0,325.0,3862.93,181.79661101,33,0.004350304521324705
2019-01-03 07:00:00,5.018832440454129,1.0,832.0,3860.98,199.94898615,33,0.0027486854022647686
2019-01-03 08:00:00,4.075720444115222,1.0,791.0,3872.22,67.47472064,33,0.001899015769090214
2019-01-03 09:00:00,1.8017688520384323,4.0,2839.0,3864.22,67.6042029,33,0.00343721858882788
2019-01-03 10:00:00,0.9912466094098962,5.0,753.0,3849.68,113.72682258,33,0.006467216221717378
2019-01-03 11:00:00,-0.8151334980818609,9.0,8468.0,3844.07,78.5948464,33,0.0034643935843971297
2019-01-03 12:00:00,0.0,2.0,127.0,3848.77,77.9695594,33,0.0025683047722272166
2019-01-03 13:00:00,1.0172851322633871,8.0,8776.0,3830.3,191.54168438,33,0.004206336068528726
2019-01-03 14:00:00,3.3266931460618028,4.0,3811.0,3833.99,194.11607163,33,0.0048070196126457155
2019-01-03 15:00:00,1.2059042069459978,5.0,493.0,3841.8,127.97936987,33,0.002716965034633832
2019-01-03 16:00:00,-1.4111114570182277,3.0,573.0,3841.16,141.71597784,33,0.00344411241535618
2019-01-03 17:00:00,0.0,2.0,514.0,3852.49,147.82670991,33,0.005300844827138271
2019-01-03 18:00:00,0.0,5.0,1660.0,3848.93,223.2575316,33,0.00362453067643313
2019-01-03 19:00:00,1.38630144440849,7.0,11410.0,3833.51,187.89368019,33,0.002738550014095296
2019-01-03 20:00:00,1.4486852020351306,5.0,3801.0,3841.46,173.67613554,33,0.004216045377960406
2019-01-03 21:00:00,0.0,1.0,55.0,3773.39,1333.06919949,33,0.010516743749218425
2019-01-03 22:00:00,0.2144670404152169,4.0,763.0,3781.65,305.69510582,33,0.005149561867239105
2019-01-03 23:00:00,0.0,4.0,70.0,3782.09,194.18768781,33,0.0035960725648378315
2019-01-04 00:00:00,0.5438896672059109,2.0,30.0,3778.4,118.29610805,48,0.004778701742044361
2019-01-04 01:00:00,0.3515162440432137,2.0,20.0,3798.5,43.63649266,48,0.0028964095958503356
2019-01-04 02:00:00,0.5187373359770235,2.0,108.0,3792.76,49.51736429,48,0.0017337199568297082
2019-01-04 03:00:00,1.404099936872064,2.0,266.0,3792.8,230.90981011,48,0.005336357051660282
2019-01-04 04:00:00,0.9579161496964096,2.0,46.0,3787.81,82.93236259,48,0.0024737322497749227
2019-01-04 05:00:00,0.5504163963772399,2.0,13.0,3763.9,272.06302913,48,0.006037809292672286
2019-01-04 06:00:00,0.0,2.0,425.0,3784.21,124.52024544,48,0.003549379955870643
2019-01-04 07:00:00,0.0,1.0,181.0,3776.44,71.67918963,48,0.0023074115656585635
2019-01-04 08:00:00,1.1868515090341965,0.0,0.0,3799.33,119.83069872,48,0.004839385107670327
2019-01-04 09:00:00,2.373703018068393,2.0,103.0,3794.95,250.83803855,48,0.006309854216623921
2019-01-04 10:00:00,0.0,1.0,27.0,3794.22,106.46926666,48,0.003249975250795152
2019-01-04 11:00:00,1.6018809847970026,3.0,501.0,3798.2,179.39650139,48,0.0037818612980259985
2019-01-04 12:00:00,2.4364061796584786,1.0,28.0,3799.71,606.32431137,48,0.010580392660309499
2019-01-04 13:00:00,2.020281534752104,1.0,53.0,3792.84,1027.05599267,48,0.005218400322584127
2019-01-04 14:00:00,2.567770189350472,2.0,4627.0,3782.11,259.0178715,48,0.003789839595464355
2019-01-04 15:00:00,1.2081726540128772,3.0,457.0,3798.9,225.81709298,48,0.0030663863369290107
2019-01-04 16:00:00,0.0,1.0,28.0,3785.0,351.15273095,48,0.004997263215982144
2019-01-04 17:00:00,0.8390209692168211,0.0,0.0,3787.17,362.97897097,48,0.006442090035412565
2019-01-04 18:00:00,1.6780419384336422,2.0,453.0,3775.0,381.8250347,48,0.0029385785229306327
2019-01-04 19:00:00,3.0340141119638684,4.0,885.0,3749.44,373.24483171,48,0.009056096133918962
2019-01-04 20:00:00,0.0,3.0,508.0,3751.04,604.87133855,48,0.0037755181625295565
2019-01-04 21:00:00,0.0,2.0,886.0,3771.4,488.73736349,48,0.0054257758434258395
2019-01-04 22:00:00,1.2547371123854223,5.0,1084.0,3770.25,178.77083278,48,0.0025185730701136454
2019-01-04 23:00:00,0.368892323165874,2.0,13.0,3757.66,239.72148983,48,0.0022060799540187317
2019-01-05 00:00:00,1.2810206367416248,1.0,8.0,3759.75,161.78931602,36,0.002602464649455485
2019-01-05 01:00:00,0.0,1.0,11.0,3784.57,346.91329911,36,0.010853142046976903
2019-01-05 02:00:00,3.2836581486547445,1.0,168.0,3832.71,407.70064594,36,0.009524891896276947
2019-01-05 03:00:00,1.6418290743273722,0.0,0.0,3827.27,206.96284793,36,0.0057616027071368155
2019-01-05 04:00:00,0.0,1.0,196.0,3817.71,104.37800354,36,0.003924582266463862
2019-01-05 05:00:00,-2.5009408347229747,0.0,0.0,3851.06,274.4391153,36,0.011920562504422583
2019-01-05 06:00:00,-5.001881669445949,1.0,500.0,3839.66,120.89068705,36,0.006106376588241721
2019-01-05 07:00:00,0.6208114138104053,1.0,3.0,3841.47,73.44573486,36,0.00297047230404338
2019-01-05 08:00:00,0.3104057069052026,0.0,0.0,3841.39,65.35271059,36,0.002782679494730095
2019-01-05 09:00:00,0.0,1.0,98.0,3839.47,85.32662977999999,36,0.002648614141460422
2019-01-05 10:00:00,0.8285976618543877,4.0,199.0,3854.57,117.57353294,36,0.0029717645176426137
2019-01-05 11:00:00,0.0,1.0,334.0,3835.1,69.01763196,36,0.004815120101956808
2019-01-05 12:00:00,0.0,2.0,159.0,3820.0,68.31788698,36,0.002885354844216628
2019-01-05 13:00:00,3.6590585786591454,2.0,5185.0,3828.0,76.47514431,36,0.002236204008767683
2019-01-05 14:00:00,2.6452748943122804,0.0,0.0,3825.45,101.15158876,36,0.0020448344388135867
2019-01-05 15:00:00,1.6314912099654155,5.0,2507.0,3827.08,156.91717418,36,0.0029767039206845367
2019-01-05 16:00:00,1.731261066947306,0.0,0.0,3838.0,113.87134936,36,0.003826432960517255
2019-01-05 17:00:00,1.831030923929196,2.0,1214.0,3838.07,78.30861021,36,0.001958581187143311
2019-01-05 18:00:00,1.1678671381154315,0.0,0.0,3831.17,137.95725113,36,0.003177220786086178
2019-01-05 19:00:00,0.5047033523016669,4.0,96.0,3825.01,95.17667117,36,0.0022470642359254554
2019-01-05 20:00:00,1.1339320855486568,2.0,2326.0,3829.12,104.16572758,36,0.005693004957754502
2019-01-05 21:00:00,1.236704178208751,2.0,70.0,3835.53,831.23418426,36,0.00423407520027955
2019-01-05 22:00:00,0.8244694521391673,0.0,0.0,3835.22,122.79579753,36,0.002950738651622791
2019-01-05 23:00:00,0.4122347260695836,0.0,0.0,3845.58,221.08392053,36,0.004439299210057524
2019-01-06 00:00:00,0.0,2.0,81.0,3843.7,235.55955302,31,0.003232930738144218
2019-01-06 01:00:00,0.0,3.0,566.0,3842.62,79.402677,31,0.0028005915894498837
2019-01-06 02:00:00,0.5380715323539329,2.0,925.0,3841.92,81.7546521,31,0.0021933217656071313
2019-01-06 03:00:00,0.3587143549026219,0.0,0.0,3813.75,284.02602278,31,0.010799788502085713
2019-01-06 04:00:00,0.1793571774513109,0.0,0.0,3791.84,62.13106101,31,0.0018259467899272338
2019-01-06 05:00:00,0.0,1.0,478.0,3808.39,69.53374085,31,0.003000124516178758
2019-01-06 06:00:00,3.588742808855608,1.0,713.0,3785.39,51.16502699,31,0.004251648649143087
2019-01-06 07:00:00,0.0,1.0,133.0,3792.6,162.71902724,31,0.008518110164513922
2019-01-06 08:00:00,0.0,0.0,0.0,3799.02,50.81274638,31,0.003093466205373164
2019-01-06 09:00:00,0.0,1.0,1175.0,3792.25,44.74894889,31,0.0025683030227464324
2019-01-06 10:00:00,2.369855456531276,2.0,1035.0,3803.26,61.21854457,31,0.0017432621670573562
2019-01-06 11:00:00,0.2792602825293492,2.0,371.0,3798.24,28.24088711,31,0.0021091810936736677
2019-01-06 12:00:00,1.346978817787337,2.0,28.0,3785.09,35.86126019,31,0.0026343800076976914
2019-01-06 13:00:00,0.432157840289026,3.0,348.0,3793.4,87.23327717,31,0.00333134616056911
2019-01-06 14:00:00,1.259331869701228,1.0,12.0,3797.1,42.58829511,31,0.002942097849192395
2019-01-06 15:00:00,0.0,1.0,207.0,3823.03,118.20128706,31,0.007820869678844374
2019-01-06 16:00:00,1.3765331675403538,1.0,10.0,3828.62,275.42742332,31,0.006601984513583545
2019-01-06 17:00:00,-4.469582436531954,1.0,226.0,3810.34,73.3384704,31,0.004693801927171829
2019-01-06 18:00:00,-2.08679218683199,2.0,129.0,3815.28,59.26746381,31,0.004527648616223581
2019-01-06 19:00:00,0.8451313618804795,3.0,61.0,3824.25,41.15453053,31,0.0025491137067527713
2019-01-06 20:00:00,0.0,1.0,1935.0,3826.7,351.11030158,31,0.0038567250363867093
2019-01-06 21:00:00,1.3857729691884328,3.0,570.0,3831.95,83.34785525,31,0.002321132197796719
2019-01-06 22:00:00,0.7958528164857352,2.0,25.0,4060.0,2019.78579088,31,0.029153001705849734
2019-01-06 23:00:00,0.3980353771699924,2.0,9.0,4050.0,595.58939286,31,0.008095422649395986
2019-01-07 00:00:00,0.1838466407464275,5.0,2816.0,4052.69,231.13849192,39,0.0026882761900094464
2019-01-07 01:00:00,0.4440509816099475,3.0,188.0,4039.0,240.18704547,39,0.0053099078365065715
2019-01-07 02:00:00,0.2220254908049737,0.0,0.0,4030.0,167.70246754,39,0.0036425100403768814
2019-01-07 03:00:00,0.0,1.0,14.0,4020.0,106.68801342,39,0.00413932286885602
2019-01-07 04:00:00,1.1095166556531944,3.0,622.0,4040.71,403.65457553,39,0.007654180854145328
2019-01-07 05:00:00,1.7032780095083266,3.0,2743.0,4056.21,222.18345223,39,0.004518893654935332
2019-01-07 06:00:00,0.3678374133175522,4.0,218.0,4033.97,168.22058907,39,0.005482796101235999
2019-01-07 07:00:00,0.0,2.0,203.0,4026.34,265.74751793,39,0.002617097326917518
2019-01-07 08:00:00,-0.9445582411513908,2.0,2064.0,4035.14,192.59815236,39,0.0020167592471599573
2019-01-07 09:00:00,0.0,1.0,69.0,4025.96,290.473959,39,0.0028323655482394884
2019-01-07 10:00:00,0.0,0.0,0.0,4038.64,196.49007379,39,0.003448169360735791
2019-01-07 11:00:00,0.0,0.0,0.0,4034.05,447.4896315,39,0.0032344877420869074
2019-01-07 12:00:00,0.0,2.0,67.0,4037.01,205.502386,39,0.002268236534895551
2019-01-07 13:00:00,0.0,1.0,103.0,4043.88,322.71824735,39,0.0038740204295159624
2019-01-07 14:00:00,0.9780656478428152,6.0,2467.0,3993.93,1092.48859608,39,0.012607315826744752
2019-01-07 15:00:00,-0.7026117431275982,4.0,1630.0,4006.78,447.0415301,39,0.008580346577614023
2019-01-07 16:00:00,2.2542798632673,2.0,968.0,4022.42,505.96611137,39,0.003161626426335555
2019-01-07 17:00:00,1.5724804136861823,1.0,29.0,3995.0,442.38964185,39,0.003127537180382624
2019-01-07 18:00:00,4.238970413921243,1.0,961.0,4026.47,369.32330134,39,0.0040885564921612425
2019-01-07 19:00:00,0.0,2.0,245.0,4030.39,203.48566489,39,0.004475104280964401
2019-01-07 20:00:00,0.0,2.0,740.0,4015.02,200.25252364,39,0.005348580999478712
2019-01-07 21:00:00,1.2934796787140717,3.0,664.0,4024.83,85.35556766,39,0.0033265151379526137
2019-01-07 22:00:00,4.590376791105221,1.0,5779.0,4014.08,325.58952601,39,0.009106710410707566
2019-01-07 23:00:00,2.333903784162894,3.0,1450.0,4015.0,278.11671223,39,0.003434278705009739
2019-01-08 00:00:00,0.7337136724117879,4.0,572.0,4023.0,196.97617106,39,0.0024260048724388554
2019-01-08 01:00:00,0.917464310697455,0.0,0.0,4008.4,229.94517519,39,0.003622417823552131
2019-01-08 02:00:00,1.1012149489831222,2.0,96.0,4004.44,461.1046086500001,39,0.004032955086126945
2019-01-08 03:00:00,0.0,1.0,173.0,3994.57,178.25592212,39,0.0028218135116576046
2019-01-08 04:00:00,0.0,2.0,50.0,4005.45,117.38094284,39,0.003579637770440357
2019-01-08 05:00:00,0.4832414579334682,5.0,2144.0,4013.91,770.94683204,39,0.002687666022147748
2019-01-08 06:00:00,0.0,1.0,179.0,3999.9,263.99809418,39,0.003397920054096733
2019-01-08 07:00:00,1.0096068375425329,0.0,0.0,3979.99,515.60091047,39,0.011656018644974222
2019-01-08 08:00:00,2.0192136750850658,0.0,0.0,3982.49,330.1002754,39,0.0032542386784316377
2019-01-08 09:00:00,3.0288205126275987,2.0,345.0,3983.52,188.66334313,39,0.0026405848315512767
2019-01-08 10:00:00,0.0,5.0,529.0,3975.32,284.43057865,39,0.0017457063214303035
2019-01-08 11:00:00,0.1687542959106382,7.0,433.0,3989.63,189.00201012,39,0.004333496233898059
2019-01-08 12:00:00,0.2661566486951074,4.0,204.0,3979.74,289.46977745,39,0.0030310107200752943
2019-01-08 13:00:00,0.0,2.0,192.0,3992.47,520.49898551,39,0.006471362351848225
2019-01-08 14:00:00,0.0,1.0,842.0,4002.73,373.48144336,39,0.0031350064303613256
2019-01-08 15:00:00,4.564293150775235,1.0,1201.0,4008.34,294.46448167,39,0.0035059849953356106
2019-01-08 16:00:00,0.0,2.0,434.0,4035.0,973.03174089,39,0.00894270867680191
2019-01-08 17:00:00,0.9316593789503133,3.0,1380.0,4021.8,604.96707927,39,0.004102388773829402
2019-01-08 18:00:00,1.3422501803801608,3.0,1629.0,4061.07,921.41657982,39,0.007307098586963192
2019-01-08 19:00:00,0.8600509230066056,4.0,1016.0,4052.75,388.13444528,39,0.002698619807712782
2019-01-08 20:00:00,0.0,2.0,1820.0,4034.82,1454.21502627,39,0.019124311691468224
2019-01-08 21:00:00,0.0,1.0,857.0,4007.53,1054.07907363,39,0.010705672946042098
2019-01-08 22:00:00,4.93284401895094,2.0,2503.0,4002.4,368.1120546,39,0.003768262528941192
2019-01-08 23:00:00,0.0,2.0,1166.0,4003.7,584.55397282,39,0.005291817928032734
2019-01-09 00:00:00,0.0,2.0,77.0,4013.8,333.83577356,42,0.0043773667118739285
2019-01-09 01:00:00,0.0,3.0,474.0,4005.06,341.68449273,42,0.0031946087610600538
2019-01-09 02:00:00,0.0,2.0,11.0,4000.59,314.0254299,42,0.00361335900583357
2019-01-09 03:00:00,0.0840996704387505,0.0,0.0,3999.0,226.29507826,42,0.002609716671394994
2019-01-09 04:00:00,0.168199340877501,4.0,934.0,3994.9,234.97929065,42,0.0033657684830713185
2019-01-09 05:00:00,0.0,2.0,70.0,3987.14,555.4383986,42,0.00987686932988866
2019-01-09 06:00:00,0.0,1.0,7.0,4017.86,414.69497633,42,0.00740516764172463
2019-01-09 07:00:00,0.0,0.0,0.0,4013.87,370.9700923,42,0.003623514738023158
2019-01-09 08:00:00,0.0,1.0,49.0,4018.84,165.43737736,42,0.0023228107739364737
2019-01-09 09:00:00,1.8045824643245585,2.0,475.0,4028.75,101.18294099,42,0.003281523159715117
2019-01-09 10:00:00,0.0,4.0,355.0,4021.62,96.30980791,42,0.0025369964803499006
2019-01-09 11:00:00,0.4506084336740463,4.0,1027.0,4018.02,219.13368162,42,0.0020616269223631975
2019-01-09 12:00:00,0.0,1.0,6.0,4019.33,341.53083961,42,0.0029736375781776055
2019-01-09 13:00:00,0.0,1.0,197.0,4015.28,189.97965769,42,0.003775264200016217
2019-01-09 14:00:00,0.0,3.0,250.0,4015.53,491.60091386,42,0.004346496250510176
2019-01-09 15:00:00,1.2206924371806325,5.0,1006.0,4015.0,292.35372931,42,0.0032667113879917393
2019-01-09 16:00:00,4.769605255472054,1.0,2204.0,4025.47,585.19137691,42,0.008533107671867372
2019-01-09 17:00:00,0.0,2.0,313.0,4013.54,436.49794065,42,0.009296745964239218
2019-01-09 18:00:00,0.0,5.0,1964.0,4007.29,409.8870558,42,0.0040984678629616645
2019-01-09 19:00:00,0.0,3.0,148.0,3991.53,501.67927569,42,0.00603139653754717
2019-01-09 20:00:00,0.0,2.0,339.0,3993.42,504.49611934,42,0.004057702192706492
2019-01-09 21:00:00,0.8108941710026458,2.0,20.0,3999.08,373.10226235,42,0.0031307744583583506
2019-01-09 22:00:00,0.0,1.0,262.0,4003.06,242.09638833,42,0.0019458487504126806
2019-01-09 23:00:00,0.4889239796511456,5.0,1192.0,4009.71,183.14812032,42,0.00323396271655417
2019-01-10 00:00:00,2.639219464597818,7.0,1502.0,4009.24,105.77055777,37,0.002263212093866076
2019-01-10 01:00:00,1.319609732298909,0.0,0.0,4008.77,221.56673294,37,0.0025357393676025157
2019-01-10 02:00:00,0.0,1.0,20.0,4001.26,327.28216227,37,0.0061057727306690355
2019-01-10 03:00:00,0.0,3.0,556.0,4006.67,131.25472364,37,0.0031240117090373595
2019-01-10 04:00:00,1.6165092388859188,2.0,151.0,4002.13,129.52886044,37,0.003284709743981418
2019-01-10 05:00:00,0.0,1.0,30.0,4025.0,407.11456172,37,0.0025963197578805154
2019-01-10 06:00:00,1.6490243689725392,3.0,437.0,4022.41,1101.6132489,37,0.0040267660365206695
2019-01-10 07:00:00,1.5165436589600532,3.0,1031.0,4019.25,119.88132591,37,0.0019056144485080147
2019-01-10 08:00:00,0.0,2.0,97.0,4013.44,78.68480718,37,0.001921811848129889
2019-01-10 09:00:00,0.702176610866245,2.0,185.0,4029.0,144.27328348,37,0.0023212430541313532
2019-01-10 10:00:00,0.0,4.0,454.0,4027.22,400.22758229,37,0.002944567092070513
2019-01-10 11:00:00,1.2489192929916515,4.0,1577.0,3807.14,2509.9158556,37,0.03587251754378012
2019-01-10 12:00:00,0.0,2.0,261.0,3803.42,611.29961467,37,0.005735761005476095
2019-01-10 13:00:00,-1.2081808975228516,0.0,0.0,3784.0,690.33322259,37,0.005064422036386397
2019-01-10 14:00:00,-2.4163617950457037,1.0,781.0,3775.16,554.66033369,37,0.006357034227305439
2019-01-10 15:00:00,1.4776084103376157,4.0,1756.0,3778.4,470.8935714,37,0.004886350036290927
2019-01-10 16:00:00,0.5869928971171477,5.0,907.0,3791.82,466.88291707,37,0.0045577608181527765
2019-01-10 17:00:00,-0.1374054878701036,3.0,561.0,3781.89,454.66643659,37,0.004542090043950665
2019-01-10 18:00:00,0.429728285859503,0.0,0.0,3776.0,622.76588817,37,0.0027540413615004624
2019-01-10 19:00:00,0.9968620595891098,3.0,451.0,3782.14,528.40082602,37,0.002619968511336004
2019-01-10 20:00:00,1.6503756735959154,5.0,477.0,3782.4,363.76351426,37,0.003543849354679378
2019-01-10 21:00:00,1.005782453542677,2.0,173.0,3622.94,3276.34690513,37,0.04688383098538259
2019-01-10 22:00:00,0.2681349343766168,5.0,220.0,3612.74,661.66237864,37,0.005128408393155499
2019-01-10 23:00:00,0.0,1.0,25.0,3613.98,410.89557684,37,0.004269447947236104
2019-01-11 00:00:00,-1.324060669859292,4.0,1358.0,3639.07,694.29333853,19,0.011348605971774882
2019-01-11 01:00:00,0.3596545909537216,0.0,0.0,3626.03,439.95641691,19,0.004096193730877495
2019-01-11 02:00:00,2.043369851766736,4.0,4028.0,3631.36,386.11454417,19,0.003942010620790674
2019-01-11 03:00:00,0.0,2.0,1666.0,3621.27,398.75661444,19,0.0043020620518713975
2019-01-11 04:00:00,0.0,2.0,78.0,3627.51,325.01811828,19,0.0029642736291302543
2019-01-11 05:00:00,0.0,0.0,0.0,3646.06,959.10065786,19,0.009739443009263491
2019-01-11 06:00:00,0.0,1.0,95.0,3632.77,362.54835604,19,0.005171029966540741
2019-01-11 07:00:00,2.219632755623452,2.0,54.0,3619.27,329.02899215,19,0.0031834956170810236
2019-01-11 08:00:00,1.8891255574446493,3.0,8945.0,3622.05,811.97500538,19,0.0022011676576187216
2019-01-11 09:00:00,0.0,4.0,1396.0,3610.96,409.0504321,19,0.007235827058084834
2019-01-11 10:00:00,0.0,1.0,194.0,3615.95,182.92776121,19,0.003725420074884113
2019-01-11 11:00:00,0.5562364279848032,6.0,1367.0,3627.2,391.46807855,19,0.004001285443535162
2019-01-11 12:00:00,0.2781182139924016,0.0,0.0,3643.65,437.94776814,19,0.0048288271621918545
2019-01-11 13:00:00,0.0,2.0,238.0,3649.46,931.32043781,19,0.008180515131741168
2019-01-11 14:00:00,0.345831404702377,0.0,0.0,3635.82,400.84936409,19,0.005194516825493855
2019-01-11 15:00:00,0.691662809404754,5.0,4894.0,3627.87,578.06156436,19,0.007046440525469761
2019-01-11 16:00:00,0.6309761199044803,5.0,552.0,3640.0,425.27904609,19,0.0016393747480950597
2019-01-11 17:00:00,0.6545362224748545,3.0,278.0,3638.05,557.25279075,19,0.005254149442506302
2019-01-11 18:00:00,1.8521284141222103,2.0,527.0,3615.28,210.35962605,19,0.0043581706613845025
2019-01-11 19:00:00,1.271001841897573,3.0,121.0,3642.33,726.6205523799999,19,0.006922413547881785
2019-01-11 20:00:00,4.699799837636554,1.0,1464.0,3635.3,312.45385719,19,0.003809946058059636
2019-01-11 21:00:00,1.2179123040682636,1.0,11.0,3647.22,282.30786481,19,0.005994522418006067
2019-01-11 22:00:00,0.6103399478539028,3.0,1016.0,3652.65,229.97184915,19,0.0030412939681648938
2019-01-11 23:00:00,0.0,3.0,259.0,3653.46,245.91015957,19,0.0039399603726652235
2019-01-12 00:00:00,1.211478012178106,0.0,0.0,3650.4,247.02259846,22,0.0020308963174861996
2019-01-12 01:00:00,2.422956024356212,1.0,29.0,3653.97,282.8993405,22,0.003974128449506419
2019-01-12 02:00:00,0.0,1.0,48.0,3647.35,371.65848812,22,0.01179431176052198
2019-01-12 03:00:00,0.942507762320154,2.0,1931.0,3618.36,243.77414231,22,0.007146831690239716
2019-01-12 04:00:00,0.0,3.0,125.0,3632.02,641.29290956,22,0.01646131292530063
2019-01-12 05:00:00,0.0,5.0,306.0,3633.68,334.28653863,22,0.004798522059486905
2019-01-12 06:00:00,0.0,0.0,0.0,3629.73,174.38298801,22,0.003825194684597811
2019-01-12 07:00:00,0.0,0.0,0.0,3632.83,143.42040183,22,0.0028345809690924826
2019-01-12 08:00:00,0.0,1.0,13.0,3641.72,76.54903265,22,0.0015949002481616468
2019-01-12 09:00:00,0.0,2.0,92.0,3632.82,87.65858141000001,22,0.0018431756350670877
2019-01-12 10:00:00,1.481763624375262,1.0,12.0,3631.35,51.47418944,22,0.0018717355604135771
2019-01-12 11:00:00,0.7408818121876309,0.0,0.0,3619.57,274.58489422,22,0.004909895541210693
2019-01-12 12:00:00,0.0,1.0,196.0,3625.9,61.48539966,22,0.002300857631071929
2019-01-12 13:00:00,2.110105103914132,1.0,24.0,3618.12,53.25144254,22,0.0019559981099200683
2019-01-12 14:00:00,1.918848603904348,0.0,0.0,3620.81,175.7504837,22,0.003986189023618652
2019-01-12 15:00:00,1.7275921038945643,5.0,2427.0,3613.93,55.28887451,22,0.0017829867221619876
2019-01-12 16:00:00,2.670092131128964,2.0,148.0,3617.21,101.03108049,22,0.0021388042991964383
2019-01-12 17:00:00,0.0,2.0,27.0,3624.5,500.27526474,22,0.018101584944947798
2019-01-12 18:00:00,0.0,2.0,287.0,3623.17,104.5110184,22,0.0027834913926767595
2019-01-12 19:00:00,0.6508010742002581,0.0,0.0,3626.88,107.91255987,22,0.0019016428837704319
2019-01-12 20:00:00,1.3016021484005162,2.0,44.0,3628.06,65.28674826,22,0.002624376239043265
2019-01-12 21:00:00,0.6508010742002581,0.0,0.0,3621.72,70.94446645,22,0.002446077073733239
2019-01-12 22:00:00,0.0,2.0,58.0,3628.21,187.32607233,22,0.004555026976027161
2019-01-12 23:00:00,0.0,0.0,0.0,3631.04,89.81249543,22,0.001753019459702601
2019-01-13 00:00:00,0.0,0.0,0.0,3629.11,53.99267463,21,0.0011484619674375556
2019-01-13 01:00:00,0.0,0.0,0.0,3632.35,94.3758774,21,0.002628387046294391
2019-01-13 02:00:00,0.0,2.0,55.0,3628.93,64.19698539,21,0.0028298430080599133
2019-01-13 03:00:00,0.0,1.0,50.0,3623.04,116.64117873,21,0.006504481137612462
2019-01-13 04:00:00,0.0,0.0,0.0,3617.13,139.91294542,21,0.006430081744574542
2019-01-13 05:00:00,0.0,3.0,721.0,3598.0,127.75043167,21,0.002314757991318146
2019-01-13 06:00:00,0.0,1.0,61.0,3601.43,188.8089152,21,0.003205425922176873
2019-01-13 07:00:00,0.6481516292490648,0.0,0.0,3617.56,111.03654259,21,0.0026504298540182803
2019-01-13 08:00:00,1.2963032584981296,2.0,175.0,3622.47,66.60457678,21,0.0021813393988507706
2019-01-13 09:00:00,1.9272381804067025,1.0,16.0,3623.49,114.21704266,21,0.003352663685592406
2019-01-13 10:00:00,0.0,3.0,156.0,3612.85,27.67757907,21,0.0017664918425225723
2019-01-13 11:00:00,0.0,1.0,2482.0,3613.24,26.45850899,21,0.0019492400931409688
2019-01-13 12:00:00,1.4891755254508614,4.0,535.0,3613.81,56.06073302,21,0.0011982063580164139
2019-01-13 13:00:00,1.4962768496976395,2.0,61.0,3611.57,112.41801013,21,0.0024187777122332615
2019-01-13 14:00:00,0.5872451182726526,3.0,90.0,3617.6,105.64569019,21,0.0035591685978736574
2019-01-13 15:00:00,5.039965370764017,1.0,781.0,3618.39,50.04607691,21,0.0017339455432720725
2019-01-13 16:00:00,0.858794105234392,9.0,1025.0,3617.0,52.42021859,21,0.0014061357383313138
2019-01-13 17:00:00,1.7095622612283354,2.0,47.0,3614.27,319.15191944000003,21,0.012629966156462917
2019-01-13 18:00:00,4.458121381261771,2.0,575.0,3620.73,89.79279506,21,0.001248841976282043
2019-01-13 19:00:00,0.0,1.0,467.0,3610.0,77.95887065,21,0.001674124402437601
2019-01-13 20:00:00,0.0,2.0,229.0,3611.06,76.58012712,21,0.0021956387662399237
2019-01-13 21:00:00,0.0,0.0,0.0,3507.0,1572.2370642,21,0.02065191433873619
2019-01-13 22:00:00,0.0,1.0,8.0,3519.4,343.74829839,21,0.0081603921410194
2019-01-13 23:00:00,0.7340965973168121,3.0,158.0,3504.24,604.00307786,21,0.0042047066485361075
2019-01-14 00:00:00,-1.7442864428136626,4.0,1332.0,3502.81,341.78119537000003,16,0.002637806704168369
2019-01-14 01:00:00,0.0,1.0,88.0,3496.53,516.88203071,16,0.002922063553350897
2019-01-14 02:00:00,1.741244753704735,1.0,13.0,3511.52,605.81823674,16,0.009628762528452975
2019-01-14 03:00:00,0.0,1.0,11.0,3504.0,162.51054473,16,0.002888069354855824
2019-01-14 04:00:00,0.0,3.0,793.0,3515.95,158.91431847,16,0.0035665573663934665
2019-01-14 05:00:00,0.6462687464633114,0.0,0.0,3518.46,194.56119722,16,0.002806614774761785
2019-01-14 06:00:00,1.292537492926623,3.0,35.0,3520.29,163.69235608,16,0.002408588951366317
2019-01-14 07:00:00,1.178077327552292,0.0,0.0,3519.02,198.26715388,16,0.0016340421498280604
2019-01-14 08:00:00,1.063617162177961,3.0,192.0,3520.01,103.76221041,16,0.001175922418568906
2019-01-14 09:00:00,0.6915554924055736,0.0,0.0,3529.35,166.16582867,16,0.0022312930536960893
2019-01-14 10:00:00,0.3194938226331857,3.0,259.0,3535.74,199.76405887,16,0.0032777215369288646
2019-01-14 11:00:00,0.0,4.0,163.0,3541.69,262.45743887,16,0.00321964957646438
2019-01-14 12:00:00,3.039350774858193,1.0,73.0,3538.13,219.50144658,16,0.003261221340056467
2019-01-14 13:00:00,0.0,2.0,49.0,3534.73,131.50056112,16,0.0026047133072052875
2019-01-14 14:00:00,0.3953625543923578,3.0,934.0,3537.98,231.88320614,16,0.003051715432841015
2019-01-14 15:00:00,0.0,1.0,7.0,3532.16,668.95825517,16,0.012263696254412332
2019-01-14 16:00:00,1.9106957906695567,29.0,7313.0,3528.26,241.99578176,16,0.0031672414231654266
2019-01-14 17:00:00,0.0,1.0,64.0,3542.29,267.29758039,16,0.003652764512356047
2019-01-14 18:00:00,0.6457434077133106,3.0,1351.0,3534.54,229.86808938,16,0.003255937242706825
2019-01-14 19:00:00,2.2003109171394915,4.0,332.0,3539.23,601.29628216,16,0.005982963789164617
2019-01-14 20:00:00,0.5957739782024882,6.0,385.0,3667.48,1443.48431277,16,0.020044736340966547
2019-01-14 21:00:00,0.0,1.0,723.0,3660.0,851.0173671,16,0.009140899469831723
2019-01-14 22:00:00,0.0,0.0,0.0,3670.71,385.45719159,16,0.002552814788131008
2019-01-14 23:00:00,0.0,1.0,15.0,3676.34,668.42655687,16,0.004971895532725637
2019-01-15 00:00:00,0.7107793115782993,0.0,0.0,3683.82,339.21857801,27,0.0030054862907874544
2019-01-15 01:00:00,1.4215586231565986,1.0,12.0,3672.09,871.57221487,27,0.009802779528523813
2019-01-15 02:00:00,0.4865166564957273,5.0,238.0,3663.0,731.31863977,27,0.006253522025972488
2019-01-15 03:00:00,0.0,3.0,486.0,3659.78,477.41170148,27,0.010009226627994703
2019-01-15 04:00:00,1.0135611979591,1.0,5.0,3664.28,277.11271249,27,0.0043893810312062315
2019-01-15 05:00:00,-0.1752234265570001,3.0,531.0,3673.07,145.43234287,27,0.002864766865793115
2019-01-15 06:00:00,-0.8537582519580101,4.0,547.0,3671.86,192.63751443,27,0.003525365599995961
2019-01-15 07:00:00,2.520068137425658,1.0,106.0,3667.61,115.71436233,27,0.0022762478169108986
2019-01-15 08:00:00,1.260034068712829,0.0,0.0,3668.03,129.25191802,27,0.0026814214406465837
2019-01-15 09:00:00,0.0,1.0,268.0,3670.74,133.69174605,27,0.0019429433768350234
2019-01-15 10:00:00,0.470762827806541,3.0,391.0,3663.72,83.51575912,27,0.0020167627527567142
2019-01-15 11:00:00,0.0,1.0,4.0,3655.18,251.75356161,27,0.001412623710830344
2019-01-15 12:00:00,4.289659174192422,1.0,3873.0,3667.96,122.35711203,27,0.0012087116630396621
2019-01-15 13:00:00,0.0,3.0,372.0,3666.01,361.82408821,27,0.0024558596734268814
2019-01-15 14:00:00,0.0,1.0,127.0,3642.17,490.05683124,27,0.007442926088639939
2019-01-15 15:00:00,1.6420898628412373,2.0,342.0,3647.16,304.57552063,27,0.0037367710780522724
2019-01-15 16:00:00,4.353798502613296,2.0,1185.0,3648.06,317.55434799,27,0.0015126105072678763
2019-01-15 17:00:00,0.0,2.0,214.0,3638.79,323.64656335,27,0.004241543461873366
2019-01-15 18:00:00,3.118899308518025,2.0,290.0,3660.03,195.57552699,27,0.005127711737191036
2019-01-15 19:00:00,1.708798553747164,2.0,889.0,3657.99,222.02897398,27,0.001915045462075816
2019-01-15 20:00:00,0.0,2.0,744.0,3632.47,758.36450961,27,0.010765124971843532
2019-01-15 21:00:00,1.6774056177478074,2.0,97.0,3633.03,295.83997911,27,0.004780111177051436
2019-01-15 22:00:00,0.0,2.0,738.0,3632.84,178.66037316,27,0.0026906939192728793
2019-01-15 23:00:00,-1.1451430632083257,1.0,4.0,3632.65,387.18185701,27,0.0028998235222251058
2019-01-16 00:00:00,-0.3243837365657452,0.0,0.0,3633.07,571.16830332,24,0.0037377208065562414
2019-01-16 01:00:00,0.496375590076835,3.0,31.0,3557.18,1731.71045669,24,0.01592602729817596
2019-01-16 02:00:00,2.0139861049519774,2.0,186.0,3568.34,240.63733279,24,0.0036253602192366854
2019-01-16 03:00:00,0.0,4.0,683.0,3575.75,238.66557446,24,0.002765855767719094
2019-01-16 04:00:00,0.9344721309566134,3.0,219.0,3576.93,267.9728227,24,0.0036679931210624414
2019-01-16 05:00:00,0.0,1.0,15.0,3582.56,292.28253453,24,0.002858529975876034
2019-01-16 06:00:00,1.9140700521028935,1.0,12.0,3585.98,286.70474143,24,0.0027244848760259654
2019-01-16 07:00:00,1.7961461571960082,0.0,0.0,3587.29,165.34357629,24,0.0023068017810836455
2019-01-16 08:00:00,1.6782222622891227,2.0,798.0,3596.13,119.00987901,24,0.0025727656302369653
2019-01-16 09:00:00,1.306829078050232,2.0,67.0,3599.89,211.76587267,24,0.0028073077863262027
2019-01-16 10:00:00,0.5090333302223916,57.0,1780.0,3602.17,98.48444971,24,0.0027857778682731428
2019-01-16 11:00:00,0.3664907650892294,76.0,2131.0,3593.0,231.96860616,24,0.003356113506588397
2019-01-16 12:00:00,0.5857546330300579,81.0,9189.0,3578.6,383.41761842,24,0.0035111951705071543
2019-01-16 13:00:00,0.6081064261578957,84.0,6833.0,3610.16,377.85546782,24,0.009137531580115278
2019-01-16 14:00:00,0.4549057257379071,84.0,3785.0,3608.19,660.89907848,24,0.005146717802469807
2019-01-16 15:00:00,0.7436614253858698,79.0,10392.0,3614.14,415.27789253,24,0.0034571473613847297
2019-01-16 16:00:00,0.5672428062850817,79.0,3897.0,3616.05,315.78588729,24,0.002759705150427493
2019-01-16 17:00:00,0.5081529812423277,68.0,3194.0,3634.31,433.78891907,24,0.009816327172889964
2019-01-16 18:00:00,0.5014987334390956,74.0,3738.0,3617.36,185.07061876,24,0.008358995768572113
2019-01-16 19:00:00,0.4450614284483815,78.0,3457.0,3621.74,144.5164923,24,0.003381124691602555
2019-01-16 20:00:00,0.4791299295285217,84.0,12558.0,3615.66,469.30932877,24,0.007527794182357322
2019-01-16 21:00:00,0.5031655845053206,71.0,4538.0,3603.97,430.74735173,24,0.0075532909303181
2019-01-16 22:00:00,0.847727803354328,68.0,3818.0,3608.58,192.22975157,24,0.0019213999922458567
2019-01-16 23:00:00,0.3000532682579101,56.0,4044.0,3608.07,298.50702261,24,0.006765786350482726
2019-01-17 00:00:00,0.3944412066369892,60.0,3566.0,3595.43,775.84057383,28,0.006126237316849093
2019-01-17 01:00:00,0.2374261828712588,45.0,2867.0,3591.43,443.00741529,28,0.0044219557632382825
2019-01-17 02:00:00,0.4701099402518948,55.0,2597.0,3604.22,299.67739919,28,0.007468070420719191
2019-01-17 03:00:00,0.3412164206858615,49.0,1069.0,3596.97,229.4376105,28,0.0017933277934571992
2019-01-17 04:00:00,0.4992969971881495,52.0,2152.0,3605.91,214.13797575,28,0.003719458221242041
2019-01-17 05:00:00,0.5378546925157668,37.0,3885.0,3601.43,182.75649337,28,0.0033705186976196724
2019-01-17 06:00:00,0.5497152974158455,56.0,1887.0,3607.29,156.74909429,28,0.003412960252864746
2019-01-17 07:00:00,0.3242777284965214,64.0,1746.0,3568.78,347.53508173,28,0.006170511999562625
2019-01-17 08:00:00,0.5074468866612777,44.0,2358.0,3583.43,332.62464104000003,28,0.002966883244213552
2019-01-17 09:00:00,0.5133076285779086,74.0,2995.0,3587.81,98.76608767,28,0.0032635040913468736
2019-01-17 10:00:00,0.2403768431586477,73.0,3829.0,3582.7,78.14681336,28,0.0019252872851107123
2019-01-17 11:00:00,0.4146831836866011,66.0,4363.0,3587.0,608.39041116,28,0.004103576284014333
2019-01-17 12:00:00,0.7330828679699827,86.0,4828.0,3595.4,265.89164001,28,0.002437056625670142
2019-01-17 13:00:00,0.6102081794173223,71.0,4263.0,3593.41,229.2031342,28,0.0027910398878781334
2019-01-17 14:00:00,0.642158608495091,101.0,10701.0,3584.22,349.56129928,28,0.00254262204025588
2019-01-17 15:00:00,0.4694995002312628,114.0,11688.0,3589.34,670.63644421,28,0.014308910317695725
2019-01-17 16:00:00,0.6303139612223414,79.0,5040.0,3597.56,437.76732992,28,0.002845515685964845
2019-01-17 17:00:00,0.3607680993665897,82.0,4687.0,3586.81,178.56352536,28,0.003683071704709381
2019-01-17 18:00:00,0.5919370862944736,60.0,2294.0,3583.24,220.55845865,28,0.002211623671382794
2019-01-17 19:00:00,0.2565279391490337,61.0,3162.0,3592.17,368.58896531,28,0.004129188813087793
2019-01-17 20:00:00,0.5149032291232246,73.0,3033.0,3615.17,486.90590123,28,0.006043214889969264
2019-01-17 21:00:00,0.5245458575763166,64.0,4158.0,3604.03,408.65590391,28,0.010729952225925436
2019-01-17 22:00:00,0.3019681494982233,44.0,2377.0,3618.23,205.08180725,28,0.005143716078556712
2019-01-17 23:00:00,0.5982575135619937,67.0,4260.0,3632.54,406.95978742,28,0.005104077382308753
2019-01-18 00:00:00,0.6653490988049134,60.0,3429.0,3627.13,164.87580543,29,0.002742220870460914
2019-01-18 01:00:00,0.580889169510362,44.0,2734.0,3628.19,401.45627621,29,0.0026037405832083833
2019-01-18 02:00:00,0.508628976993363,47.0,1534.0,3623.63,265.65776183,29,0.008036801551783513
2019-01-18 03:00:00,0.6198984498360051,37.0,3438.0,3631.9,339.13247532,29,0.0043626979416314885
2019-01-18 04:00:00,0.2525019648384558,34.0,1792.0,3638.01,295.06039155,29,0.004342222605374056
2019-01-18 05:00:00,0.694744089895649,40.0,1725.0,3631.52,79.87979616,29,0.004142271670584924
2019-01-18 06:00:00,0.4181749218987759,47.0,2391.0,3626.13,74.64289558,29,0.0033077432792062316
2019-01-18 07:00:00,0.754990124482779,37.0,1761.0,3628.97,79.22084098,29,0.0015645753571254324
2019-01-18 08:00:00,0.3144703270008367,47.0,1844.0,3622.46,73.11929657,29,0.0013991203876419528
2019-01-18 09:00:00,0.6111959699477498,49.0,3406.0,3615.5,168.96627673,29,0.0030269340094174913
2019-01-18 10:00:00,0.4660819688914924,53.0,2086.0,3617.97,91.43681226,29,0.0013128306889311223
2019-01-18 11:00:00,0.2612655109293395,54.0,1713.0,3627.9,224.97910356,29,0.0028786941515589934
2019-01-18 12:00:00,0.5740183180151682,75.0,3112.0,3625.86,483.02488953,29,0.0032467613248823397
2019-01-18 13:00:00,0.6183283433053951,67.0,7748.0,3626.36,96.78622116,29,0.0019214584802854835
2019-01-18 14:00:00,0.7291640738322892,69.0,2570.0,3628.6,124.61993135,29,0.0013143831511179217
2019-01-18 15:00:00,0.6111758633849401,90.0,4760.0,3609.68,318.93360056,29,0.005793916586603713
2019-01-18 16:00:00,0.4266612207300818,80.0,3915.0,3613.73,149.41091356,29,0.0031127400484791978
2019-01-18 17:00:00,0.3600118905776243,70.0,3914.0,3601.24,279.75092344,29,0.005688311639631164
2019-01-18 18:00:00,0.3738588288451429,49.0,3917.0,3605.63,322.22537583,29,0.002311594520722924
2019-01-18 19:00:00,0.3192630444926146,71.0,4929.0,3603.99,208.44386287,29,0.0024680598235228284
2019-01-18 20:00:00,0.489014825527205,63.0,2893.0,3623.66,380.40752457,29,0.0034391531780123305
2019-01-18 21:00:00,0.5617623308647243,49.0,2739.0,3608.69,339.84722943,29,0.0044126145883352326
2019-01-18 22:00:00,0.1644023241038439,50.0,1926.0,3594.72,333.05558643,29,0.005210037303308781
2019-01-18 23:00:00,0.7297740762275339,53.0,2595.0,3600.0,212.25553611,29,0.0021888557892129393
2019-01-19 00:00:00,0.4109201346140185,50.0,2060.0,3599.17,395.04159278,31,0.0049149063543298495
2019-01-19 01:00:00,0.7298127592353184,47.0,1989.0,3605.62,215.6589642,31,0.002663763488273536
2019-01-19 02:00:00,-0.0483663034543376,24.0,899.0,3611.45,64.13967054,31,0.0019153872468952306
2019-01-19 03:00:00,0.266554153836034,32.0,1072.0,3606.26,188.08183499,31,0.004600786291113982
2019-01-19 04:00:00,0.4406189663383916,30.0,1019.0,3609.21,119.58161161,31,0.002613818049964657
2019-01-19 05:00:00,0.4354469238461985,28.0,1323.0,3609.02,131.27318771,31,0.0031683071803370894
2019-01-19 06:00:00,0.6295042378543052,35.0,1800.0,3616.96,66.67937395,31,0.000967225303098729
2019-01-19 07:00:00,0.640643987931815,33.0,545.0,3626.31,88.627303,31,0.001970894488289306
2019-01-19 08:00:00,0.8303756196172196,25.0,2647.0,3618.24,62.4999986,31,0.002255807882967169
2019-01-19 09:00:00,0.2959366160512237,82.0,3394.0,3622.75,43.69254575,31,0.0009908225785798044
2019-01-19 10:00:00,0.3166957939771078,43.0,2359.0,3619.02,59.41860799,31,0.003702459775677078
2019-01-19 11:00:00,0.1640535079107441,52.0,3359.0,3615.6,41.84382006,31,0.001937447809949236
2019-01-19 12:00:00,0.5680880973172954,67.0,3481.0,3617.96,37.01600801,31,0.0008266732882512734
2019-01-19 13:00:00,0.5535857818731291,57.0,5268.0,3627.24,55.97828753,31,0.0016246521499835938
2019-01-19 14:00:00,0.3639379496307627,65.0,6575.0,3624.09,97.91616823,31,0.0018515567496802498
2019-01-19 15:00:00,0.4875736488950248,55.0,2375.0,3727.69,1374.13797706,31,0.022647166809819118
2019-01-19 16:00:00,0.358231845718402,66.0,2943.0,3718.82,267.30665524,31,0.003674942796374043
2019-01-19 17:00:00,0.3458281309002263,65.0,4379.0,3720.0,273.17916391,31,0.0021183594424671916
2019-01-19 18:00:00,0.7641575853231708,42.0,5636.0,3711.09,148.99889954,31,0.00214712739269567
2019-01-19 19:00:00,0.5977793853361484,65.0,2499.0,3706.84,66.87446555,31,0.001199445202144475
2019-01-19 20:00:00,0.4446436330069322,69.0,2140.0,3707.13,133.37412278,31,0.0021642159483064327
2019-01-19 21:00:00,0.4266985977133394,59.0,3893.0,3712.7,119.4768618,31,0.0016368698628636516
2019-01-19 22:00:00,0.5749113459648126,55.0,3328.0,3710.98,49.30074169,31,0.0009139204578529798
2019-01-19 23:00:00,0.4072140496029593,54.0,3670.0,3703.95,343.32289508,31,0.007448571896919272
2019-01-20 00:00:00,0.6068359724103596,35.0,1789.0,3707.42,162.81146473,35,0.0025401359070445963
2019-01-20 01:00:00,0.4967673494721325,38.0,3686.0,3701.92,171.1056355,35,0.0033409447936792423
2019-01-20 02:00:00,0.5058089869860508,47.0,2167.0,3703.12,84.60945992,35,0.0027833327911161287
2019-01-20 03:00:00,0.3412373590744015,36.0,1773.0,3695.14,63.33196623,35,0.002488793684077676
2019-01-20 04:00:00,0.5323001365608997,37.0,1325.0,3681.0,138.10785427000002,35,0.001691288493793103
2019-01-20 05:00:00,0.2600151651201092,36.0,1429.0,3687.53,222.56931327,35,0.0027715774447189265
2019-01-20 06:00:00,0.6055572591821682,22.0,1977.0,3697.2,88.55105067,35,0.002827839830740564
2019-01-20 07:00:00,0.2314056456262876,44.0,1293.0,3693.42,72.16009708,35,0.0016486159098852795
2019-01-20 08:00:00,0.3599403353154426,42.0,1273.0,3694.95,87.25888395,35,0.0019294046942076436
2019-01-20 09:00:00,0.2054521389435941,47.0,1609.0,3695.17,19.70691932,35,0.0015022989190916166
2019-01-20 10:00:00,0.0371147681606461,58.0,2224.0,3688.7,54.69543937,35,0.0009832146085717245
2019-01-20 11:00:00,-0.2163617992271074,72.0,3462.0,3687.9,64.34588525000001,35,0.001412918422315799
2019-01-20 12:00:00,0.2497523168038743,89.0,3080.0,3687.22,37.67801453,35,0.0009659478642990082
2019-01-20 13:00:00,0.5002655113162161,70.0,4027.0,3691.15,124.22046708,35,0.001486708470743196
2019-01-20 14:00:00,0.1794918963674256,68.0,3606.0,3692.13,252.12309888,35,0.003344097540322087
2019-01-20 15:00:00,0.3887715716637215,72.0,3937.0,3692.63,109.32379641,35,0.0010499525501763164
2019-01-20 16:00:00,0.4993855656839205,67.0,8083.0,3591.58,919.72179021,35,0.01531067246429115
2019-01-20 17:00:00,0.1286279305662793,76.0,3528.0,3515.72,930.6253093,35,0.022526375458866186
2019-01-20 18:00:00,0.4360606585037571,67.0,2177.0,3523.83,459.02832226,35,0.006360007678257645
2019-01-20 19:00:00,-0.0325941212021226,52.0,2642.0,3524.24,184.80813905,35,0.0027280275923034455
2019-01-20 20:00:00,0.5351983329309419,58.0,1864.0,3521.25,299.54937181,35,0.004251674487074702
2019-01-20 21:00:00,0.450497193561754,66.0,3591.0,3526.5,244.2698693,35,0.004328004262893512
2019-01-20 22:00:00,0.1003515072616191,43.0,1282.0,3517.48,166.85149946,35,0.00328192575084706
2019-01-20 23:00:00,0.4904799186353109,72.0,2119.0,3519.38,193.23989052,35,0.002613099288768729
2019-01-21 00:00:00,0.6963501551318295,38.0,2226.0,3517.68,95.35170656,30,0.0012902757589406061
2019-01-21 01:00:00,0.4414579197202918,37.0,1245.0,3532.59,248.36959479,30,0.006114175690996197
2019-01-21 02:00:00,0.6326125323864058,37.0,584.0,3540.27,200.91727191,30,0.002403596152491321
2019-01-21 03:00:00,0.3560455804799394,37.0,1806.0,3544.39,453.14368774,30,0.004418517378802417
2019-01-21 04:00:00,0.4285654826575972,31.0,1023.0,3536.72,62.5064155,30,0.0031564534201961618
2019-01-21 05:00:00,0.2623964117251126,50.0,1128.0,3538.3,118.17786824,30,0.002802371475221807
2019-01-21 06:00:00,0.3221296157384195,58.0,3072.0,3538.0,99.52594482,30,0.0021023208139830884
2019-01-21 07:00:00,0.5500876251983289,56.0,3247.0,3537.22,75.48936798,30,0.0016839750877140568
2019-01-21 08:00:00,0.1698987517068525,56.0,2880.0,3537.75,154.39011116,30,0.004801945543794389
2019-01-21 09:00:00,0.5332201028042043,51.0,1902.0,3530.5,330.1495231,30,0.005899218911172424
2019-01-21 10:00:00,0.378420413596614,70.0,5058.0,3532.55,98.61566772,30,0.002740010997058805
2019-01-21 11:00:00,0.3235304857934561,55.0,3210.0,3533.6,114.11168553,30,0.002250292776448087
2019-01-21 12:00:00,0.3791377063521163,51.0,2227.0,3530.81,131.1203861,30,0.00210187213629179
2019-01-21 13:00:00,0.6367840089800104,58.0,4051.0,3526.5,126.88323065,30,0.0032100150937059216
2019-01-21 14:00:00,0.5440662848080937,80.0,4058.0,3525.2,165.91803145,30,0.0037091978547454407
2019-01-21 15:00:00,0.4766367013196295,90.0,3193.0,3538.27,297.61204553,30,0.007275793143086305
2019-01-21 16:00:00,0.4308170616984904,91.0,3496.0,3548.46,630.1840777,30,0.0047125162645206995
2019-01-21 17:00:00,0.4776725133053388,76.0,25101.0,3545.48,296.36002303,30,0.0025160124910230722
2019-01-21 18:00:00,0.6380598098399416,64.0,4088.0,3543.0,195.25508422,30,0.007142026975922637
2019-01-21 19:00:00,0.6349314142039792,51.0,2063.0,3535.53,382.12617451,30,0.0031514722422145247
2019-01-21 20:00:00,0.7076034186493726,71.0,3774.0,3538.63,311.98687659,30,0.0031812320419856537
2019-01-21 21:00:00,0.4986988790072321,65.0,2756.0,3545.01,230.21935224,30,0.0020962859433971883
2019-01-21 22:00:00,0.3700371793479071,68.0,2053.0,3546.84,316.07584465,30,0.0021608679584094715
2019-01-21 23:00:00,0.4769577259881446,49.0,4726.0,3542.2,480.63496762,30,0.0033109470693648375
2019-01-22 00:00:00,0.6449338839361952,52.0,2447.0,3537.34,185.59861304,27,0.0025085024785305816
2019-01-22 01:00:00,0.7115777328310573,42.0,1536.0,3538.2,226.89998839000003,27,0.0020427708117464823
2019-01-22 02:00:00,0.7731938947225783,38.0,2953.0,3522.21,175.85242742,27,0.004030220620161551
2019-01-22 03:00:00,0.3175949381046598,37.0,1895.0,3529.99,543.99100487,27,0.010846546192179183
2019-01-22 04:00:00,0.381000975178993,41.0,1792.0,3531.51,134.72153481,27,0.0029441654667990806
2019-01-22 05:00:00,0.4174166469087252,33.0,2202.0,3539.2,75.76578997,27,0.0022467878928856323
2019-01-22 06:00:00,0.5221206648375825,44.0,2595.0,3537.86,136.0318523,27,0.0021140975642410824
2019-01-22 07:00:00,0.4721669454091151,41.0,2777.0,3533.74,121.45437323,27,0.005303857860393804
2019-01-22 08:00:00,0.7554520141888504,63.0,6009.0,3535.1,114.91489779,27,0.0019363495985933376
2019-01-22 09:00:00,0.4465153669634644,53.0,3091.0,3529.05,121.20432819,27,0.002770093665878662
2019-01-22 10:00:00,0.4598984083261407,71.0,3694.0,3529.29,116.37621877,27,0.002090635894733471
2019-01-22 11:00:00,0.5460772809412031,101.0,5514.0,3520.82,79.42492013,27,0.002405128994881788
2019-01-22 12:00:00,0.6074376659174906,74.0,6859.0,3522.65,162.39927006,27,0.002498877232964551
2019-01-22 13:00:00,0.5289442521230246,74.0,4424.0,3534.05,138.35482642,27,0.002100680639673708
2019-01-22 14:00:00,0.3619134134277088,85.0,3238.0,3513.94,374.9175061,27,0.002693933289900172
2019-01-22 15:00:00,0.6113714429307627,113.0,6184.0,3517.48,184.9857528,27,0.005697841248261736
2019-01-22 16:00:00,0.3936969645133574,83.0,3209.0,3543.58,1088.89449382,27,0.02891741654643596
2019-01-22 17:00:00,0.3918800200780415,101.0,4677.0,3557.86,1009.88295868,27,0.013040612523560965
2019-01-22 18:00:00,0.3697172995850139,89.0,4189.0,3552.36,216.66928554,27,0.0037961488541903288
2019-01-22 19:00:00,0.4975386117520915,73.0,2380.0,3564.46,506.78545528,27,0.006335772194206929
2019-01-22 20:00:00,0.7929651187470801,81.0,3084.0,3582.64,235.30691191,27,0.006378705363271087
2019-01-22 21:00:00,0.7533730591644802,59.0,2406.0,3577.63,489.88482432,27,0.004332301578706927
2019-01-22 22:00:00,0.8643630031708114,42.0,2064.0,3591.06,320.45384911,27,0.003468234245058854
2019-01-22 23:00:00,0.2924728166308506,60.0,2813.0,3590.67,231.67688151,27,0.0032147622163731333
2019-01-23 00:00:00,0.4721076054207261,51.0,2555.0,3579.28,609.71724074,33,0.008238689481790188
2019-01-23 01:00:00,0.7596560985099909,43.0,1752.0,3585.51,132.425478,33,0.0023245664686405813
2019-01-23 02:00:00,0.5639753962236831,38.0,1133.0,3574.26,110.83179961,33,0.002889592809130652
2019-01-23 03:00:00,0.6218869022345812,59.0,2094.0,3580.0,122.1783165,33,0.0026678389626448714
2019-01-23 04:00:00,0.3654693644261571,58.0,2201.0,3576.81,176.52644472,33,0.0019014403877335652
2019-01-23 05:00:00,0.3567680123365867,46.0,1446.0,3582.13,127.53726337,33,0.0023499437598140218
2019-01-23 06:00:00,0.6195150813768386,51.0,2238.0,3581.68,75.70080094,33,0.0018481067590736789
2019-01-23 07:00:00,0.2855211682413591,63.0,2008.0,3592.67,237.28225019,33,0.0020349450956587446
2019-01-23 08:00:00,0.411347794635857,43.0,2346.0,3580.32,105.35876392,33,0.0018486040302552052
2019-01-23 09:00:00,0.4926263283855867,47.0,3715.0,3573.37,178.89652929,33,0.004782196661774511
2019-01-23 10:00:00,0.4296203663277879,60.0,4098.0,3579.49,93.71783663,33,0.002164124583095021
2019-01-23 11:00:00,0.4890586832163475,79.0,4004.0,3578.93,131.07732092,33,0.0018402427538176142
2019-01-23 12:00:00,0.5787724814478427,63.0,3791.0,3566.41,183.31285304,33,0.002640387715681733
2019-01-23 13:00:00,0.5082833842664831,84.0,6225.0,3568.0,294.51799099,33,0.003636246871810412
2019-01-23 14:00:00,0.667152579730181,102.0,4918.0,3559.71,149.65331284,33,0.002435876282804954
2019-01-23 15:00:00,0.5869403992021588,94.0,6604.0,3571.95,365.68211753,33,0.00433529531057798
2019-01-23 16:00:00,0.3959887005938773,80.0,5089.0,3580.0,152.20448658,33,0.002730646934613429
2019-01-23 17:00:00,0.3567611952485785,83.0,4952.0,3568.9,96.18644699,33,0.0010099437463056997
2019-01-23 18:00:00,0.4057799602480151,122.0,6557.0,3594.78,262.56418156,33,0.002530853107903609
2019-01-23 19:00:00,0.3746930813117708,131.0,11521.0,3568.75,659.34682202,33,0.014447457411142678
2019-01-23 20:00:00,0.4705025339770868,84.0,4656.0,3552.62,252.69500798,33,0.003837894077595053
2019-01-23 21:00:00,0.6007822615688678,69.0,6085.0,3572.43,233.7251991,33,0.0027850653670925757
2019-01-23 22:00:00,0.3702899963490312,53.0,1809.0,3572.22,314.97211178,33,0.002492145381731951
2019-01-23 23:00:00,0.3977633993735693,68.0,4338.0,3580.0,244.54435719,33,0.00341126123640332
2019-01-24 00:00:00,0.2079826551290727,47.0,2078.0,3535.0,785.34309205,37,0.0046204196034901725
2019-01-24 01:00:00,0.4020453533152488,39.0,1587.0,3535.79,716.99318651,37,0.0072534904874468455
2019-01-24 02:00:00,0.4215405623359988,47.0,1665.0,3543.7,202.42757603,37,0.002850552000347694
2019-01-24 03:00:00,-0.0917039691889774,34.0,2085.0,3553.46,161.48632311,37,0.0028514495356081753
2019-01-24 04:00:00,0.4060197690848056,48.0,3997.0,3552.32,145.61684168,37,0.002291932216905554
2019-01-24 05:00:00,0.4387092973954841,32.0,1772.0,3556.97,70.16388078,37,0.0022093553549498617
2019-01-24 06:00:00,0.3826362742471624,51.0,4034.0,3540.9,221.62918865,37,0.004474078145759425
2019-01-24 07:00:00,0.2717169805750624,49.0,1593.0,3544.24,168.06792755,37,0.0023867401513849957
2019-01-24 08:00:00,0.6382029145194733,50.0,2342.0,3532.72,136.6065414,37,0.0031866293248814914
2019-01-24 09:00:00,0.2701284687416579,52.0,1797.0,3538.18,45.50336725,37,0.002588029016099761
2019-01-24 10:00:00,0.701909106566367,64.0,4050.0,3530.19,469.40658114,37,0.00306315044913099
2019-01-24 11:00:00,0.51312581798837,56.0,1823.0,3533.0,68.26614421,37,0.0019950811680707887
2019-01-24 12:00:00,0.3655625607760689,59.0,3705.0,3544.22,151.34097518,37,0.0031917623444960613
2019-01-24 13:00:00,0.6161662500016893,80.0,3392.0,3543.02,107.87394385,37,0.001651949777760358
2019-01-24 14:00:00,0.6389173224134191,71.0,4561.0,3544.59,106.17102646,37,0.0021968202225608724
2019-01-24 15:00:00,0.1598111701676612,77.0,3537.0,3541.27,153.43034774,37,0.002210275646818083
2019-01-24 16:00:00,0.6371991437895325,69.0,2515.0,3559.09,328.83662496,37,0.007513912963378677
2019-01-24 17:00:00,0.5958415163924787,71.0,3253.0,3568.57,191.75352372,37,0.004636713932485621
2019-01-24 18:00:00,0.7121725566275698,65.0,4447.0,3562.74,348.80368001,37,0.0039640683279211705
2019-01-24 19:00:00,0.5042287192820704,64.0,2286.0,3563.28,179.6036896,37,0.0036950075188599816
2019-01-24 20:00:00,0.3739283746661976,85.0,7757.0,3557.0,321.23324079,37,0.0038517552549813612
2019-01-24 21:00:00,0.6830843717193478,71.0,4341.0,3558.32,239.65487722,37,0.002063303409556124
2019-01-24 22:00:00,0.4611064525760994,56.0,3272.0,3557.03,126.47021817,37,0.002197468424446942
2019-01-24 23:00:00,0.6410894654483782,60.0,2491.0,3560.82,148.67724991,37,0.0013326278938621322
2019-01-25 00:00:00,0.4352665369875755,62.0,2494.0,3577.37,417.1312151,35,0.006681402426964483
2019-01-25 01:00:00,0.5460350587403927,54.0,2074.0,3570.73,182.44813883,35,0.005227480447963066
2019-01-25 02:00:00,0.6409082153686692,50.0,4555.0,3570.1,70.14641395,35,0.0015853495694512587
2019-01-25 03:00:00,0.6877739451188758,36.0,2167.0,3566.18,140.24433351,35,0.002634645140224949
2019-01-25 04:00:00,0.3240000240278738,40.0,3180.0,3570.73,94.55150803,35,0.00328418807096979
2019-01-25 05:00:00,0.5152145935442166,32.0,4983.0,3567.49,73.25097289,35,0.001424836062920098
2019-01-25 06:00:00,0.5392785245278195,36.0,3068.0,3576.55,43.26416825,35,0.002117523107050044
2019-01-25 07:00:00,0.5453863253162122,51.0,2370.0,3570.27,216.47240071,35,0.00227065116845272
2019-01-25 08:00:00,0.3069611133977889,41.0,2197.0,3569.72,83.26142186,35,0.002269198738896101
2019-01-25 09:00:00,0.9148177984513746,40.0,1494.0,3572.15,56.04698197,35,0.001173523365095442
2019-01-25 10:00:00,0.1912557940185361,56.0,2272.0,3564.42,201.5044179,35,0.004986123781514549
2019-01-25 11:00:00,0.2931153754298796,58.0,4759.0,3562.97,126.20967417,35,0.0025648175560223432
2019-01-25 12:00:00,0.9074903598543864,69.0,4416.0,3565.38,194.28964716,35,0.0023845858167418563
2019-01-25 13:00:00,0.5229851699044759,86.0,3113.0,3545.97,460.55530231,35,0.011035322333177375
2019-01-25 14:00:00,0.3475101442329942,82.0,4638.0,3551.12,161.3321955,35,0.004119202061622853
2019-01-25 15:00:00,0.4819578757155207,83.0,6460.0,3542.15,289.17790609,35,0.002990420311653401
2019-01-25 16:00:00,0.5144944058241904,71.0,2890.0,3534.39,745.04587936,35,0.008227535171811398
2019-01-25 17:00:00,0.6005190812202862,69.0,4253.0,3544.0,308.59027867,35,0.002913132312615621
2019-01-25 18:00:00,0.434072757508254,67.0,4917.0,3544.83,91.05216232,35,0.0031381378955139716
2019-01-25 19:00:00,0.6358315918160652,69.0,3312.0,3556.7,245.44634059,35,0.0025816230390439364
2019-01-25 20:00:00,0.708431907730905,62.0,4155.0,3567.35,379.08139236,35,0.0028109502481548786
2019-01-25 21:00:00,0.7162229589815877,44.0,2448.0,3551.02,255.24695498,35,0.004212507440512072
2019-01-25 22:00:00,0.5311188246469034,42.0,1244.0,3556.51,140.35250747,35,0.0016963287215357474
2019-01-25 23:00:00,0.6339472616675662,45.0,2537.0,3543.24,254.17859388,35,0.0030708229911833255
2019-01-26 00:00:00,0.2875204575836676,35.0,2948.0,3546.56,117.53282365,41,0.0015363511935411606
2019-01-26 01:00:00,0.3604878259995213,42.0,1282.0,3552.56,164.61170376,41,0.0027951198745677823
2019-01-26 02:00:00,0.8101840202453596,36.0,1973.0,3558.9,152.20567513,41,0.0029358792971131056
2019-01-26 03:00:00,0.5917411322070979,38.0,1635.0,3561.11,94.98114494,41,0.0026674518906674664
2019-01-26 04:00:00,0.2538250060553006,34.0,1872.0,3560.0,108.10457707,41,0.0010626825203405832
2019-01-26 05:00:00,0.6848974133238791,32.0,1515.0,3560.65,67.21538139,41,0.0019147850523551838
2019-01-26 06:00:00,0.4986262888026484,34.0,1385.0,3559.8,53.19040029,41,0.0013540900090705256
2019-01-26 07:00:00,0.3927566043141895,56.0,1940.0,3568.96,144.52141738,41,0.0030751605143091265
2019-01-26 08:00:00,0.2682991883110993,31.0,949.0,3568.87,151.19944654,41,0.0029481299369899954
2019-01-26 09:00:00,0.2377490114870559,41.0,1027.0,3563.33,51.04988994,41,0.0014687152823411452
2019-01-26 10:00:00,0.3354871427269458,61.0,2162.0,3565.83,42.70894589,41,0.0011476282052510127
2019-01-26 11:00:00,0.4229178146422807,48.0,1993.0,3572.5,116.28983382,41,0.0032087176453524722
2019-01-26 12:00:00,0.380717651597889,41.0,5537.0,3620.31,664.056036,41,0.01649191905750084
2019-01-26 13:00:00,0.433138850182988,55.0,2341.0,3602.36,277.1575423,41,0.004006223757314504
2019-01-26 14:00:00,0.3580965895692825,73.0,3529.0,3596.78,84.7995267,41,0.0030484721447896837
2019-01-26 15:00:00,0.4338289670737627,67.0,5016.0,3592.35,69.28608463,41,0.001876356816512336
2019-01-26 16:00:00,0.2818106750765074,59.0,3594.0,3584.96,62.07038476,41,0.0017102445155653407
2019-01-26 17:00:00,0.7056697288521623,61.0,5752.0,3579.41,75.16215299,41,0.002823388825273832
2019-01-26 18:00:00,0.5300856511813151,53.0,3135.0,3580.0,76.28243303,41,0.001948312327504095
2019-01-26 19:00:00,0.5113814176159619,64.0,4301.0,3581.05,61.61698078,41,0.0017146519361752885
2019-01-26 20:00:00,0.6460470848450792,59.0,2454.0,3550.27,224.24350398,41,0.007121548778648539
2019-01-26 21:00:00,0.3682860865765901,44.0,1905.0,3551.23,111.94509714,41,0.0027851982867798035
2019-01-26 22:00:00,0.724318396146185,66.0,3409.0,3558.6,61.28407303,41,0.0016477072930278429
2019-01-26 23:00:00,0.5688091685534817,51.0,2291.0,3560.56,52.00627867,41,0.0015669839288483286
2019-01-27 00:00:00,0.6902772945069187,32.0,1165.0,3559.48,28.20469145,39,0.0015235821624903479
2019-01-27 01:00:00,0.4694103952762736,25.0,1380.0,3555.19,42.33798017,39,0.0018405023434470732
2019-01-27 02:00:00,0.876966995614442,39.0,2335.0,3556.48,45.45625936,39,0.0008836674087148241
2019-01-27 03:00:00,1.0194412661195005,29.0,1484.0,3563.41,76.62704638000001,39,0.002125820020081082
2019-01-27 04:00:00,0.3842245970634214,31.0,2179.0,3555.56,59.17249273,39,0.001795453416692986
2019-01-27 05:00:00,0.7371764283850097,32.0,3146.0,3556.1,449.61106516,39,0.009039746960298934
2019-01-27 06:00:00,0.4089283285830067,16.0,448.0,3555.88,119.00547458,39,0.0027018007215240127
2019-01-27 07:00:00,0.4988272671966438,27.0,1560.0,3561.75,46.806378200000005,39,0.0016296509640646088
2019-01-27 08:00:00,0.5755721995196371,41.0,1670.0,3560.63,61.42966525,39,0.0014535384832783747
2019-01-27 09:00:00,-0.1523650789486962,50.0,2012.0,3551.0,60.98174957,39,0.002051269093445052
2019-01-27 10:00:00,0.338460557285979,44.0,1386.0,3547.7,53.50707213,39,0.0016543964681345615
2019-01-27 11:00:00,0.2532070903539524,47.0,1752.0,3546.5,140.97792174,39,0.0020889375669626885
2019-01-27 12:00:00,0.583857696608781,45.0,2832.0,3548.68,73.13175466999999,39,0.0025758812457093404
2019-01-27 13:00:00,0.7062585097029922,63.0,3658.0,3555.89,40.19616241,39,0.00122711596181419
2019-01-27 14:00:00,0.6461583942355232,52.0,4208.0,3542.59,140.78597954,39,0.003972507085580962
2019-01-27 15:00:00,0.5211724665202945,52.0,3382.0,3530.0,223.37822967,39,0.003462028056922491
2019-01-27 16:00:00,0.2671466050915557,56.0,1308.0,3535.06,367.64293895,39,0.005521146373281263
2019-01-27 17:00:00,0.2288233524256719,78.0,3031.0,3534.17,56.63840421,39,0.0023768815925278427
2019-01-27 18:00:00,0.5846395537845988,61.0,2707.0,3533.22,176.92403923999998,39,0.0031487337594918357
2019-01-27 19:00:00,0.5515528460842045,54.0,2481.0,3536.26,640.16384175,39,0.01758678912148907
2019-01-27 20:00:00,0.6784675249059849,57.0,2118.0,3541.82,307.01166094,39,0.002226019397902097
2019-01-27 21:00:00,0.5545362873781852,50.0,5229.0,3546.81,69.56329783,39,0.0021122770835774094
2019-01-27 22:00:00,0.4447876621114105,60.0,2287.0,3551.0,305.252773,39,0.0034141642255657075
2019-01-27 23:00:00,0.8809537709224684,2.0,9.0,3545.35,71.27466228,39,0.001381906487444948
2019-01-28 00:00:00,0.6279510767065299,0.0,0.0,3549.03,62.27793647,35,0.0011926256694099922
2019-01-28 01:00:00,0.3749483824905913,2.0,42.0,3551.08,61.3908189,35,0.0009172561933317541
2019-01-28 02:00:00,0.0,1.0,491.0,3542.6,108.48983777,35,0.002027051381608766
2019-01-28 03:00:00,0.0,0.0,0.0,3541.0,89.08093046,35,0.0018518466326010675
2019-01-28 04:00:00,0.0,4.0,751.0,3533.23,127.13704618,35,0.002678143570847797
2019-01-28 05:00:00,0.0,2.0,18.0,3526.55,129.10568268,35,0.0031600757305388586
2019-01-28 06:00:00,1.6870294642899557,3.0,231.0,3499.98,447.03894983,35,0.005512160403038105
2019-01-28 07:00:00,2.1472564253418693,0.0,0.0,3497.75,420.35329024,35,0.004526812204436822
2019-01-28 08:00:00,2.607483386393783,0.0,0.0,3467.34,760.44567144,35,0.005536322269366392
2019-01-28 09:00:00,3.0677103474456966,1.0,306.0,3467.74,219.19886489,35,0.005921516777462357
2019-01-28 10:00:00,0.0,1.0,960.0,3421.44,888.7014680899999,35,0.00688607864464391
2019-01-28 11:00:00,0.9359757613079488,3.0,154.0,3431.17,1265.04555664,35,0.016645811213837874
2019-01-28 12:00:00,0.3794644548622278,4.0,239.0,3436.0,338.01446565000003,35,0.005548734097924824
2019-01-28 13:00:00,1.0583944555226747,3.0,2430.0,3412.05,891.73665722,35,0.005074040994298282
2019-01-28 14:00:00,-0.4807826230547058,0.0,0.0,3436.0,442.23116451,35,0.0027922135042984355
2019-01-28 15:00:00,-2.0199597016320863,2.0,69.0,3425.23,383.99789731,35,0.00332810487005197
2019-01-28 16:00:00,1.1230594129771203,3.0,226.0,3410.63,542.4016805,35,0.006847271043262622
2019-01-28 17:00:00,0.3968507581540486,3.0,53.0,3409.05,279.55942246,35,0.004279194120255422
2019-01-28 18:00:00,0.0,3.0,283.0,3416.92,227.99892089,35,0.0037468981424127546
2019-01-28 19:00:00,0.6351440993796201,3.0,70.0,3416.29,256.07302167,35,0.001652990497234108
2019-01-28 20:00:00,0.0,4.0,116.0,3418.15,1115.52704041,35,0.01137216781768601
2019-01-28 21:00:00,1.352582469106132,0.0,0.0,3408.66,246.52748802,35,0.004644409378174257
2019-01-28 22:00:00,2.705164938212264,4.0,1413.0,3413.56,289.74251655,35,0.0026668196425538044
2019-01-28 23:00:00,0.0,1.0,31.0,3417.37,175.80650173,35,0.0018662041707496132
2019-01-29 00:00:00,0.0,0.0,0.0,3416.8,205.75209797,21,0.002016086765802269
2019-01-29 01:00:00,0.0,0.0,0.0,3421.83,121.22826983,21,0.0020006251744400373
2019-01-29 02:00:00,0.0,3.0,97.0,3418.11,234.01452265,21,0.0028536690088374044
2019-01-29 03:00:00,0.0,1.0,14.0,3434.24,168.31186203,21,0.0025935226704068177
2019-01-29 04:00:00,0.0,2.0,204.0,3429.5,296.28789719,21,0.003090878787248683
2019-01-29 05:00:00,2.2055282378188266,3.0,250.0,3432.03,65.96928053,21,0.0019035883860782593
2019-01-29 06:00:00,0.0,2.0,136.0,3418.71,172.89481245,21,0.0028050254702353347
2019-01-29 07:00:00,1.0231878183465055,2.0,23.0,3421.85,245.53137266,21,0.0016034801335601495
2019-01-29 08:00:00,0.0,1.0,3135.0,3407.75,189.62713955,21,0.003335373044597154
2019-01-29 09:00:00,0.0,1.0,316.0,3406.67,113.36756605,21,0.0023426565789432456
2019-01-29 10:00:00,0.0,5.0,1725.0,3389.24,468.00601116,21,0.004972107239262698
2019-01-29 11:00:00,0.0,3.0,394.0,3384.96,303.47804892,21,0.00488426514948054
2019-01-29 12:00:00,0.0,1.0,235.0,3363.31,965.20972838,21,0.013356298064055257
2019-01-29 13:00:00,0.0,2.0,175.0,3373.81,278.78836866,21,0.005644079636708736
2019-01-29 14:00:00,0.8766125956969342,6.0,2272.0,3387.03,292.22703534,21,0.003746530036415469
2019-01-29 15:00:00,0.9902650448511684,4.0,149.0,3384.74,136.20327155,21,0.0024284629700778246
2019-01-29 16:00:00,0.0,2.0,372.0,3377.04,287.8278542,21,0.004024772368615769
2019-01-29 17:00:00,0.3026561601026478,2.0,175.0,3384.0,299.8747747,21,0.004019966571666181
2019-01-29 18:00:00,0.2090058053223643,0.0,0.0,3395.6,478.13552227,21,0.0045831664660850886
2019-01-29 19:00:00,0.1153554505420808,5.0,339.0,3406.46,344.66844286,21,0.00279682483022042
2019-01-29 20:00:00,0.0,2.0,1745.0,3404.3,403.79699272,21,0.003065498475962747
2019-01-29 21:00:00,2.158854808835363,2.0,1803.0,3403.33,461.92716902,21,0.0035212445034912866
2019-01-29 22:00:00,-0.9450662660408692,3.0,430.0,3397.65,397.12549697,21,0.004308871977311738
2019-01-29 23:00:00,0.929306869204516,2.0,127.0,3400.69,401.98159681,21,0.0023397992404078946
2019-01-30 00:00:00,0.0,1.0,3358.0,3407.7,280.11730504,22,0.0027646953660691105
2019-01-30 01:00:00,0.4898825400286901,0.0,0.0,3400.0,185.17771694,22,0.0038710665340597
2019-01-30 02:00:00,0.9797650800573804,2.0,72.0,3401.38,225.27948238,22,0.002502595385729086
2019-01-30 03:00:00,0.0,1.0,97.0,3397.52,170.16982531,22,0.004912833988050095
2019-01-30 04:00:00,1.4465145141458793,3.0,551.0,3390.5,117.00204819,22,0.0019406303244581642
2019-01-30 05:00:00,0.7232572570729396,0.0,0.0,3379.59,170.12318414,22,0.0037772558226132217
2019-01-30 06:00:00,0.0,1.0,186.0,3387.8,74.20657942,22,0.0022932882653153167
2019-01-30 07:00:00,1.0305598716015103,3.0,41.0,3396.12,204.30875499,22,0.0038696557435570623
2019-01-30 08:00:00,0.0,1.0,20.0,3403.36,236.17090152,22,0.0031343664512779638
2019-01-30 09:00:00,0.0,1.0,168.0,3415.81,252.93742297,22,0.00523987746766197
2019-01-30 10:00:00,1.6976528028199829,3.0,548.0,3421.36,143.52724215,22,0.004658506372736857
2019-01-30 11:00:00,0.8488264014099913,0.0,0.0,3409.67,109.88439572,22,0.002489346778603042
2019-01-30 12:00:00,0.0,1.0,3003.0,3413.71,102.51815008,22,0.00169512492226595
2019-01-30 13:00:00,0.0,1.0,262.0,3417.03,171.22482004,22,0.0021261298673976975
2019-01-30 14:00:00,0.0,4.0,506.0,3414.22,154.258637,22,0.0019056034809738706
2019-01-30 15:00:00,0.0611313301522238,0.0,0.0,3420.83,201.54537381,22,0.0031216979067845156
2019-01-30 16:00:00,0.1222626603044477,6.0,198.0,3415.1,379.35389581,22,0.004965420125163215
2019-01-30 17:00:00,0.0,1.0,27.0,3442.94,587.98734353,22,0.009390669676184639
2019-01-30 18:00:00,0.0,4.0,922.0,3440.05,286.73423399,22,0.0049972205887904705
2019-01-30 19:00:00,0.9959497171982522,6.0,527.0,3441.61,204.73379246,22,0.0024357245963998477
2019-01-30 20:00:00,-0.8384849774715355,2.0,156.0,3443.63,306.6970768,22,0.00354994980848773
2019-01-30 21:00:00,0.0,2.0,251.0,3436.31,402.00608652,22,0.002677137535943262
2019-01-30 22:00:00,-0.9104398808145512,0.0,0.0,3441.92,208.52581829,22,0.0017175754595999595
2019-01-30 23:00:00,-1.8208797616291024,4.0,383.0,3444.5,393.07969361,22,0.004340270059222858
2019-01-31 00:00:00,0.0,1.0,427.0,3437.04,205.93187729,17,0.002208214940170931
2019-01-31 01:00:00,1.0997965486737746,7.0,733.0,3430.48,341.43078526,17,0.0029259286542364965
2019-01-31 02:00:00,2.1853904953129355,2.0,2074.0,3434.05,70.90020425,17,0.0016935832064173093
2019-01-31 03:00:00,2.319859701895332,3.0,594.0,3442.0,256.42097449,17,0.0019810970871874827
2019-01-31 04:00:00,0.0,1.0,393.0,3437.35,239.51615772,17,0.0022717065202605747
2019-01-31 05:00:00,0.0970410234751431,4.0,735.0,3461.88,343.25673095,17,0.007174556204424085
2019-01-31 06:00:00,0.8736353097994791,4.0,2678.0,3454.64,112.94160936,17,0.002197807127992231
2019-01-31 07:00:00,0.0,5.0,1189.0,3452.38,107.90867193,17,0.0018283558172830384
2019-01-31 08:00:00,-1.0472263850578547,4.0,1033.0,3447.31,101.79073749,17,0.0015623556713903585
2019-01-31 09:00:00,1.4772799093144928,1.0,15.0,3448.75,252.38540462,17,0.0020777594449726926
2019-01-31 10:00:00,0.8857143537775601,2.0,54.0,3440.57,159.21840649,17,0.0018439496724264475
2019-01-31 11:00:00,5.1388053535727485,1.0,1257.0,3447.65,90.73829663,17,0.0024527825972747315
2019-01-31 12:00:00,2.7865108920000403,0.0,0.0,3450.27,142.34960921,17,0.002667468761953141
2019-01-31 13:00:00,0.4342164304273319,3.0,802.0,3419.17,448.04310809,17,0.006149080074499028
2019-01-31 14:00:00,0.0,3.0,156.0,3417.59,355.0864465,17,0.004737398201424097
2019-01-31 15:00:00,2.3213000414663405,3.0,540.0,3405.45,445.02675349,17,0.00576197792042711
2019-01-31 16:00:00,0.0,5.0,1185.0,3408.65,152.59133726,17,0.0026823075487033884
2019-01-31 17:00:00,0.6226137210210341,7.0,2156.0,3413.65,342.68324193,17,0.0029564288819058275
2019-01-31 18:00:00,0.0,2.0,1877.0,3417.4,179.72711418,17,0.0027477596100058625
2019-01-31 19:00:00,0.5308784045911553,11.0,3823.0,3405.91,300.35145365,17,0.002892473327390784
2019-01-31 20:00:00,0.0,1.0,7.0,3415.41,360.61831924,17,0.002908477744547801
2019-01-31 21:00:00,3.7116686216111754,2.0,2310.0,3403.73,323.96912413,17,0.0023585623798640072
2019-01-31 22:00:00,1.528491943466576,5.0,1706.0,3405.15,338.74305486000003,17,0.003070695582132777
2019-01-31 23:00:00,0.0,2.0,440.0,3400.32,298.95185373,17,0.002233507215097753
2019-02-01 00:00:00,0.9169973831206258,1.0,6.0,3411.82,221.59977919,23,0.004807422782473649
2019-02-01 01:00:00,1.2327174822078093,3.0,1477.0,3425.61,214.60365186,23,0.0030351671133622016
2019-02-01 02:00:00,0.0,1.0,30.0,3417.23,198.32744135,23,0.0027237370158610646
2019-02-01 03:00:00,0.0,3.0,188.0,3419.77,245.54181388,23,0.0028084951490440057
2019-02-01 04:00:00,0.0,2.0,89.0,3413.11,215.36420978,23,0.003242645095374125
2019-02-01 05:00:00,0.0,3.0,399.0,3412.14,158.65561998,23,0.0027955935905082325
2019-02-01 06:00:00,0.0,1.0,175.0,3387.2,452.31205863,23,0.008828416946594704
2019-02-01 07:00:00,5.044900330680198,1.0,1708.0,3389.56,281.5848469,23,0.003448407123803961
2019-02-01 08:00:00,1.760582376715767,3.0,204.0,3394.09,181.69329386,23,0.003258730345285469
2019-02-01 09:00:00,1.7797743377653463,4.0,208.0,3388.19,114.53933611,23,0.002324642259162625
2019-02-01 10:00:00,1.063406519729893,2.0,172.0,3393.1,91.91164152,23,0.0017930982675960453
2019-02-01 11:00:00,0.0,1.0,92.0,3392.88,160.7324478,23,0.002364646250057829
2019-02-01 12:00:00,0.0,1.0,907.0,3377.1,892.07698448,23,0.003437224856556099
2019-02-01 13:00:00,0.6919491193553176,0.0,0.0,3396.59,214.1878794,23,0.003529032184388113
2019-02-01 14:00:00,1.383898238710635,5.0,4475.0,3394.81,100.01650017,23,0.0017131684844046726
2019-02-01 15:00:00,0.0,3.0,289.0,3404.99,379.71845496,23,0.003486100318511984
2019-02-01 16:00:00,1.1842943183333816,3.0,64.0,3419.75,473.10391584,23,0.0075121880872692105
2019-02-01 17:00:00,-2.040964723470645,2.0,935.0,3427.42,457.67662811,23,0.005055412775514782
2019-02-01 18:00:00,1.2670310581143187,1.0,10.0,3439.0,409.24844366,23,0.0018369865467690487
2019-02-01 19:00:00,-0.7971572570109209,2.0,1528.0,3432.82,375.55952767,23,0.0023336433320824503
2019-02-01 20:00:00,1.4341868583538748,2.0,81.0,3432.0,235.35055808,23,0.0019944298214808667
2019-02-01 21:00:00,0.0,3.0,131.0,3427.56,301.44965772,23,0.0028254251521325877
2019-02-01 22:00:00,1.281785081470359,4.0,1172.0,3431.06,160.82061332,23,0.0017965493810674481
2019-02-01 23:00:00,0.0,2.0,1407.0,3441.0,173.57986095,23,0.0015513069802695282
2019-02-02 00:00:00,0.0,3.0,1912.0,3441.86,429.61708622,22,0.004822660051535264
2019-02-02 01:00:00,1.3096794622572905,1.0,11.0,3446.46,116.66061853,22,0.0019953331124211784
2019-02-02 02:00:00,0.6548397311286451,0.0,0.0,3448.92,114.56960849,22,0.002532180831374593
2019-02-02 03:00:00,0.0,5.0,459.0,3444.52,119.72015632,22,0.002480420003542527
2019-02-02 04:00:00,0.0,0.0,0.0,3434.83,265.06178623,22,0.004750544077528213
2019-02-02 05:00:00,0.0,1.0,42.0,3431.85,238.73962058,22,0.002537269113743594
2019-02-02 06:00:00,0.0,0.0,0.0,3429.64,140.53757867000002,22,0.0019662682903030127
2019-02-02 07:00:00,0.0,2.0,194.0,3437.66,80.6301591,22,0.001522926744084123
2019-02-02 08:00:00,0.0,1.0,207.0,3438.25,102.7540185,22,0.002202246419108265
2019-02-02 09:00:00,0.7401545661762065,0.0,0.0,3433.34,66.05522813,22,0.0020740127853060442
2019-02-02 10:00:00,1.480309132352413,2.0,84.0,3421.64,147.99455584,22,0.003711147565527624
2019-02-02 11:00:00,1.1624470054585654,8.0,204.0,3416.3,183.2042016,22,0.00326958964227059
2019-02-02 12:00:00,3.8151355741483353,0.0,0.0,3421.48,70.41115875,22,0.0019738433276187354
2019-02-02 13:00:00,6.467824142838105,1.0,3739.0,3419.55,67.65972068,22,0.0021655669051745103
2019-02-02 14:00:00,0.3540120829654431,5.0,3033.0,3431.35,84.28775507,22,0.0036406550208768988
2019-02-02 15:00:00,-2.6613436357382256,2.0,314.0,3433.02,91.04858616,22,0.0023095785439363244
2019-02-02 16:00:00,0.0,2.0,223.0,3439.44,186.50273659,22,0.002703066000647773
2019-02-02 17:00:00,1.593455234449088,2.0,708.0,3437.85,106.52059172,22,0.0018144638479767328
2019-02-02 18:00:00,0.0,2.0,30.0,3433.59,73.97273238,22,0.0021193507109627443
2019-02-02 19:00:00,2.9386089917137417,2.0,2826.0,3438.0,105.23878326,22,0.00247663500530585
2019-02-02 20:00:00,0.0,1.0,396.0,3426.54,101.46020348,22,0.002894236659829233
2019-02-02 21:00:00,1.713061095738384,0.0,0.0,3428.36,72.17053089,22,0.0019473883376039018
2019-02-02 22:00:00,3.426122191476768,1.0,198.0,3430.36,68.62731752,22,0.0025932437950456346
2019-02-02 23:00:00,2.977408998261242,0.0,0.0,3431.65,43.55116589,22,0.0014739582131761061
2019-02-03 00:00:00,2.5286958050457167,0.0,0.0,3435.81,113.8034828,19,0.0023840116583398368
2019-02-03 01:00:00,2.0799826118301907,2.0,646.0,3430.93,103.53551971,19,0.0019060885862080274
2019-02-03 02:00:00,1.0399913059150954,0.0,0.0,3430.49,62.28579248,19,0.001419226628689227
2019-02-03 03:00:00,0.0,1.0,832.0,3436.21,125.81209708,19,0.0032434186990092334
2019-02-03 04:00:00,0.0,1.0,45.0,3462.82,615.1550708,19,0.010439302880826215
2019-02-03 05:00:00,0.692850160605,4.0,148.0,3458.4,126.80519563,19,0.0046663499774548
2019-02-03 06:00:00,1.2714907981473749,0.0,0.0,3453.43,76.74705057,19,0.0029815002793196054
2019-02-03 07:00:00,1.8501314356897496,2.0,853.0,3441.63,116.13519707000002,19,0.0036974501845768956
2019-02-03 08:00:00,0.0,2.0,1412.0,3442.0,49.28109125,19,0.0023006446727141788
2019-02-03 09:00:00,0.0,2.0,899.0,3443.4,128.20242061,19,0.003909601891215301
2019-02-03 10:00:00,0.0,1.0,20.0,3440.07,107.28641147,19,0.0020939846949717274
2019-02-03 11:00:00,1.5198155574674872,4.0,1346.0,3434.29,171.85972924,19,0.004236458376915578
2019-02-03 12:00:00,0.0,1.0,6.0,3425.84,161.07851295,19,0.002968133167396037
2019-02-03 13:00:00,0.0,4.0,2011.0,3423.33,110.43362498,19,0.005104356131425056
2019-02-03 14:00:00,0.0,1.0,12.0,3416.98,41.25733718,19,0.001599808194094141
2019-02-03 15:00:00,1.3709066750563657,2.0,825.0,3424.23,46.3366693,19,0.0025750067800661
2019-02-03 16:00:00,0.6141202862367399,4.0,1133.0,3421.24,106.7514214,19,0.0022056228501979662
2019-02-03 17:00:00,0.3070601431183699,0.0,0.0,3423.26,29.95304694,19,0.0020715419525458943
2019-02-03 18:00:00,0.0,2.0,159.0,3426.09,108.35623355,19,0.0016538044375275416
2019-02-03 19:00:00,0.0,1.0,43.0,3421.22,96.20655751,19,0.0013741072091274088
2019-02-03 20:00:00,0.0,1.0,29.0,3421.71,130.43965197,19,0.0030594099086058008
2019-02-03 21:00:00,0.0,1.0,385.0,3426.5,67.53265642,19,0.0011735039937735407
2019-02-03 22:00:00,-1.2963551263933184,2.0,1563.0,3418.41,60.92206899,19,0.0012883162682120976
2019-02-03 23:00:00,-0.6481775631966592,0.0,0.0,3421.93,61.60411628,19,0.0011818096341070232
2019-02-04 00:00:00,0.0,1.0,6.0,3403.97,315.01297706,27,0.00771433304280745
2019-02-04 01:00:00,1.123905837573996,5.0,571.0,3404.14,187.33217526,27,0.002546255374706355
2019-02-04 02:00:00,1.622822625775491,2.0,339.0,3394.6,145.86944732,27,0.003614937815855355
2019-02-04 03:00:00,1.289093504240965,1.0,9.0,3405.71,149.25425927,27,0.0024302961806172037
2019-02-04 04:00:00,1.2407591446539823,4.0,154.0,3414.82,219.2343722,27,0.0038022891832964196
2019-02-04 05:00:00,1.3413183714478172,4.0,367.0,3417.92,59.06625377,27,0.0024475966825582185
2019-02-04 06:00:00,2.8221561252464817,1.0,61.0,3422.1,104.86456229,27,0.0022865921060354235
2019-02-04 07:00:00,0.0,1.0,49.0,3413.67,129.82625409,27,0.002611368240618606
2019-02-04 08:00:00,0.0,2.0,4023.0,3414.18,85.35851432,27,0.0012247275541377555
2019-02-04 09:00:00,0.0,1.0,33.0,3415.4,86.95382116,27,0.001572742008280109
2019-02-04 10:00:00,2.779008212630273,1.0,117.0,3414.98,64.40794694,27,0.001545994898844008
2019-02-04 11:00:00,0.0,1.0,37.0,3416.04,52.5412431,27,0.0021315739550182037
2019-02-04 12:00:00,0.0083874870149386,7.0,603.0,3419.66,42.41337902,27,0.0011695374685233063
2019-02-04 13:00:00,-0.1943316741709073,0.0,0.0,3421.23,202.94788342,27,0.004476624976146146
2019-02-04 14:00:00,-0.3970508353567534,3.0,1165.0,3403.73,237.50238012,27,0.0034879808225291306
2019-02-04 15:00:00,0.6117066992820858,2.0,217.0,3407.91,104.59971307,27,0.0021890531763135157
2019-02-04 16:00:00,0.0,2.0,218.0,3397.57,220.90725857,27,0.002459234768330447
2019-02-04 17:00:00,0.0,4.0,405.0,3407.8,164.78370017,27,0.0024444003738751633
2019-02-04 18:00:00,2.364817638733008,6.0,3312.0,3408.6,186.58610357,27,0.0016142528083250797
2019-02-04 19:00:00,1.7494607734430514,0.0,0.0,3405.57,163.98959885,27,0.0021792550765474907
2019-02-04 20:00:00,1.1341039081530946,0.0,0.0,3413.21,175.48523798,27,0.0017981823761788588
2019-02-04 21:00:00,0.5187470428631379,2.0,240.0,3411.5,126.94710293,27,0.0014017124085796116
2019-02-04 22:00:00,1.4678029960423298,2.0,201.0,3414.09,85.89474024,27,0.001417209322458902
2019-02-04 23:00:00,1.3727686618105426,0.0,0.0,3417.14,273.98502422,27,0.0025774644455800076
2019-02-05 00:00:00,1.2777343275787554,2.0,102.0,3419.7,106.89989513,21,0.002319111863972133
2019-02-05 01:00:00,0.755633851615064,2.0,27.0,3416.0,132.13673472,21,0.0015975682099880187
2019-02-05 02:00:00,0.0,2.0,205.0,3416.65,179.21551067,21,0.001633983625689189
2019-02-05 03:00:00,1.725000076173605,2.0,1721.0,3409.76,150.56391725,21,0.0031654303012275324
2019-02-05 04:00:00,0.0,1.0,3.0,3410.87,106.20820338,21,0.0019315734741024914
2019-02-05 05:00:00,0.0,0.0,0.0,3410.05,112.20338559,21,0.0015206494190397597
2019-02-05 06:00:00,0.0,1.0,10.0,3402.5,66.768373,21,0.0020644434010152046
2019-02-05 07:00:00,0.0,2.0,137.0,3410.67,210.13589555,21,0.004095419203987291
2019-02-05 08:00:00,1.5599883550333686,2.0,477.0,3413.56,78.15795465,21,0.001653520633332459
2019-02-05 09:00:00,0.0,3.0,48.0,3415.1,108.58333864,21,0.0017018462007521145
2019-02-05 10:00:00,0.598060566285188,4.0,893.0,3417.86,206.90246995,21,0.002033172733132385
2019-02-05 11:00:00,0.4947579134626459,2.0,95.0,3418.52,65.57685941,21,0.0009686547748092939
2019-02-05 12:00:00,1.4505800651923728,0.0,0.0,3417.46,136.75887549,21,0.0014275407999362983
2019-02-05 13:00:00,2.4064022169221,4.0,1418.0,3415.99,98.40876065,21,0.0014589158113457205
2019-02-05 14:00:00,1.2880518918769284,3.0,1770.0,3429.46,369.93965806,21,0.0034394513193771255
2019-02-05 15:00:00,0.0,2.0,186.0,3426.37,261.70558196,21,0.0022085816367485114
2019-02-05 16:00:00,0.0,1.0,143.0,3422.12,128.99237622,21,0.0017453631929041007
2019-02-05 17:00:00,0.8237662385250797,5.0,1003.0,3420.78,314.53358801,21,0.0021381451882731724
2019-02-05 18:00:00,0.0,1.0,43.0,3426.52,160.88294239,21,0.0009927579163918517
2019-02-05 19:00:00,1.515259320237632,2.0,874.0,3416.93,139.99079833,21,0.00210657182560939
2019-02-05 20:00:00,0.7413633440852772,5.0,922.0,3422.16,227.69583067,21,0.001974365094089245
2019-02-05 21:00:00,1.4110136716472763,4.0,5925.0,3418.18,188.53366529,21,0.0013154706850811357
2019-02-05 22:00:00,1.3646448920218153,5.0,15974.0,3419.82,126.792119,21,0.0018010693053534875
2019-02-05 23:00:00,0.898937537811649,3.0,1791.0,3420.8,321.03473885,21,0.003330616618510624
2019-02-06 00:00:00,1.2413626443046488,5.0,905.0,3424.17,207.07507814,14,0.003004699088042713
2019-02-06 01:00:00,0.951331819540952,0.0,0.0,3426.64,181.13723536,14,0.002430351825377206
2019-02-06 02:00:00,0.661300994777255,2.0,16.0,3421.73,135.76230775,14,0.0015500586581325359
2019-02-06 03:00:00,1.627960315695098,1.0,9.0,3424.23,127.63320299,14,0.0013814149529595154
2019-02-06 04:00:00,0.0,3.0,529.0,3431.39,70.42026569,14,0.0026686753058994405
2019-02-06 05:00:00,0.0,3.0,1272.0,3418.9,337.51904727,14,0.00623209897702607
2019-02-06 06:00:00,0.9891591457444736,9.0,1868.0,3378.83,1034.04453319,14,0.012026988709988484
2019-02-06 07:00:00,1.662743959302247,3.0,164.0,3376.28,132.72134196,14,0.002474082654067212
2019-02-06 08:00:00,1.7944243794239174,0.0,0.0,3378.82,224.46287198,14,0.0014386553711050883
2019-02-06 09:00:00,1.926104799545588,3.0,2123.0,3370.1,187.02594883,14,0.0024037440489406013
2019-02-06 10:00:00,0.0,3.0,403.0,3372.9,125.70223132,14,0.0009124629221920072
2019-02-06 11:00:00,2.347006069330652,2.0,593.0,3374.0,173.34966712,14,0.0009032450173567661
2019-02-06 12:00:00,1.826981837290392,1.0,35.0,3378.5,163.12879169,14,0.0006371035539694194
2019-02-06 13:00:00,0.0,3.0,1169.0,3371.84,147.65469578,14,0.002176251510781428
2019-02-06 14:00:00,0.7023656390328875,5.0,3586.0,3367.82,234.64330852,14,0.001960429480187565
2019-02-06 15:00:00,1.5805739743100633,4.0,5111.0,3368.55,321.53592517,14,0.003148903306119123
2019-02-06 16:00:00,0.5202442985659734,5.0,1135.0,3363.2,305.66511978,14,0.0025057805091007355
2019-02-06 17:00:00,0.6586385354417966,7.0,1104.0,3370.01,157.55110633,14,0.0029825106864653844
2019-02-06 18:00:00,0.3671106788239935,5.0,436.0,3366.59,131.55176798,14,0.002002239369068978
2019-02-06 19:00:00,0.3917286781558138,3.0,127.0,3362.8,263.09112566,14,0.002963475142502008
2019-02-06 20:00:00,0.8975533261708377,4.0,3688.0,3372.9,572.30398289,14,0.009227064777267443
2019-02-06 21:00:00,0.9789816848689976,3.0,672.0,3370.7,326.76078569,14,0.004627842807127086
2019-02-06 22:00:00,0.0,1.0,128.0,3364.94,251.80484325,14,0.0023992894942712474
2019-02-06 23:00:00,0.2841768505720906,3.0,2502.0,3367.82,258.91279525,14,0.004979956017082944
2019-02-07 00:00:00,0.0,2.0,48.0,3362.19,197.57453703,18,0.002342860835170716
2019-02-07 01:00:00,0.0,1.0,66.0,3364.13,103.21463419,18,0.0010629039432598646
2019-02-07 02:00:00,1.5322020953902995,2.0,95.0,3365.44,269.82115055,18,0.0024543988781690392
2019-02-07 03:00:00,2.539535069205997,1.0,75.0,3368.07,146.28413686,18,0.0020240508603978557
2019-02-07 04:00:00,0.0,1.0,9.0,3364.62,71.08204988,18,0.0013289066676375153
2019-02-07 05:00:00,0.0,1.0,5327.0,3365.37,110.99060717,18,0.0015301736367565953
2019-02-07 06:00:00,1.0993609699397922,2.0,210.0,3369.0,136.47589169,18,0.001149710198565427
2019-02-07 07:00:00,0.5496804849698961,0.0,0.0,3370.17,60.19301385,18,0.0006985313459684226
2019-02-07 08:00:00,0.0,1.0,111.0,3374.47,58.67402658,18,0.0012955791228820032
2019-02-07 09:00:00,0.3459656967851529,3.0,111.0,3371.36,98.86519604,18,0.0010246739686046876
2019-02-07 10:00:00,1.4924298756685783,3.0,469.0,3370.0,34.43233659,18,0.00040347988441347544
2019-02-07 11:00:00,0.9976585928683704,5.0,1341.0,3369.79,119.49780858,18,0.0021018236553444905
2019-02-07 12:00:00,1.5009407869947609,4.0,7229.0,3371.68,91.23041052,18,0.0020145487048087636
2019-02-07 13:00:00,0.3100850274864999,5.0,1143.0,3376.0,174.90994559,18,0.0016627759159961156
2019-02-07 14:00:00,0.7069816757495693,4.0,106.0,3375.11,139.73885713,18,0.0011405345809943005
2019-02-07 15:00:00,1.4696041331605385,3.0,166.0,3378.5,165.48514669,18,0.0019863425849063923
2019-02-07 16:00:00,-0.5874067161754452,9.0,872.0,3366.81,171.75602432,18,0.0019384235437215798
2019-02-07 17:00:00,0.8982662170436078,5.0,2349.0,3361.49,306.023234,18,0.002341094680210532
2019-02-07 18:00:00,1.1788784996797388,3.0,160.0,3363.14,280.9110963,18,0.002715245802213406
2019-02-07 19:00:00,0.5026308517130993,6.0,2364.0,3365.16,585.1300743,18,0.001341140340000048
2019-02-07 20:00:00,1.697414552401414,3.0,2120.0,3364.7,536.23154098,18,0.001456686369666275
2019-02-07 21:00:00,0.0,2.0,1199.0,3362.03,192.44317208,18,0.0012149454278456494
2019-02-07 22:00:00,0.7464341609157489,5.0,1616.0,3360.71,187.08125227,18,0.002249538427783601
2019-02-07 23:00:00,0.5921567760424261,1.0,3.0,3358.79,127.95028981,18,0.0013044380771097665
2019-02-08 00:00:00,1.0807966061617431,4.0,1046.0,3358.92,191.68871714,37,0.0015899715897984704
2019-02-08 01:00:00,0.0,2.0,63.0,3359.7,164.61947734,37,0.0021560559923643565
2019-02-08 02:00:00,0.0,2.0,102.0,3358.67,111.8383315,37,0.001783321925326899
2019-02-08 03:00:00,0.0,1.0,68.0,3364.46,111.63738364,37,0.0016437054943559911
2019-02-08 04:00:00,0.0,1.0,3.0,3359.33,135.75197999,37,0.0016946352747175698
2019-02-08 05:00:00,0.0,2.0,37.0,3358.09,96.52076313,37,0.001169298768180412
2019-02-08 06:00:00,0.0,1.0,15.0,3354.8,58.44733994,37,0.0012732799360411103
2019-02-08 07:00:00,0.0,2.0,198.0,3353.34,413.71092686,37,0.004485519678317794
2019-02-08 08:00:00,0.0,1.0,1608.0,3359.74,248.67396848,37,0.00255485187451633
2019-02-08 09:00:00,1.0044343703363523,2.0,52.0,3356.83,96.46432352,37,0.0006073676580050742
2019-02-08 10:00:00,1.7461481344394727,2.0,319.0,3365.92,151.03567549,37,0.00142269547419759
2019-02-08 11:00:00,0.8730740672197363,0.0,0.0,3365.9,78.24378797,37,0.0009681587096566598
2019-02-08 12:00:00,0.0,2.0,1290.0,3355.79,510.56337334,37,0.0019227258740838055
2019-02-08 13:00:00,1.383962091452827,1.0,15.0,3366.1,425.11300983,37,0.0053909081916325595
2019-02-08 14:00:00,2.097867058349283,3.0,2606.0,3382.45,724.92116117,37,0.008885693900013219
2019-02-08 15:00:00,0.4971262772623564,6.0,2354.0,3388.46,584.53107478,37,0.002376500975666931
2019-02-08 16:00:00,0.1394266710921523,4.0,1008.0,3393.04,404.69010484,37,0.002403421165315914
2019-02-08 17:00:00,0.7334309190866922,5.0,702.0,3393.94,683.91946424,37,0.004597950616127599
2019-02-08 18:00:00,-0.0153178611928481,2.0,1533.0,3403.24,757.04152508,37,0.002880038040546454
2019-02-08 19:00:00,0.2143483475999834,4.0,1246.0,3411.84,976.27614716,37,0.004212334841256584
2019-02-08 20:00:00,-2.758356870218672,2.0,505.0,3452.18,1120.81385918,37,0.005829642031306736
2019-02-08 21:00:00,0.0,2.0,183.0,3663.1,2623.0676760300003,37,0.039231501460466604
2019-02-08 22:00:00,0.0,0.0,0.0,3629.4,1364.70471,37,0.01090789860502957
2019-02-08 23:00:00,0.0,1.0,62.0,3620.05,867.59894027,37,0.005255371444154357
2019-02-09 00:00:00,-1.74768224113608,1.0,6.0,3638.13,414.34538784,42,0.0025230123453328203
2019-02-09 01:00:00,0.0,2.0,3216.0,3621.79,377.90355878,42,0.0017231396053236803
2019-02-09 02:00:00,1.6408363526328156,2.0,1601.0,3596.05,895.368253,42,0.009474258651588904
2019-02-09 03:00:00,2.3232475733600384,2.0,1560.0,3591.51,249.02579206,42,0.003752358597516845
2019-02-09 04:00:00,1.0295666200045668,3.0,1288.0,3622.94,265.66671925,42,0.00478223669725297
2019-02-09 05:00:00,0.6863777466697112,0.0,0.0,3621.33,334.38389225,42,0.004894565561214964
2019-02-09 06:00:00,0.3431888733348556,0.0,0.0,3612.69,99.71102494,42,0.002245780429037832
2019-02-09 07:00:00,0.0,1.0,347.0,3608.59,179.15347512,42,0.0032272406709107928
2019-02-09 08:00:00,0.393361011060021,0.0,0.0,3608.48,167.04415515,42,0.0027014216342348824
2019-02-09 09:00:00,0.786722022120042,3.0,82.0,3612.55,257.73796614,42,0.002300769613930628
2019-02-09 10:00:00,-0.1941246196693307,2.0,40.0,3608.24,55.26169501,42,0.0013152290352876042
2019-02-09 11:00:00,0.0,1.0,49.0,3609.0,95.39165443,42,0.0014417532213814158
2019-02-09 12:00:00,1.2493975813679168,2.0,587.0,3619.81,174.99318866,42,0.003355929067678747
2019-02-09 13:00:00,0.6246987906839584,0.0,0.0,3624.71,317.54185075,42,0.00441974094027627
2019-02-09 14:00:00,0.0,5.0,401.0,3626.46,137.52045186,42,0.003646553701681179
2019-02-09 15:00:00,0.3540118407926955,5.0,1912.0,3624.38,155.14554211,42,0.0024560387389621513
2019-02-09 16:00:00,0.0,1.0,114.0,3622.51,156.99884653,42,0.001485411396935903
2019-02-09 17:00:00,0.0,1.0,19.0,3613.17,200.35334485,42,0.0043975086855264685
2019-02-09 18:00:00,0.0,1.0,35.0,3622.1,161.922905,42,0.0034291902450465884
2019-02-09 19:00:00,4.4615287863127975,2.0,1197.0,3619.32,262.00687288,42,0.005995455089884523
2019-02-09 20:00:00,2.749169712047155,2.0,2848.0,3604.94,275.7804905,42,0.0032712055053226
2019-02-09 21:00:00,0.1915479674457878,3.0,625.0,3607.77,171.30472653,42,0.0048059197811098735
2019-02-09 22:00:00,0.0,1.0,52.0,3601.94,198.33965887,42,0.0017345853345164702
2019-02-09 23:00:00,1.3280191482136523,3.0,204.0,3605.86,126.94652405,42,0.0017233516370872626
2019-02-10 00:00:00,0.630760097961073,2.0,177.0,3611.08,156.99691969,40,0.0014894480499191055
2019-02-10 01:00:00,0.4630687321001723,0.0,0.0,3615.9,138.45560184,40,0.001129416001614291
2019-02-10 02:00:00,0.2953773662392716,2.0,11.0,3621.96,70.07469311,40,0.0019339225814743203
2019-02-10 03:00:00,1.2542947042266457,2.0,725.0,3620.01,85.97662708,40,0.0030040726191664724
2019-02-10 04:00:00,1.8716485702799817,0.0,0.0,3622.62,75.4625096,40,0.0027114309403609184
2019-02-10 05:00:00,2.4890024363333176,1.0,56.0,3614.74,82.61773073,40,0.003073203065904964
2019-02-10 06:00:00,2.577164881953218,0.0,0.0,3617.63,118.25391491,40,0.0016746330771142187
2019-02-10 07:00:00,2.6653273275731184,1.0,155.0,3617.79,75.09425855,40,0.0016895905397937459
2019-02-10 08:00:00,3.7059073221516927,1.0,444.0,3615.91,76.13196767,40,0.001809460367033271
2019-02-10 09:00:00,0.1001028855460737,3.0,153.0,3619.63,181.16836727,40,0.001928382053783054
2019-02-10 10:00:00,2.042883855399176,4.0,2750.0,3620.45,112.07553255,40,0.0018157322355443336
2019-02-10 11:00:00,1.3210274038561711,1.0,10.0,3600.12,248.05291943,40,0.0034006255205901044
2019-02-10 12:00:00,0.0,1.0,61.0,3600.01,431.46652174,40,0.005969809561198397
2019-02-10 13:00:00,0.0,3.0,426.0,3605.9,118.11283276,40,0.0016985138629919353
2019-02-10 14:00:00,1.8212651675665743,3.0,462.0,3600.0,145.99895324,40,0.001447528641568613
2019-02-10 15:00:00,1.6402874240730871,0.0,0.0,3610.24,217.12688404,40,0.0013134395616752788
2019-02-10 16:00:00,1.4593096805796,2.0,674.0,3604.92,116.79823578,40,0.0028237223559007055
2019-02-10 17:00:00,1.6338367880298317,2.0,139.0,3592.32,195.55444486,40,0.0022023688311694
2019-02-10 18:00:00,1.681683496938728,0.0,0.0,3596.86,135.39721551,40,0.002470373906667685
2019-02-10 19:00:00,1.7295302058476243,2.0,824.0,3586.54,120.86890566,40,0.0029154727119118074
2019-02-10 20:00:00,0.0,3.0,91.0,3596.1,251.05148635,40,0.0027560819444841186
2019-02-10 21:00:00,0.8207028424695877,1.0,3.0,3610.0,413.842522,40,0.005053924929523955
2019-02-10 22:00:00,0.0,2.0,7.0,3605.62,156.81227397,40,0.002708974197975419
2019-02-10 23:00:00,0.1307550502030219,0.0,0.0,3609.0,61.45183504,40,0.0023076277419242564
2019-02-11 00:00:00,0.2615101004060438,0.0,0.0,3606.73,118.38310463,46,0.002101676935754068
2019-02-11 01:00:00,0.3922651506090656,5.0,475.0,3602.0,55.17809781,46,0.00135587620988223
2019-02-11 02:00:00,-3.847087533634693,1.0,990.0,3605.91,46.5932589,46,0.0014011468325959466
2019-02-11 03:00:00,0.0,2.0,50.0,3624.12,186.50667736,46,0.003516232804493017
2019-02-11 04:00:00,0.0,2.0,25.0,3650.37,490.96774197,46,0.007909348379811637
2019-02-11 05:00:00,0.7960778467125212,3.0,147.0,3609.23,712.57131795,46,0.009864227961187218
2019-02-11 06:00:00,0.0,2.0,104.0,3602.5,251.70357669,46,0.0029092794593003515
2019-02-11 07:00:00,1.107624738935285,3.0,2358.0,3598.03,148.57667529,46,0.0021459707490776724
2019-02-11 08:00:00,0.0,1.0,8.0,3594.54,152.60901334,46,0.001658487902720802
2019-02-11 09:00:00,0.0,2.0,438.0,3595.29,185.0955586,46,0.003126196773353256
2019-02-11 10:00:00,0.1240908283724257,5.0,427.0,3586.93,148.44314084,46,0.0016787967795476484
2019-02-11 11:00:00,0.7958234853130107,3.0,2835.0,3595.66,74.24115229,46,0.001320632238194752
2019-02-11 12:00:00,2.3102613408641792,3.0,803.0,3597.8,116.44096987,46,0.0011219887739886618
2019-02-11 13:00:00,1.0085591599103156,5.0,707.0,3588.83,190.13445408,46,0.0006502903012060942
2019-02-11 14:00:00,1.0079938494890968,4.0,132.0,3594.3,469.88544737,46,0.00235398399387317
2019-02-11 15:00:00,0.9280697671793444,3.0,63.0,3588.83,303.56966545,46,0.004264370022064331
2019-02-11 16:00:00,1.3109162783867772,3.0,478.0,3584.0,230.33905834,46,0.001908745661405872
2019-02-11 17:00:00,1.8227245185148844,4.0,1691.0,3594.99,593.43199023,46,0.0027292332964665793
2019-02-11 18:00:00,0.0,1.0,7.0,3599.41,588.72352517,46,0.004773316564479728
2019-02-11 19:00:00,1.017774499959451,6.0,2392.0,3609.0,1011.59025317,46,0.002912069045172101
2019-02-11 20:00:00,0.8792263239799826,4.0,1510.0,3601.11,485.3561946,46,0.003749485039970577
2019-02-11 21:00:00,0.0,2.0,339.0,3593.16,576.38728993,46,0.004265104555776864
2019-02-11 22:00:00,1.2154389416924507,3.0,1625.0,3593.54,221.66705703,46,0.0020734654533264593
2019-02-11 23:00:00,0.0,1.0,304.0,3594.9,251.97266356,46,0.0014617312198456343
2019-02-12 00:00:00,0.9573811718318166,4.0,166.0,3602.36,235.89578061,38,0.002171613951143424
2019-02-12 01:00:00,0.4786905859159083,0.0,0.0,3597.98,282.08554411,38,0.0028618472068626137
2019-02-12 02:00:00,0.0,2.0,131.0,3593.2,288.64063106,38,0.0026305334573505095
2019-02-12 03:00:00,3.803416819193612,1.0,1089.0,3594.7,269.62592841,38,0.002980072504419398
2019-02-12 04:00:00,0.0,1.0,3.0,3588.7,142.42198608,38,0.0016155237045176547
2019-02-12 05:00:00,2.173491158981804,3.0,1219.0,3565.91,563.52430872,38,0.00751695076320707
2019-02-12 06:00:00,0.2825875588579278,4.0,2947.0,3567.9,168.74422896,38,0.0028723515144729087
2019-02-12 07:00:00,1.168737810589408,6.0,587.0,3566.38,96.33315664,38,0.002369296788366642
2019-02-12 08:00:00,0.9135156127575822,3.0,962.0,3573.44,158.34561105,38,0.0013108780141168756
2019-02-12 09:00:00,0.3931628455074489,6.0,2801.0,3579.4,181.44761598,38,0.0020544876737129485
2019-02-12 10:00:00,0.0,1.0,98.0,3579.78,384.32894641,38,0.0019567249963743753
2019-02-12 11:00:00,0.0,2.0,55.0,3579.54,201.34343797,38,0.0021098007938795365
2019-02-12 12:00:00,2.121388117016516,2.0,406.0,3575.76,268.27786477,38,0.0022387673130616777
2019-02-12 13:00:00,0.0,3.0,5211.0,3567.07,439.75021045,38,0.0036908263936812746
2019-02-12 14:00:00,1.8397586490732905,7.0,1643.0,3566.0,410.85074519,38,0.002217163082863418
2019-02-12 15:00:00,0.2417174017590798,7.0,1059.0,3562.36,611.75554461,38,0.003069910230327244
2019-02-12 16:00:00,0.0,4.0,270.0,3569.0,525.32170839,38,0.001498490340151325
2019-02-12 17:00:00,2.0224637769833693,2.0,1372.0,3579.27,576.52040189,38,0.004163943794015092
2019-02-12 18:00:00,0.0,1.0,416.0,3577.8,1233.47442056,38,0.004488187852928497
2019-02-12 19:00:00,1.5711246666554397,2.0,271.0,3575.6,401.06131324,38,0.0015584899180646995
2019-02-12 20:00:00,-3.8456091263458014,2.0,3318.0,3571.8,704.67745456,38,0.003358640748646883
2019-02-12 21:00:00,0.0,1.0,17.0,3576.44,343.52907893,38,0.0024908856264437406
2019-02-12 22:00:00,0.1335268667734259,0.0,0.0,3581.11,397.74811476,38,0.0026296830513716364
2019-02-12 23:00:00,0.2670537335468519,6.0,4845.0,3597.46,509.32374596,38,0.00743266494959206
2019-02-13 00:00:00,0.0,2.0,185.0,3598.7,487.4130532,48,0.0024325295029972455
2019-02-13 01:00:00,-0.3455373249092222,0.0,0.0,3604.57,220.92674868,48,0.0029850573512471535
2019-02-13 02:00:00,-0.6910746498184444,3.0,301.0,3577.52,838.71431275,48,0.008480913035930713
2019-02-13 03:00:00,0.0,2.0,96.0,3580.25,223.64930093,48,0.003193870127357344
2019-02-13 04:00:00,0.0,1.0,84.0,3585.94,127.75538072,48,0.002579272767147605
2019-02-13 05:00:00,0.0,2.0,66.0,3595.96,203.07667544,48,0.0023927157755430305
2019-02-13 06:00:00,1.5620845261855754,1.0,11.0,3594.8,138.83426895,48,0.0016761689937982575
2019-02-13 07:00:00,2.1143662537136354,1.0,39.0,3598.84,405.83226095,48,0.0023886595415232763
2019-02-13 08:00:00,1.0792252994402252,4.0,565.0,3601.0,213.44446546,48,0.0016021792256827913
2019-02-13 09:00:00,0.5396126497201126,0.0,0.0,3593.08,393.52373973,48,0.002305898149660626
2019-02-13 10:00:00,0.0,1.0,9.0,3601.49,228.67575845,48,0.0022664420431501293
2019-02-13 11:00:00,0.7651053177356002,3.0,295.0,3597.52,488.63720204,48,0.007243453015384229
2019-02-13 12:00:00,2.8826517072301434,3.0,1101.0,3589.59,211.75791185,48,0.0025011442758781405
2019-02-13 13:00:00,1.8052465505807465,5.0,2841.0,3580.49,488.1798054,48,0.0030291888757834106
2019-02-13 14:00:00,0.3064154528333088,6.0,1361.0,3580.76,457.00351428,48,0.0030265604836205253
2019-02-13 15:00:00,0.0,4.0,601.0,3579.28,403.20820364,48,0.0030509912044570523
2019-02-13 16:00:00,0.0,3.0,3696.0,3574.88,444.98311225,48,0.0031986529578798975
2019-02-13 17:00:00,0.6311053611103681,2.0,166.0,3580.26,633.86773837,48,0.00247602971096143
2019-02-13 18:00:00,2.443461829743584,0.0,0.0,3578.3,339.48320026,48,0.00248933636278092
2019-02-13 19:00:00,4.255818298376799,1.0,192.0,3571.97,294.98453252,48,0.0016252320297272373
2019-02-13 20:00:00,1.2283514458831657,4.0,374.0,3561.13,1234.51715916,48,0.006476956992051787
2019-02-13 21:00:00,0.9445590461072998,2.0,132.0,3574.92,155.60639425,48,0.002475707602098309
2019-02-13 22:00:00,1.3076436017681543,0.0,0.0,3577.36,111.62351513,48,0.000775509617877712
2019-02-13 23:00:00,1.6707281574290092,3.0,797.0,3578.7,189.28708747,48,0.0019173618004897101
2019-02-14 00:00:00,0.3771544270961551,3.0,93.0,3572.55,212.2850282,48,0.0025036306537153472
2019-02-14 01:00:00,2.390194999289008,0.0,0.0,3568.31,269.1108489,48,0.00268457772723762
2019-02-14 02:00:00,4.4032355714818605,1.0,1560.0,3571.99,142.22687697,48,0.0018990430989684157
2019-02-14 03:00:00,2.575400493891653,2.0,4910.0,3572.54,127.57444231,48,0.0022444132861671514
2019-02-14 04:00:00,0.3612531439519983,4.0,1163.0,3574.93,205.01946936,48,0.0031262264060943645
2019-02-14 05:00:00,1.1369020961533718,3.0,974.0,3582.35,181.12244176,48,0.003283098272941986
2019-02-14 06:00:00,0.0,2.0,511.0,3579.7,231.66793191,48,0.0020001716032982944
2019-02-14 07:00:00,-2.6363793639044486,2.0,1213.0,3574.39,162.96707442,48,0.0023398118442978125
2019-02-14 08:00:00,0.0,1.0,6.0,3570.72,85.48828631,48,0.0009674922097083403
2019-02-14 09:00:00,0.0,3.0,1693.0,3581.98,264.89053847,48,0.0029571055041335307
2019-02-14 10:00:00,3.017230731628396,1.0,220.0,3573.63,436.46185852,48,0.003054489610630662
2019-02-14 11:00:00,0.0,1.0,1606.0,3575.15,89.94171762,48,0.0014421274989258597
2019-02-14 12:00:00,4.152886155193919,2.0,6980.0,3566.72,270.65325908,48,0.004345873421070439
2019-02-14 13:00:00,0.6339317368243184,7.0,596.0,3566.11,144.51624273,48,0.0023009144031882196
2019-02-14 14:00:00,0.0,1.0,339.0,3570.4,85.39120518,48,0.001279272323667171
2019-02-14 15:00:00,1.1681419075536523,3.0,1863.0,3560.61,553.44273813,48,0.003425215508616967
2019-02-14 16:00:00,0.0,1.0,21.0,3554.17,451.12391719,48,0.007571172179691485
2019-02-14 17:00:00,0.3020720732578016,5.0,1333.0,3555.72,305.80886388,48,0.002851780731559431
2019-02-14 18:00:00,0.962363851312154,5.0,813.0,3562.84,199.95599108,48,0.0015376246469495042
2019-02-14 19:00:00,1.0822337497602506,3.0,543.0,3561.23,241.82149665,48,0.0017305785620673622
2019-02-14 20:00:00,0.8865558068473723,3.0,526.0,3567.66,440.08252339,48,0.0020663842914084725
2019-02-14 21:00:00,0.0,2.0,186.0,3567.93,327.37379457000003,48,0.002811064173468956
2019-02-14 22:00:00,1.3952572581513494,3.0,543.0,3569.7,235.6023395,48,0.0021183746367135314
2019-02-14 23:00:00,0.0,4.0,8250.0,3574.68,216.92372384,48,0.0007810583588774192
2019-02-15 00:00:00,0.0,2.0,74.0,3572.7,195.99089493,43,0.0015739110628367563
2019-02-15 01:00:00,-2.0856254915430896,1.0,34.0,3565.08,209.75550905,43,0.0019162296632465666
2019-02-15 02:00:00,0.9597339031859504,2.0,158.0,3569.92,227.08437906,43,0.003757295431649393
2019-02-15 03:00:00,0.0,2.0,10.0,3562.71,200.19313209,43,0.002228642610463939
2019-02-15 04:00:00,1.9089023072222493,5.0,1256.0,3560.46,151.98326939999998,43,0.0012652039520147178
2019-02-15 05:00:00,0.0,1.0,314.0,3563.8,78.2856514,43,0.0022488590042291203
2019-02-15 06:00:00,1.0448346240484032,4.0,361.0,3570.27,146.62924344,43,0.0016002101053195627
2019-02-15 07:00:00,0.8428994459019797,6.0,549.0,3569.82,155.64589817,43,0.0011981725565472622
2019-02-15 08:00:00,0.7170210362576802,3.0,1593.0,3573.3,200.90833859,43,0.001762273192955806
2019-02-15 09:00:00,-2.6759629870966277,1.0,269.0,3580.3,265.1187639,43,0.0026704408585774583
2019-02-15 10:00:00,0.0,4.0,1135.0,3576.02,120.8694066,43,0.0025041341732941888
2019-02-15 11:00:00,0.0,3.0,347.0,3578.31,133.22569602,43,0.002137538841567847
2019-02-15 12:00:00,0.1552686543858639,5.0,202.0,3576.52,214.16478146,43,0.0020772709968001307
2019-02-15 13:00:00,0.6857895475543124,7.0,2563.0,3575.6,182.503981,43,0.0015276647634438506
2019-02-15 14:00:00,1.2211237254061378,0.0,0.0,3570.51,194.60761775,43,0.001831193712636586
2019-02-15 15:00:00,1.7564579032579628,6.0,2821.0,3580.57,342.10651027,43,0.0036845085884459204
2019-02-15 16:00:00,0.626745953067847,4.0,1305.0,3574.88,573.09495588,43,0.005761990269947011
2019-02-15 17:00:00,1.1663051045204862,4.0,849.0,3582.8,195.23458386,43,0.0012507078448887462
2019-02-15 18:00:00,0.0,2.0,96.0,3586.85,330.68845959,43,0.002359571023610174
2019-02-15 19:00:00,-1.1440711898531306,4.0,5346.0,3553.24,1074.88602276,43,0.013722241939874608
2019-02-15 20:00:00,3.3870512416975367,1.0,171.0,3556.46,422.39669818,43,0.0036084066429139254
2019-02-15 21:00:00,0.0,1.0,33.0,3561.77,361.52726902,43,0.0009479521532055202
2019-02-15 22:00:00,0.0,3.0,169.0,3564.41,358.33112034,43,0.002020059250151838
2019-02-15 23:00:00,1.1907398677957122,4.0,2240.0,3566.76,173.55849971,43,0.0012828284343056203
2019-02-16 00:00:00,0.0,1.0,873.0,3562.62,153.44702361,43,0.0010815825749941699
2019-02-16 01:00:00,2.490243283019133,1.0,50.0,3565.1,166.12363746,43,0.0014873568621770622
2019-02-16 02:00:00,0.0,2.0,68.0,3564.21,165.95464903,43,0.001325384648268644
2019-02-16 03:00:00,0.0,1.0,35.0,3564.67,135.33673238,43,0.0018750230124331484
2019-02-16 04:00:00,1.133558907450407,3.0,530.0,3566.29,90.12251684,43,0.0011279435947483473
2019-02-16 05:00:00,0.5434432108584535,3.0,274.0,3573.6,177.50412404,43,0.001969074932541428
2019-02-16 06:00:00,1.152711988895926,2.0,169.0,3574.44,134.93704937,43,0.0015930072251832677
2019-02-16 07:00:00,2.1293249799342524,0.0,0.0,3578.95,91.08546912,43,0.0018296292867217398
2019-02-16 08:00:00,3.1059379709725783,1.0,282.0,3588.97,176.3001733,43,0.002361348648174169
2019-02-16 09:00:00,1.5529689854862891,0.0,0.0,3583.27,438.46090247,43,0.0035662778786326632
2019-02-16 10:00:00,0.0,1.0,11.0,3580.63,131.60287204,43,0.002092019544473366
2019-02-16 11:00:00,1.6955142070612237,0.0,0.0,3583.17,87.58525727,43,0.002292362522267721
2019-02-16 12:00:00,3.391028414122448,1.0,237.0,3583.21,110.70826463,43,0.0019722374031073773
2019-02-16 13:00:00,0.7073384630969718,3.0,2460.0,3588.01,90.05221224,43,0.0017045322921814415
2019-02-16 14:00:00,0.0,1.0,9.0,3584.05,73.34168169,43,0.002078359022748771
2019-02-16 15:00:00,1.2712652164667633,2.0,73.0,3585.81,155.93397905,43,0.0017215596993855706
2019-02-16 16:00:00,1.8238283854915676,4.0,1463.0,3588.17,70.48222985,43,0.0012365436929578052
2019-02-16 17:00:00,2.4798142218906944,3.0,1064.0,3586.23,287.33786031,43,0.008413411679666657
2019-02-16 18:00:00,1.0664539159661626,3.0,93.0,3597.41,202.38451431,43,0.0034936446050719524
2019-02-16 19:00:00,1.3859657022355445,2.0,395.0,3598.41,195.51260297,43,0.003420867350849433
2019-02-16 20:00:00,0.0,1.0,43.0,3597.1,152.24050935,43,0.002739051577820316
2019-02-16 21:00:00,0.0,1.0,25.0,3594.47,168.35602099,43,0.003766967887846656
2019-02-16 22:00:00,0.0,3.0,1287.0,3592.07,72.00457252,43,0.0018241633262262092
2019-02-16 23:00:00,0.0,4.0,886.0,3592.51,78.91320612999999,43,0.0009648099515689132
2019-02-17 00:00:00,4.075935738957437,1.0,1100.0,3594.82,121.71666544,38,0.0014771414128288065
2019-02-17 01:00:00,0.97902988777422,2.0,37.0,3597.69,56.94249676,38,0.0016133237696309133
2019-02-17 02:00:00,3.43648958715525,1.0,262.0,3596.0,133.07688811,38,0.0018672187117887225
2019-02-17 03:00:00,3.516079451542636,0.0,0.0,3589.7,69.87242563,38,0.001921615433931757
2019-02-17 04:00:00,3.5956693159300217,1.0,277.0,3579.92,166.12432634,38,0.002998859001963978
2019-02-17 05:00:00,3.480890190897294,0.0,0.0,3582.15,123.32274857,38,0.0035989763371465336
2019-02-17 06:00:00,3.3661110658645663,1.0,721.0,3586.38,95.70139811,38,0.003006167981497999
2019-02-17 07:00:00,0.0,2.0,237.0,3583.62,31.74351712,38,0.001735703851171577
2019-02-17 08:00:00,0.0,1.0,8.0,3587.97,63.83316655,38,0.0007475339116628242
2019-02-17 09:00:00,0.0,1.0,43.0,3595.03,203.24568315,38,0.0021949742849050645
2019-02-17 10:00:00,-0.8506679878232496,2.0,34.0,3598.45,94.29374669,38,0.0014600336343106614
2019-02-17 11:00:00,0.7733441244038755,2.0,59.0,3594.5,130.73549501,38,0.0022959817696530634
2019-02-17 12:00:00,2.709778806629743,2.0,159.0,3597.75,78.07048489,38,0.00136032248940511
2019-02-17 13:00:00,0.0,1.0,11.0,3595.91,68.82433562,38,0.0015897615803417847
2019-02-17 14:00:00,0.0,1.0,206.0,3599.09,81.16206926,38,0.0012989148847439486
2019-02-17 15:00:00,2.2563577712030645,1.0,82.0,3587.67,1198.45440978,38,0.01837024170651046
2019-02-17 16:00:00,1.2535434969713697,4.0,1042.0,3582.49,230.13101463,38,0.004117380241413725
2019-02-17 17:00:00,0.0,2.0,168.0,3563.77,388.69070851,38,0.0038596169349057086
2019-02-17 18:00:00,0.8282665843286624,3.0,521.0,3568.0,242.77116297,38,0.0036550026373878574
2019-02-17 19:00:00,0.0,1.0,616.0,3571.93,79.79085538,38,0.0015241334174713015
2019-02-17 20:00:00,0.0,1.0,4.0,3566.81,212.96139229,38,0.0018213946775026387
2019-02-17 21:00:00,4.6310544801226925,1.0,1035.0,3569.89,180.30093782,38,0.0028896730575921235
2019-02-17 22:00:00,1.2636487047527003,5.0,377.0,3575.58,114.3409299,38,0.0009462638182342054
2019-02-17 23:00:00,1.6473196173138656,1.0,18.0,3572.56,141.54947062,38,0.002383853498484004
2019-02-18 00:00:00,1.240466194422616,2.0,136.0,3571.12,93.56814217,63,0.0023038180207951412
2019-02-18 01:00:00,1.7933920928989906,2.0,599.0,3572.79,95.05340793,63,0.0012548372334075118
2019-02-18 02:00:00,1.2404082265056084,0.0,0.0,3585.41,470.73337314,63,0.006549654962652692
2019-02-18 03:00:00,0.6874243601122265,2.0,10.0,3601.0,210.4704369,63,0.0033697587769455557
2019-02-18 04:00:00,0.9303798242496408,2.0,756.0,3625.6,382.71238837,63,0.0069441351973790165
2019-02-18 05:00:00,0.0,2.0,582.0,3657.69,683.84838274,63,0.008143557008805235
2019-02-18 06:00:00,0.0,2.0,615.0,3643.37,1432.19541878,63,0.017635152890907918
2019-02-18 07:00:00,0.385111627753829,7.0,2178.0,3672.08,298.88975373,63,0.004546704731945001
2019-02-18 08:00:00,1.975127917000992,2.0,527.0,3684.33,824.4806317,63,0.004880569831102151
2019-02-18 09:00:00,0.9276622010234136,4.0,121.0,3672.98,465.52644608,63,0.005255892932495685
2019-02-18 10:00:00,0.2439206733794963,5.0,121.0,3680.99,468.86828564,63,0.004358088806423628
2019-02-18 11:00:00,0.0,2.0,211.0,3693.77,424.54874668,63,0.005113180857235248
2019-02-18 12:00:00,2.3259759934783863,5.0,1036.0,3689.66,613.90235771,63,0.0077112164595984885
2019-02-18 13:00:00,0.0,1.0,75.0,3695.37,333.94894468,63,0.006014265321442507
2019-02-18 14:00:00,0.0,4.0,595.0,3705.27,228.57515968,63,0.003229712077370208
2019-02-18 15:00:00,1.1635890578842485,4.0,200.0,3687.89,418.11162844,63,0.005011162915897009
2019-02-18 16:00:00,1.6038608940285464,5.0,139.0,3708.3,357.95759052,63,0.00607438287733075
2019-02-18 17:00:00,1.2575578053642835,6.0,855.0,3732.17,434.52944575,63,0.009297777040920168
2019-02-18 18:00:00,1.271703818049015,4.0,483.0,3798.76,1282.35298778,63,0.015294070737446165
2019-02-18 19:00:00,0.6711440638272643,6.0,1676.0,3798.97,1108.22287493,63,0.008940658507039805
2019-02-18 20:00:00,2.1964196669285765,4.0,1121.0,3803.58,549.26877608,63,0.00573864201945809
2019-02-18 21:00:00,0.0,2.0,243.0,3861.34,2115.98188084,63,0.018540099143065106
2019-02-18 22:00:00,-0.2341350370790673,5.0,962.0,3868.31,666.78993589,63,0.00805055148489107
2019-02-18 23:00:00,2.244265759640977,4.0,1545.0,3882.45,511.49744929,63,0.005853828518746379
2019-02-19 00:00:00,1.3090028661289068,0.0,0.0,3864.85,465.4789735,65,0.004019807846262659
2019-02-19 01:00:00,0.3737399726168362,4.0,417.0,3865.0,583.59978497,65,0.004014045202754349
2019-02-19 02:00:00,0.0,2.0,1200.0,3851.98,329.44564928,65,0.004350320084826008
2019-02-19 03:00:00,1.2158154993786483,4.0,505.0,3859.81,482.97937996,65,0.006081040728482194
2019-02-19 04:00:00,0.0,4.0,363.0,3869.8,486.08436964,65,0.003482286042414872
2019-02-19 05:00:00,0.0,3.0,1156.0,3922.0,1022.54694052,65,0.013537015553963482
2019-02-19 06:00:00,1.2006295080436515,3.0,313.0,3864.2,1092.55214956,65,0.011779293825519482
2019-02-19 07:00:00,0.8338746738286673,4.0,646.0,3855.99,543.29683843,65,0.0033305468384035265
2019-02-19 08:00:00,0.0,4.0,190.0,3867.63,280.59874299,65,0.0016881608595274212
2019-02-19 09:00:00,0.3121434551246295,0.0,0.0,3876.03,356.24278996,65,0.0038227117003987367
2019-02-19 10:00:00,0.624286910249259,6.0,1089.0,3869.94,366.40703455,65,0.005400695726229594
2019-02-19 11:00:00,0.9372261592808246,4.0,2191.0,3878.27,394.95601279,65,0.002370970275434977
2019-02-19 12:00:00,2.6608469046938072,2.0,251.0,3889.95,541.21116359,65,0.0029636531165470326
2019-02-19 13:00:00,2.1026834987486693,6.0,4924.0,3885.91,501.65525964,65,0.003183508664248644
2019-02-19 14:00:00,0.4910463099786012,4.0,744.0,3861.55,595.46497743,65,0.0062167043197814765
2019-02-19 15:00:00,0.8544321605975096,6.0,686.0,3873.92,612.06630133,65,0.005250780636650313
2019-02-19 16:00:00,0.6785016415749078,7.0,3326.0,3875.29,288.50829854,65,0.00330766844622467
2019-02-19 17:00:00,0.3283769966488563,7.0,2695.0,3891.21,401.18659966,65,0.003539156410584894
2019-02-19 18:00:00,0.0,1.0,106.0,3954.06,821.30147792,65,0.012439156470153924
2019-02-19 19:00:00,1.267002280504764,2.0,366.0,3933.14,1409.42507509,65,0.01627938899216345
2019-02-19 20:00:00,-0.928555028657916,3.0,1595.0,3951.74,504.34785931,65,0.006234218014829009
2019-02-19 21:00:00,2.4192412755929005,2.0,1346.0,3942.56,508.54542757,65,0.004869536866841311
2019-02-19 22:00:00,0.0,1.0,217.0,3937.0,477.59328659,65,0.005137461014054461
2019-02-19 23:00:00,3.02022435619107,1.0,361.0,3927.9,201.27573507,65,0.0019664259824962813
2019-02-20 00:00:00,0.0,1.0,76.0,3949.61,374.46396285,59,0.0037171740396008865
2019-02-20 01:00:00,0.0,3.0,588.0,3930.0,330.34311339,59,0.002951063082856304
2019-02-20 02:00:00,0.0,0.0,0.0,3890.91,435.14260266,59,0.011050325928677026
2019-02-20 03:00:00,0.0,0.0,0.0,3909.44,270.85919188,59,0.0045226857672466
2019-02-20 04:00:00,0.0,2.0,57.0,3888.46,195.14566881,59,0.004017535175319408
2019-02-20 05:00:00,0.0438430970308488,3.0,1092.0,3883.89,402.82267361,59,0.006915583079413946
2019-02-20 06:00:00,2.8109319020431727,4.0,1422.0,3894.73,443.88938001,59,0.004600264457838926
2019-02-20 07:00:00,0.0,3.0,282.0,3899.7,392.8620102,59,0.003856314324100735
2019-02-20 08:00:00,0.0,1.0,65.0,3894.31,403.45526509,59,0.0030964930023613
2019-02-20 09:00:00,0.0,3.0,5314.0,3884.87,270.11940402,59,0.0026484384992117123
2019-02-20 10:00:00,0.4490438832243831,4.0,168.0,3884.0,436.12364355,59,0.004234663319080121
2019-02-20 11:00:00,0.0,4.0,568.0,3883.74,387.96435447,59,0.0028100006196660685
2019-02-20 12:00:00,0.0,3.0,100.0,3892.91,291.90001011,59,0.003758316258151784
2019-02-20 13:00:00,0.7034447396450774,3.0,455.0,3916.54,435.05196089,59,0.005490306848454292
2019-02-20 14:00:00,0.2968386710727801,7.0,346.0,3912.71,573.73492653,59,0.003098275662488109
2019-02-20 15:00:00,1.8795963161404483,9.0,2737.0,3937.97,714.26825125,59,0.006331440573242488
2019-02-20 16:00:00,0.9856606720135672,2.0,204.0,3927.51,293.25634638,59,0.003228882042422654
2019-02-20 17:00:00,1.1167262358042014,2.0,373.0,3949.12,568.49766185,59,0.00381509230322456
2019-02-20 18:00:00,0.0,2.0,332.0,3916.12,1013.80251095,59,0.009198596023358785
2019-02-20 19:00:00,1.7669609781886322,5.0,1541.0,3921.4,411.78718872,59,0.003202196989740313
2019-02-20 20:00:00,2.212796233502393,1.0,60.0,3908.49,299.68488232,59,0.004038068452910439
2019-02-20 21:00:00,1.4590059214929616,3.0,705.0,3921.06,287.02265702,59,0.0034203448319129297
2019-02-20 22:00:00,0.0,2.0,420.0,3914.04,395.33375289,59,0.0029494086805614394
2019-02-20 23:00:00,1.8635953766256312,2.0,89.0,3924.17,330.47472715,59,0.004036085267146571
2019-02-21 00:00:00,1.0142902851423274,3.0,131.0,3924.15,195.34392355,59,0.0028220014625593474
2019-02-21 01:00:00,1.8320480112923077,5.0,945.0,3933.24,368.54253537,59,0.0035952999716517683
2019-02-21 02:00:00,1.976472284491066,2.0,850.0,3913.99,293.34482704,59,0.004296603816599017
2019-02-21 03:00:00,1.351732738975664,8.0,2667.0,3924.81,295.95864737,59,0.004436707841840386
2019-02-21 04:00:00,1.0138133252374697,0.0,0.0,3936.53,349.11339819,59,0.004842288273908195
2019-02-21 05:00:00,0.6758939114992749,3.0,1264.0,3925.0,485.68268608,59,0.004953322717330243
2019-02-21 06:00:00,0.0,3.0,201.0,3919.01,264.96085543,59,0.002231936471475327
2019-02-21 07:00:00,4.312578320688827,1.0,2052.0,3921.3,161.53651597,59,0.002070874752271211
2019-02-21 08:00:00,0.0,2.0,63.0,3939.92,280.70913516,59,0.004958694951862515
2019-02-21 09:00:00,1.122559385859952,2.0,2038.0,3931.55,160.80554285,59,0.002345185161017235
2019-02-21 10:00:00,2.8053325268796154,3.0,60410.0,3949.33,477.65848416,59,0.004398446649702786
2019-02-21 11:00:00,0.8459146277263857,5.0,4610.0,3926.03,563.66376831,59,0.013183797819953729
2019-02-21 12:00:00,1.1621288456057606,4.0,194.0,3931.29,333.43069576,59,0.001655347256456827
2019-02-21 13:00:00,2.013330520482863,5.0,1485.0,3913.68,467.21426597,59,0.005170444850516347
2019-02-21 14:00:00,1.797685653965693,6.0,3310.0,3891.74,518.28304139,59,0.006203686718216029
2019-02-21 15:00:00,1.2400693155944962,0.0,0.0,3898.0,348.3219104,59,0.0021863543995708193
2019-02-21 16:00:00,0.6824529772232995,4.0,814.0,3893.95,1113.67342599,59,0.005752383964605426
2019-02-21 17:00:00,0.0,4.0,651.0,3892.33,264.92359562,59,0.0020613605065489095
2019-02-21 18:00:00,0.0,1.0,55.0,3909.01,256.95964745,59,0.004332324664252195
2019-02-21 19:00:00,0.0,3.0,89.0,3899.0,290.51438321,59,0.0012285170081231685
2019-02-21 20:00:00,2.07654703638998,6.0,1227.0,3896.08,262.54650718,59,0.0018745361134027165
2019-02-21 21:00:00,1.81123387408565,2.0,158.0,3885.66,575.82594111,59,0.0023303710573858386
2019-02-21 22:00:00,1.4341638980838485,0.0,0.0,3893.01,163.64580285,59,0.0019042934519008865
2019-02-21 23:00:00,1.0570939220820466,3.0,366.0,3880.25,329.30389524,59,0.0023390388047834034
2019-02-22 00:00:00,2.703209486392654,3.0,809.0,3891.0,184.1026906,61,0.0020075575107080744
2019-02-22 01:00:00,0.5827909600200525,3.0,89.0,3893.0,221.07745948,61,0.0018196500499584032
2019-02-22 02:00:00,0.9906591081686814,2.0,2192.0,3898.0,73.98156289,61,0.002096097409384412
2019-02-22 03:00:00,2.7224074011408907,1.0,173.0,3887.42,130.87240967,61,0.0017153080223612492
2019-02-22 04:00:00,0.3517246726483689,2.0,23.0,3900.4,126.1047054,61,0.0013477881978756516
2019-02-22 05:00:00,0.3292794691175441,5.0,213.0,3898.76,111.16193205,61,0.00215055856860753
2019-02-22 06:00:00,1.891442139168766,3.0,330.0,3908.15,209.24338454,61,0.002112742742672592
2019-02-22 07:00:00,1.3135989086378312,3.0,1190.0,3918.86,263.0614966,61,0.0023537469435254096
2019-02-22 08:00:00,1.4684891980795465,3.0,810.0,3911.1,167.87225714000002,61,0.0017398964695148908
2019-02-22 09:00:00,0.0,2.0,48.0,3915.96,137.68579049,61,0.0012806196146792387
2019-02-22 10:00:00,0.7647369183814899,4.0,291.0,3914.3,139.31843259,61,0.0022403683900669566
2019-02-22 11:00:00,1.1074378821924424,3.0,729.0,3908.0,129.55558427,61,0.0016722438075930876
2019-02-22 12:00:00,1.295726507899614,2.0,157.0,3890.9,627.97444991,61,0.0037476820059298374
2019-02-22 13:00:00,0.0,3.0,625.0,3928.9,483.13489379,61,0.004687880607933839
2019-02-22 14:00:00,0.0,3.0,555.0,3923.02,288.21871058,61,0.0028431447664745263
2019-02-22 15:00:00,0.6316348530349373,5.0,1722.0,3921.59,358.64161106,61,0.002632238507952273
2019-02-22 16:00:00,1.7262293634235175,5.0,866.0,3925.55,280.3759842,61,0.0029818283969541702
2019-02-22 17:00:00,1.789352541129567,2.0,273.0,3929.11,335.12323639,61,0.004444968136655002
2019-02-22 18:00:00,0.6077237953599326,4.0,577.0,3945.1,273.47874182,61,0.004587301040183475
2019-02-22 19:00:00,0.8301101428354413,5.0,458.0,3945.43,321.39805384,61,0.004028519407720901
2019-02-22 20:00:00,0.543923216162988,6.0,805.0,3929.34,537.27414457,61,0.005287915090037159
2019-02-22 21:00:00,0.0,2.0,649.0,3928.1,363.8836861,61,0.0026568994814899025
2019-02-22 22:00:00,1.6817676517632802,3.0,1040.0,3940.78,263.35019464,61,0.003146246367464376
2019-02-22 23:00:00,0.0,5.0,269.0,3940.69,192.87920541,61,0.0017479553391832642
2019-02-23 00:00:00,0.5131178770268889,0.0,0.0,3940.97,314.89211863,63,0.0032230379953429415
2019-02-23 01:00:00,1.026235754053778,2.0,86.0,3931.13,205.99630929,63,0.0023546470416162886
2019-02-23 02:00:00,1.0740300953842712,4.0,336.0,3940.9,157.59115248,63,0.0030920712796628034
2019-02-23 03:00:00,3.1459208351913137,2.0,507.0,3944.01,200.7994897,63,0.0018905650475332205
2019-02-23 04:00:00,1.1915528643083786,4.0,215.0,3939.82,230.94907392,63,0.0025255605792132646
2019-02-23 05:00:00,-0.644861192243974,5.0,2301.0,3934.83,62.89217914,63,0.001630204272632785
2019-02-23 06:00:00,3.1002343528353817,2.0,196.0,3946.41,125.69575534,63,0.0019673610217631966
2019-02-23 07:00:00,2.512254853816531,0.0,0.0,3939.35,148.45752587,63,0.0016682263871465128
2019-02-23 08:00:00,1.92427535479768,3.0,413.0,3940.5,108.32544955,63,0.00175147821763821
2019-02-23 09:00:00,1.2762492704666708,2.0,17.0,3926.55,158.60875375999998,63,0.003093293971966156
2019-02-23 10:00:00,0.0,1.0,3.0,3928.44,186.68915797,63,0.0032409040871833627
2019-02-23 11:00:00,0.0,2.0,84.0,3928.23,108.07368585,63,0.001345966602322455
2019-02-23 12:00:00,0.0,2.0,156.0,3927.64,78.7511609,63,0.0015637151755023796
2019-02-23 13:00:00,0.8061728833569808,2.0,142.0,3921.51,234.2118275,63,0.00405160992593984
2019-02-23 14:00:00,2.0423921986061626,3.0,594.0,3933.93,174.72951975,63,0.004055568231579294
2019-02-23 15:00:00,0.3791136581468852,6.0,1540.0,3936.94,108.70388766,63,0.0014879235176837007
2019-02-23 16:00:00,1.1085239686795374,2.0,48.0,3933.22,381.40808888,63,0.002538381079182264
2019-02-23 17:00:00,0.3722823150693158,7.0,5844.0,3936.78,206.58353761,63,0.0020710888983994737
2019-02-23 18:00:00,1.0249614716033784,4.0,125.0,3930.49,66.78525842,63,0.0015396671947125239
2019-02-23 19:00:00,0.0,3.0,625.0,3933.31,67.68688185,63,0.001400654039908241
2019-02-23 20:00:00,0.7280169223199832,7.0,1847.0,3922.31,159.55852421,63,0.003699652641855253
2019-02-23 21:00:00,0.7932536502538733,7.0,4810.0,3954.13,452.27213622,63,0.009464091131250909
2019-02-23 22:00:00,0.0,5.0,398.0,4090.0,2279.72918931,63,0.021962584365757
2019-02-23 23:00:00,-1.3316270745146783,2.0,50.0,4092.39,912.39723211,63,0.01029725234662658
2019-02-24 00:00:00,0.4750171151627315,4.0,876.0,4096.23,414.61691926,69,0.006431923294325513
2019-02-24 01:00:00,0.0,2.0,23.0,4142.23,619.65426567,69,0.008026982304815945
2019-02-24 02:00:00,1.5352352713215407,3.0,475.0,4106.49,207.38961978,69,0.0029904729828990617
2019-02-24 03:00:00,0.0,1.0,2863.0,4116.18,217.29916646,69,0.004103889232227529
2019-02-24 04:00:00,1.8814969187224375,3.0,907.0,4113.53,485.79748779,69,0.0029653466424219934
2019-02-24 05:00:00,3.57636810205139,2.0,470.0,4126.61,122.39476444,69,0.003200924142503678
2019-02-24 06:00:00,3.688632371507008,0.0,0.0,4127.67,180.7021023,69,0.002629110315403228
2019-02-24 07:00:00,3.8008966409626255,1.0,249.0,4152.46,347.65221372,69,0.00576090824978713
2019-02-24 08:00:00,0.0,4.0,1510.0,4162.33,667.2593461,69,0.0080574641777176
2019-02-24 09:00:00,0.0,1.0,4.0,4152.95,236.08489786,69,0.0038356390091526605
2019-02-24 10:00:00,1.6629165853736607,2.0,202.0,4159.89,212.50772527,69,0.002232608853917647
2019-02-24 11:00:00,1.1674767513622082,3.0,234.0,4159.98,180.88317965,69,0.0026573786363557456
2019-02-24 12:00:00,0.9173394967081692,3.0,228.0,4159.08,213.78860685,69,0.002568294693327706
2019-02-24 13:00:00,0.6268273238388596,6.0,2475.0,4130.0,255.46490728,69,0.005537938137309286
2019-02-24 14:00:00,-6.355293418726611,1.0,776.0,4134.46,478.24035849,69,0.00557464090185201
2019-02-24 15:00:00,0.0,3.0,70.0,4135.31,222.88567725,69,0.0022113168470557247
2019-02-24 16:00:00,0.3090481799667131,3.0,105.0,4131.61,181.43426541,69,0.0026188680789918676
2019-02-24 17:00:00,0.0,2.0,27.0,4108.76,375.29852906,69,0.00707916826523452
2019-02-24 18:00:00,4.516012688096621,1.0,1222.0,4077.88,447.68609109,69,0.010960423158207274
2019-02-24 19:00:00,0.8253256378489452,4.0,1859.0,3791.0,3896.55336417,69,0.04976818329342065
2019-02-24 20:00:00,-1.2617884066687837,5.0,8388.0,3778.27,1125.5291778,69,0.009053820759833735
2019-02-24 21:00:00,1.7557060212348825,6.0,2006.0,3757.42,1606.82660084,69,0.01254379539208276
2019-02-24 22:00:00,1.3655901020815824,4.0,108.0,3762.77,489.82305994,69,0.006370423301233257
2019-02-24 23:00:00,1.2208716243362716,3.0,158.0,3777.65,312.64500177,69,0.006422949219095861
2019-02-25 00:00:00,0.0,1.0,46.0,3772.19,498.28734157,47,0.002396434919623237
2019-02-25 01:00:00,-3.09833429621082,1.0,88.0,3783.3,275.10492543,47,0.0027792276408326864
2019-02-25 02:00:00,1.9211667381810529,3.0,159.0,3780.67,544.68585196,47,0.005024765836973055
2019-02-25 03:00:00,0.0,2.0,700.0,3757.26,415.67665331,47,0.007681456069674691
2019-02-25 04:00:00,0.9315024478566354,3.0,1102.0,3730.68,449.59934689,47,0.009147219616889149
2019-02-25 05:00:00,0.4657512239283177,0.0,0.0,3759.24,345.42635764,47,0.004129039498480673
2019-02-25 06:00:00,0.0,1.0,7.0,3760.18,209.12598006,47,0.003173886613296559
2019-02-25 07:00:00,0.0,2.0,118.0,3773.33,278.20615009,47,0.0020920868880953676
2019-02-25 08:00:00,1.0186511838035226,6.0,2419.0,3779.71,538.76741839,47,0.0039029783660510207
2019-02-25 09:00:00,1.1380320429440072,4.0,3245.0,3783.43,416.57262382,47,0.0033662943785977774
2019-02-25 10:00:00,0.9384919155418898,0.0,0.0,3781.55,252.26146099,47,0.00607787680910192
2019-02-25 11:00:00,0.7389517881397724,3.0,142.0,3776.58,127.16992425,47,0.002428017683309686
2019-02-25 12:00:00,2.572048452271136,3.0,572.0,3756.35,228.99681082,47,0.003052116633728995
2019-02-25 13:00:00,0.0210873980676792,9.0,2370.0,3775.23,202.25920332,47,0.002155185851205344
2019-02-25 14:00:00,2.0174631500631417,2.0,388.0,3774.84,293.83831753,47,0.0023738105852566167
2019-02-25 15:00:00,1.077341233720252,2.0,122.0,3777.62,611.86525941,47,0.008211403191844671
2019-02-25 16:00:00,1.616395258993042,2.0,340.0,3778.36,174.59867701,47,0.003082465993549597
2019-02-25 17:00:00,0.9702241100697336,3.0,111.0,3785.17,303.45379376,47,0.004423065788299113
2019-02-25 18:00:00,0.0,5.0,10981.0,3790.63,133.97108788,47,0.00246359335678038
2019-02-25 19:00:00,0.0,2.0,1319.0,3776.8,528.18450061,47,0.004812841921707824
2019-02-25 20:00:00,1.2842473185037495,3.0,445.0,3791.64,486.24243723,47,0.0020694196537296736
2019-02-25 21:00:00,0.0,1.0,646.0,3832.51,912.25802567,47,0.006731578292612813
2019-02-25 22:00:00,0.0,3.0,1696.0,3820.72,513.44320888,47,0.004650449575048096
2019-02-25 23:00:00,0.3558739193157316,4.0,503.0,3857.2,676.38391996,47,0.00560019774525242
2019-02-26 00:00:00,0.0,3.0,36.0,3845.53,265.79763196,40,0.003196454878036523
2019-02-26 01:00:00,-0.0066702973309975,5.0,1124.0,3830.0,609.28837397,40,0.009013771105390395
2019-02-26 02:00:00,1.5039692390726964,0.0,0.0,3802.6,359.68396909,40,0.00327481058900405
2019-02-26 03:00:00,3.01460877547639,1.0,65.0,3820.87,185.74753439,40,0.004458676600865642
2019-02-26 04:00:00,0.0,2.0,179.0,3820.71,181.81958248,40,0.002888783453667456
2019-02-26 05:00:00,0.3060677075627915,0.0,0.0,3820.72,194.51782142,40,0.001826981552007668
2019-02-26 06:00:00,0.612135415125583,3.0,853.0,3819.6,169.48687361,40,0.001272242265588387
2019-02-26 07:00:00,0.0,1.0,1665.0,3822.59,210.8347791,40,0.00227834376374358
2019-02-26 08:00:00,1.0063033401034172,7.0,1993.0,3824.74,242.52178082,40,0.0019546420983019065
2019-02-26 09:00:00,0.3973775630601379,2.0,32.0,3813.02,152.32471157,40,0.0018238248926709514
2019-02-26 10:00:00,0.7335670152911672,7.0,1824.0,3796.71,560.5587506,40,0.010114007972617058
2019-02-26 11:00:00,0.0224044884506199,2.0,35.0,3777.19,466.7923015,40,0.0057762413557410335
2019-02-26 12:00:00,1.6510347661038494,2.0,77.0,3788.17,311.93428158,40,0.002345499316561801
2019-02-26 13:00:00,0.0,4.0,683.0,3790.47,379.69272441,40,0.0019820155672324075
2019-02-26 14:00:00,0.7090149324804507,7.0,887.0,3789.11,329.28175854,40,0.004792209086586172
2019-02-26 15:00:00,1.6983829315651175,2.0,202.0,3798.31,194.25796929,40,0.0034504329240903063
2019-02-26 16:00:00,2.0098246554933903,4.0,5802.0,3788.83,334.03993654,40,0.002691104127229028
2019-02-26 17:00:00,0.0,7.0,1125.0,3789.08,296.10413037,40,0.00222060562149164
2019-02-26 18:00:00,0.0,3.0,464.0,3791.75,237.57236566,40,0.0036642173741088485
2019-02-26 19:00:00,1.689365482011022,3.0,258.0,3811.18,282.7236227,40,0.006150417867675829
2019-02-26 20:00:00,0.0134914984730783,3.0,101.0,3807.0,346.68871166,40,0.0029294218421485963
2019-02-26 21:00:00,-0.1733964951444501,8.0,817.0,3793.03,188.57881243,40,0.002516858175614567
2019-02-26 22:00:00,0.0,1.0,18.0,3801.04,350.34405331,40,0.003887794538954772
2019-02-26 23:00:00,-0.6743112908523407,4.0,6004.0,3792.86,255.96839291,40,0.004298617581486981
2019-02-27 00:00:00,1.5892726808551112,0.0,0.0,3798.92,169.92612636,39,0.004390524341184906
2019-02-27 01:00:00,3.852856652562564,1.0,591.0,3794.51,164.05512475,39,0.0024818223199999235
2019-02-27 02:00:00,0.0,1.0,79.0,3789.41,348.13217565,39,0.0031206974361506676
2019-02-27 03:00:00,0.0,1.0,44.0,3796.36,238.7779542,39,0.0032563342647453208
2019-02-27 04:00:00,0.0,3.0,201.0,3795.06,118.04937824,39,0.0015716851980409952
2019-02-27 05:00:00,0.0,0.0,0.0,3786.41,382.13981115,39,0.0038335040259619806
2019-02-27 06:00:00,0.0,2.0,180.0,3781.79,192.14645619,39,0.0013644085961697497
2019-02-27 07:00:00,0.6223208857432246,3.0,236.0,3800.73,199.48595157,39,0.0041426337884456444
2019-02-27 08:00:00,0.0,4.0,1993.0,3800.48,100.52892527,39,0.0017028098007137824
2019-02-27 09:00:00,0.9697467940421518,5.0,1266.0,3801.14,216.81308663,39,0.0017540320936801873
2019-02-27 10:00:00,-0.3340692585922159,7.0,706.0,3804.82,45.68042321,39,0.001484752759553592
2019-02-27 11:00:00,0.9487639246654244,3.0,242.0,3797.54,137.6502041,39,0.0017508659738835572
2019-02-27 12:00:00,0.0,1.0,23.0,3811.4,365.46741861,39,0.0025805084935569887
2019-02-27 13:00:00,0.797538633830047,3.0,197.0,3807.33,219.58382979,39,0.0021642837869983466
2019-02-27 14:00:00,0.0,4.0,258.0,3809.37,101.95975592,39,0.000944902998754118
2019-02-27 15:00:00,0.6399702003044718,5.0,1187.0,3806.41,170.80178556,39,0.0020394034638741786
2019-02-27 16:00:00,0.0,3.0,500.0,3813.92,223.00646823,39,0.0014929228412087945
2019-02-27 17:00:00,0.7166277738867317,7.0,3158.0,3809.77,204.35547008,39,0.00269284163708358
2019-02-27 18:00:00,0.9720813430994276,5.0,484.0,3811.11,306.42739446,39,0.002518102094349407
2019-02-27 19:00:00,1.550413600155179,2.0,91.0,3803.31,636.82085539,39,0.005895502009177225
2019-02-27 20:00:00,0.4542339255335191,5.0,1002.0,3798.3,426.89495172,39,0.002281857493026063
2019-02-27 21:00:00,0.0,1.0,736.0,3799.91,175.77799548000002,39,0.0023731257227895017
2019-02-27 22:00:00,0.0,2.0,2233.0,3804.0,125.76930205,39,0.001191150162813908
2019-02-27 23:00:00,0.3803835085682066,3.0,166.0,3796.85,196.41089844,39,0.002027604783222943
2019-02-28 00:00:00,1.527153153131108,2.0,118.0,3802.1,264.47930342,39,0.0013960172857874307
2019-02-28 01:00:00,0.4501355586238477,4.0,185.0,3725.52,1961.41236571,39,0.024735184761566324
2019-02-28 02:00:00,0.0,3.0,403.0,3748.91,323.05356291,39,0.006340321666149696
2019-02-28 03:00:00,0.7187658144491206,2.0,26.0,3774.73,301.75457602,39,0.006241836408344337
2019-02-28 04:00:00,1.324490306271063,0.0,0.0,3798.47,323.87905281,39,0.005835464219257278
2019-02-28 05:00:00,1.930214798093005,2.0,490.0,3806.19,108.46127219,39,0.0027183646699791486
2019-02-28 06:00:00,0.0,3.0,34.0,3813.9,217.98587907,39,0.002134364968432324
2019-02-28 07:00:00,2.186579465930639,2.0,62.0,3803.67,88.21283426,39,0.0022293300514825724
2019-02-28 08:00:00,1.9306767830001468,0.0,0.0,3801.96,132.807183,39,0.001151329901369941
2019-02-28 09:00:00,1.6747741000696543,0.0,0.0,3807.0,95.19668926,39,0.0012368197213545613
2019-02-28 10:00:00,1.4188714171391623,3.0,101.0,3810.65,117.08634147,39,0.0013636802796274299
2019-02-28 11:00:00,0.6822458104699827,3.0,386.0,3803.87,210.50910936,39,0.0012855723186734405
2019-02-28 12:00:00,0.3806513743873991,6.0,373.0,3804.29,109.75499691,39,0.0013717124592920293
2019-02-28 13:00:00,1.9797300491653167,6.0,1023.0,3824.75,315.33395028,39,0.005458285054639126
2019-02-28 14:00:00,1.9530053671654304,4.0,729.0,3825.37,242.33615502,39,0.0028188339896482485
2019-02-28 15:00:00,1.139826384308016,4.0,1945.0,3818.16,254.15991167,39,0.002095986630164635
2019-02-28 16:00:00,0.2252287767714785,8.0,3892.0,3822.05,272.80335186,39,0.0018700241075439094
2019-02-28 17:00:00,0.1749345468952098,8.0,539.0,3819.97,467.51985181,39,0.0028079140378846623
2019-02-28 18:00:00,0.8346867070590401,3.0,187.0,3817.6,223.61785317,39,0.0013071350268583823
2019-02-28 19:00:00,1.2314714867154737,2.0,68.0,3821.6,266.780966,39,0.001988311788059781
2019-02-28 20:00:00,2.866974658536348,1.0,136.0,3840.61,1153.78164335,39,0.026178367133776293
2019-02-28 21:00:00,3.336074382124422,2.0,202.0,3818.82,608.1670412,39,0.009653303738691587
2019-02-28 22:00:00,2.3413572202831627,3.0,1314.0,3799.98,361.49060672,39,0.006062933180409648
2019-02-28 23:00:00,1.5754395606919342,2.0,523.0,3815.17,425.63170428,39,0.005776854468837583
2019-03-01 00:00:00,1.832786034212462,2.0,133.0,3807.09,335.70685238,42,0.004923937464186758
2019-03-01 01:00:00,-0.7858376295017311,3.0,352.0,3801.71,158.76166583,42,0.0036578032292643456
2019-03-01 02:00:00,1.5845271494139272,4.0,517.0,3798.45,178.81076729,42,0.0018231791353787536
2019-03-01 03:00:00,0.0,1.0,9.0,3792.83,279.56795265,42,0.003383714079941893
2019-03-01 04:00:00,0.5250062087526285,0.0,0.0,3791.36,123.39569263,42,0.0024325189897915584
2019-03-01 05:00:00,1.050012417505257,3.0,63.0,3794.14,78.92289346999999,42,0.0026853817929529218
2019-03-01 06:00:00,1.0977534569604273,7.0,254.0,3802.63,93.70269682,42,0.0019363592134122706
2019-03-01 07:00:00,0.0,2.0,53.0,3801.18,150.87639954,42,0.0013764115626800656
2019-03-01 08:00:00,0.5052580135371351,0.0,0.0,3803.05,89.31392436,42,0.001478291300055684
2019-03-01 09:00:00,1.01051602707427,4.0,192.0,3800.86,69.82390874,42,0.0009497194918349833
2019-03-01 10:00:00,0.0,2.0,34.0,3800.43,65.3296745,42,0.0013136462311157011
2019-03-01 11:00:00,1.661351194285083,4.0,3732.0,3799.76,62.4637506,42,0.0007812200814558757
2019-03-01 12:00:00,0.0,1.0,59.0,3809.64,509.01705709,42,0.0033245824698030922
2019-03-01 13:00:00,1.3242260444202574,3.0,523.0,3810.21,114.88864861,42,0.0016170728048515992
2019-03-01 14:00:00,0.0,3.0,1452.0,3811.1,399.67907579,42,0.0033591756183611325
2019-03-01 15:00:00,1.0643079495562404,2.0,155.0,3813.61,147.47318947,42,0.0017340335875094769
2019-03-01 16:00:00,0.0,2.0,22.0,3810.0,162.13823175,42,0.0016876416946169208
2019-03-01 17:00:00,1.532240605867761,4.0,1718.0,3809.14,111.03705884,42,0.0011030172424504004
2019-03-01 18:00:00,-0.8880056923835956,4.0,2174.0,3818.36,166.0050892,42,0.0027177605384149867
2019-03-01 19:00:00,1.3841953753674672,4.0,1336.0,3819.87,153.79441443,42,0.0017718619480605166
2019-03-01 20:00:00,0.0,2.0,717.0,3813.32,217.22110258,42,0.0014441551561126347
2019-03-01 21:00:00,0.0,3.0,283.0,3827.52,521.53333255,42,0.003616906982303391
2019-03-01 22:00:00,0.8039896714601706,0.0,0.0,3834.35,377.49064887,42,0.003151962135264115
2019-03-01 23:00:00,1.6079793429203413,3.0,616.0,3834.34,248.8134959,42,0.002887172843716209
2019-03-02 00:00:00,1.4106493356103058,2.0,290.0,3828.65,91.1742893,41,0.0016087814619219398
2019-03-02 01:00:00,0.0,2.0,279.0,3827.87,77.40314128,41,0.0015520912089603523
2019-03-02 02:00:00,4.303816057652748,1.0,499.0,3827.15,226.88242286,41,0.0014947846534610308
2019-03-02 03:00:00,2.283454149933332,1.0,42.0,3814.52,464.22056795,41,0.009107091136960878
2019-03-02 04:00:00,0.0,2.0,281.0,3807.05,162.20514452,41,0.0033646555823397045
2019-03-02 05:00:00,0.0,3.0,22.0,3810.67,181.41533215,41,0.0026488717364028997
2019-03-02 06:00:00,-1.7289253758964485,5.0,1760.0,3815.52,124.34131898,41,0.0016000800537918248
2019-03-02 07:00:00,-0.6019511851688619,5.0,7622.0,3813.11,84.19675554,41,0.0009683792595287713
2019-03-02 08:00:00,0.0,1.0,4.0,3814.8,67.97964481,41,0.0012394513380821082
2019-03-02 09:00:00,1.2463237132443066,4.0,174.0,3803.94,246.35489799,41,0.00417092058755248
2019-03-02 10:00:00,0.0,1.0,42.0,3802.47,150.36782658,41,0.0024125942417462243
2019-03-02 11:00:00,2.6300705006956284,1.0,61.0,3802.99,56.62008573,41,0.0011198827311275006
2019-03-02 12:00:00,0.6409651666817505,3.0,49.0,3792.0,223.14351456,41,0.003674988418979177
2019-03-02 13:00:00,0.0,1.0,102.0,3797.56,402.46091623,41,0.008392187729501852
2019-03-02 14:00:00,1.3685477940860813,4.0,814.0,3795.26,168.47293123,41,0.0020252282917070275
2019-03-02 15:00:00,-1.4421438202071923,2.0,148.0,3799.99,126.95003835,41,0.002504404380654839
2019-03-02 16:00:00,1.411074114409432,4.0,816.0,3808.69,186.28304825,41,0.003064326497843012
2019-03-02 17:00:00,1.1368851601547891,2.0,59.0,3809.08,146.40905447,41,0.001882309537625205
2019-03-02 18:00:00,0.5483548973490056,5.0,55.0,3810.73,87.71650709000001,41,0.0020981247590615335
2019-03-02 19:00:00,0.542306447696194,3.0,86.0,3806.65,120.72453924,41,0.0016392795148904022
2019-03-02 20:00:00,1.9502159347018184,4.0,1012.0,3801.03,160.56281771,41,0.0029817840457460228
2019-03-02 21:00:00,0.0,1.0,240.0,3802.14,160.8935698,41,0.003696531829314006
2019-03-02 22:00:00,0.0,2.0,625.0,3793.22,132.86709456,41,0.0025237551336469476
2019-03-02 23:00:00,1.184236730946013,2.0,95.0,3803.95,104.58236762,41,0.00117782453449539
2019-03-03 00:00:00,3.7066308884162864,1.0,94.0,3808.27,63.18766384,44,0.0016681085813058162
2019-03-03 01:00:00,3.5975159478729024,0.0,0.0,3802.91,85.83234863,44,0.002070020979268173
2019-03-03 02:00:00,3.488401007329518,2.0,424.0,3809.61,34.02131393,44,0.001394978746948811
2019-03-03 03:00:00,0.0,1.0,55.0,3813.48,81.5647937,44,0.002884847564087688
2019-03-03 04:00:00,0.0,1.0,15.0,3810.46,62.79474386,44,0.0015720616632461124
2019-03-03 05:00:00,0.3971505959956353,2.0,159.0,3811.49,182.86709886,44,0.002599499634052748
2019-03-03 06:00:00,1.667632004369174,0.0,0.0,3811.61,58.76708734,44,0.0025631649048236086
2019-03-03 07:00:00,2.938113412742713,1.0,294.0,3808.88,105.8596215,44,0.002291764183329857
2019-03-03 08:00:00,-0.2762828307602598,2.0,12.0,3807.3,78.67927648,44,0.0017079757360273567
2019-03-03 09:00:00,0.0,3.0,209.0,3809.09,48.19889249,44,0.001354053585060665
2019-03-03 10:00:00,0.0,1.0,17.0,3808.15,83.71136997,44,0.0009442973681932489
2019-03-03 11:00:00,0.0,1.0,827.0,3809.72,42.26199182,44,0.0008111930315852974
2019-03-03 12:00:00,0.0,2.0,54.0,3807.78,68.16226286,44,0.000806551452063491
2019-03-03 13:00:00,0.941567930122518,4.0,260.0,3804.4,320.53074902,44,0.004006276190678501
2019-03-03 14:00:00,1.8837229217542637,6.0,3600.0,3806.88,108.2664128,44,0.002205714213418786
2019-03-03 15:00:00,0.6281715887631558,4.0,666.0,3808.0,86.46696306,44,0.0015662179535808453
2019-03-03 16:00:00,1.009223513846888,1.0,4.0,3805.89,59.7226481,44,0.0020049716830880804
2019-03-03 17:00:00,1.3344204240353224,2.0,3378.0,3807.09,33.25367446,44,0.0009727129281192511
2019-03-03 18:00:00,0.8651978066038065,4.0,1406.0,3809.8,230.2665645,44,0.00735973797260245
2019-03-03 19:00:00,3.2226407190696005,1.0,191.0,3801.43,85.25377284,44,0.0023303611395559943
2019-03-03 20:00:00,0.6462165783227952,3.0,84.0,3787.63,162.95894261,44,0.0028846321719000804
2019-03-03 21:00:00,0.0,1.0,25.0,3791.84,55.26367401,44,0.004308392555386171
2019-03-03 22:00:00,0.0,2.0,81.0,3790.07,83.36258014,44,0.001222960279580231
2019-03-03 23:00:00,1.1681989756074764,3.0,645.0,3791.06,42.63656555,44,0.0014982203079274457
2019-03-04 00:00:00,1.6219771312754223,2.0,129.0,3789.07,34.07428543,36,0.0014976592817597003
2019-03-04 01:00:00,1.8462145169515451,0.0,0.0,3793.4,16.80257588,36,0.0006245944394206411
2019-03-04 02:00:00,2.0704519026276684,4.0,1593.0,3790.58,87.35258807,36,0.0014958841040861224
2019-03-04 03:00:00,-0.8153996429597108,4.0,520.0,3781.1,78.05509668,36,0.002105787904906146
2019-03-04 04:00:00,1.5599026985284434,2.0,463.0,3789.52,355.31179625000004,36,0.006231130919946837
2019-03-04 05:00:00,0.4698905360337068,3.0,249.0,3804.4,232.56477201,36,0.002855340464609211
2019-03-04 06:00:00,0.5211379214019285,7.0,519.0,3801.52,52.9804372,36,0.0015776771805636098
2019-03-04 07:00:00,0.0,1.0,354.0,3788.74,77.78115973999999,36,0.0018510703478986424
2019-03-04 08:00:00,0.0,2.0,49.0,3781.12,161.30637156,36,0.0031700429199841233
2019-03-04 09:00:00,3.366344031790662,1.0,86.0,3748.68,626.35442248,36,0.008896319660556849
2019-03-04 10:00:00,0.2315092766661587,5.0,171.0,3720.08,659.47666175,36,0.010620272832653857
2019-03-04 11:00:00,1.1025247308172328,1.0,9.0,3723.62,421.47113838,36,0.004000585947927954
2019-03-04 12:00:00,0.0,1.0,71.0,3717.73,242.60435449,36,0.003350249109793528
2019-03-04 13:00:00,0.0,1.0,11.0,3711.06,176.19135317,36,0.003361730536752804
2019-03-04 14:00:00,1.293724560470886,2.0,161.0,3701.85,266.39218622,36,0.0036763541487678125
2019-03-04 15:00:00,1.1587334887581604,5.0,1496.0,3695.3,1127.10474062,36,0.007327789880907287
2019-03-04 16:00:00,1.5712558715918767,6.0,3397.0,3707.27,379.04247873,36,0.0047622682933988626
2019-03-04 17:00:00,0.0,1.0,97.0,3696.77,263.31522407,36,0.002521747893072589
2019-03-04 18:00:00,2.140733860244492,5.0,593.0,3703.05,202.15448053,36,0.003952997251922619
2019-03-04 19:00:00,1.6610455004980362,5.0,513.0,3708.57,133.36938323,36,0.0013209785575917276
2019-03-04 20:00:00,0.0,4.0,173.0,3703.56,187.04617671,36,0.0040528907375943545
2019-03-04 21:00:00,0.6579843279971822,4.0,153.0,3712.27,174.89679206,36,0.0021489369017577507
2019-03-04 22:00:00,0.9992776219903032,3.0,339.0,3712.31,243.84933101,36,0.0027389124840550673
2019-03-04 23:00:00,1.4470418067709077,2.0,862.0,3708.7,194.09999863,36,0.0023343966016815543
2019-03-05 00:00:00,0.0,3.0,2864.0,3704.59,121.97864387,35,0.002579327720555531
2019-03-05 01:00:00,1.3849708729358994,5.0,1481.0,3702.41,269.7099701,35,0.00411741666033362
2019-03-05 02:00:00,0.0,2.0,176.0,3700.1,802.8383156,35,0.002909610639348299
2019-03-05 03:00:00,0.0,2.0,299.0,3689.91,76.02859928,35,0.002515833712921194
2019-03-05 04:00:00,0.846959706204664,2.0,28.0,3698.66,201.16263695,35,0.004011223002456537
2019-03-05 05:00:00,2.017540887413837,4.0,3249.0,3705.65,169.96354235,35,0.0017728690079674737
2019-03-05 06:00:00,1.6147003289954989,0.0,0.0,3700.66,130.48083229,35,0.0024422746114595656
2019-03-05 07:00:00,1.2118597705771603,4.0,1103.0,3690.61,190.48339916,35,0.0025013402488146446
2019-03-05 08:00:00,1.3941001246263234,3.0,44.0,3691.15,630.03461571,35,0.0020992987947504285
2019-03-05 09:00:00,1.3244295927515326,8.0,2577.0,3703.64,297.44407796,35,0.002481056407662711
2019-03-05 10:00:00,0.4645581219975698,5.0,1259.0,3707.0,46.45073451,35,0.0012869426289187213
2019-03-05 11:00:00,-0.5512283577422716,4.0,521.0,3707.23,150.93168898,35,0.0013192892324925788
2019-03-05 12:00:00,0.8823724893232076,6.0,1115.0,3716.59,310.67025036,35,0.002255192121215467
2019-03-05 13:00:00,0.9268038012864804,0.0,0.0,3728.02,373.1993243,35,0.0035363304130933216
2019-03-05 14:00:00,0.9712351132497536,4.0,600.0,3723.08,108.33360962,35,0.0018645603065331835
2019-03-05 15:00:00,2.092928728180212,4.0,1917.0,3721.47,89.32036167,35,0.002387283118726142
2019-03-05 16:00:00,0.4374018806710429,6.0,319.0,3724.55,189.48811643,35,0.002011072420191464
2019-03-05 17:00:00,0.548211648856833,4.0,273.0,3734.3,280.92054696,35,0.0034571457488028283
2019-03-05 18:00:00,0.0,2.0,272.0,3835.0,1079.14452785,35,0.01421721240093321
2019-03-05 19:00:00,1.1560663491662069,5.0,1801.0,3819.41,560.55019802,35,0.0058401916435206645
2019-03-05 20:00:00,0.7747617666130437,4.0,2169.0,3823.72,339.79840775,35,0.004919353371870863
2019-03-05 21:00:00,0.0,2.0,68.0,3833.43,833.01012543,35,0.012955897156881054
2019-03-05 22:00:00,0.0,2.0,691.0,3841.59,479.80182764,35,0.006156173859553192
2019-03-05 23:00:00,1.0076309190285535,3.0,900.0,3838.42,214.76382371,35,0.003510455629870434
2019-03-06 00:00:00,0.7790213810845915,4.0,257.0,3848.48,225.29659287,42,0.00325552858828376
2019-03-06 01:00:00,2.2024842285770143,2.0,176.0,3835.08,158.42011928,42,0.0028234404838720153
2019-03-06 02:00:00,0.0,2.0,235.0,3832.44,157.70519411,42,0.0033882872674537204
2019-03-06 03:00:00,0.700391613699367,3.0,94.0,3832.18,181.93962611,42,0.0025883070658239754
2019-03-06 04:00:00,0.0,1.0,7.0,3844.07,82.67243244000001,42,0.002861436592698905
2019-03-06 05:00:00,2.5020372213625937,3.0,6225.0,3830.1,633.36200826,42,0.008937235835333079
2019-03-06 06:00:00,0.0,1.0,1664.0,3826.85,156.46014638,42,0.0022828971523518814
2019-03-06 07:00:00,0.0,2.0,1678.0,3828.16,131.04063337,42,0.001022779746493055
2019-03-06 08:00:00,1.3108858173953497,4.0,348.0,3818.97,293.20530567,42,0.00325628228416496
2019-03-06 09:00:00,0.0,2.0,79.0,3822.76,139.87891523,42,0.0033022702586092277
2019-03-06 10:00:00,-1.218543395841989,2.0,103.0,3824.82,135.0054137,42,0.002218503565331169
2019-03-06 11:00:00,0.0,3.0,462.0,3839.15,359.11269696,42,0.004944510819691725
2019-03-06 12:00:00,1.1195953769287048,2.0,87.0,3840.89,178.8383177,42,0.0026777775077894647
2019-03-06 13:00:00,0.8844957461431475,7.0,3545.0,3831.41,224.37947748,42,0.002306083586391085
2019-03-06 14:00:00,-1.1655505735927916,4.0,364.0,3843.43,117.20766145,42,0.0025637742051099
2019-03-06 15:00:00,1.54620879316912,9.0,669.0,3843.66,1110.81554542,42,0.010876952800053116
2019-03-06 16:00:00,1.1650559669791107,5.0,150.0,3853.41,425.1974332,42,0.003984332593800771
2019-03-06 17:00:00,0.0,4.0,2172.0,3849.1,390.70757238,42,0.002505110037419011
2019-03-06 18:00:00,0.6810419660930344,2.0,31.0,3839.25,358.88307266,42,0.003216787887523843
2019-03-06 19:00:00,0.2198844529962972,8.0,1487.0,3836.48,236.35644088,42,0.0032433022807442937
2019-03-06 20:00:00,0.9745756790033576,5.0,418.0,3850.4,258.43364994,42,0.001221266953718167
2019-03-06 21:00:00,0.6863550899777148,3.0,135.0,3855.91,192.99372332,42,0.0033144881232203744
2019-03-06 22:00:00,0.0,1.0,122.0,3845.74,138.74321365,42,0.0018911321877472988
2019-03-06 23:00:00,1.7914889744730444,3.0,8737.0,3849.03,121.20723944,42,0.0024435212180508115
2019-03-07 00:00:00,0.7348602025615828,1.0,3.0,3844.53,140.49386165,56,0.0016148000817438652
2019-03-07 01:00:00,0.0,3.0,1823.0,3843.52,181.48500817,56,0.0015415799415311314
2019-03-07 02:00:00,1.4731843707134695,2.0,321.0,3844.82,165.53765214,56,0.002520161357577831
2019-03-07 03:00:00,0.0,1.0,36.0,3851.52,155.03669404,56,0.0023842585484928594
2019-03-07 04:00:00,1.104827699900622,3.0,120.0,3851.55,158.29339184,56,0.0015410008394895884
2019-03-07 05:00:00,2.470249372150294,3.0,383.0,3860.71,510.05859208,56,0.004928987931220058
2019-03-07 06:00:00,0.0,1.0,28.0,3869.86,388.37824904,56,0.005911832465740844
2019-03-07 07:00:00,0.0,1.0,97.0,3868.0,644.34222366,56,0.002470411461361524
2019-03-07 08:00:00,1.8419737691935072,3.0,201.0,3871.32,605.50890237,56,0.003878731355001638
2019-03-07 09:00:00,0.492870525544029,6.0,1490.0,3881.84,445.1847893,56,0.004249750509742468
2019-03-07 10:00:00,0.3607885570976079,3.0,204.0,3869.06,647.17088702,56,0.004953170248693516
2019-03-07 11:00:00,2.0043720458896592,3.0,418.0,3857.72,246.694677,56,0.0053202609614753805
2019-03-07 12:00:00,0.0,5.0,5271.0,3861.54,138.53102873,56,0.0019786724678904147
2019-03-07 13:00:00,0.2452421153597705,7.0,722.0,3846.25,275.91152599,56,0.00202346482335067
2019-03-07 14:00:00,0.7581051167022346,5.0,1033.0,3845.36,370.1563648,56,0.0031058024970440226
2019-03-07 15:00:00,0.887417883327083,4.0,269.0,3842.97,501.12406237,56,0.003891655725678501
2019-03-07 16:00:00,1.853905333592076,2.0,157.0,3852.1,338.39642633,56,0.0019607454052832317
2019-03-07 17:00:00,0.9407647781275554,6.0,1547.0,3862.37,239.54452221,56,0.00394055635028244
2019-03-07 18:00:00,1.9369247957667608,4.0,353.0,3858.31,250.66362925,56,0.0026417637752281543
2019-03-07 19:00:00,0.8447450060983178,7.0,4623.0,3872.28,383.07076499,56,0.005990026308373552
2019-03-07 20:00:00,0.7055585712249267,3.0,107.0,3861.0,240.47543497,56,0.0040076318494491085
2019-03-07 21:00:00,0.0,2.0,31.0,3871.94,325.01017435,56,0.0011018462863268603
2019-03-07 22:00:00,2.393689978383832,4.0,625.0,3859.78,307.37696855,56,0.005183781930161037
2019-03-07 23:00:00,0.9659086126352544,5.0,7257.0,3869.47,233.10757333,56,0.0012276387532868544
2019-03-08 00:00:00,1.5453716258148875,2.0,526.0,3862.49,251.03866158,54,0.0022788604608744703
2019-03-08 01:00:00,0.0,3.0,43.0,3869.32,135.52290317,54,0.0027721563129611743
2019-03-08 02:00:00,-1.0637949009623486,3.0,81.0,3874.05,175.64024841,54,0.002424415852566566
2019-03-08 03:00:00,0.0,1.0,3.0,3862.7,172.16278905,54,0.0032406003829789846
2019-03-08 04:00:00,0.5833933984822824,4.0,30.0,3856.64,139.43685516,54,0.0024531097182278346
2019-03-08 05:00:00,0.0,2.0,743.0,3867.43,169.44622701,54,0.003734507179148251
2019-03-08 06:00:00,1.2291565569867688,4.0,957.0,3854.65,161.58129383,54,0.0026614955086032154
2019-03-08 07:00:00,0.5122125273069034,15.0,825.0,3858.93,182.63644103,54,0.0016423502487499066
2019-03-08 08:00:00,0.6654550771579918,3.0,230.0,3854.19,145.88745549,54,0.002055786746320425
2019-03-08 09:00:00,0.6552469118642592,13.0,487.0,3868.33,92.06209784,54,0.0017875396909640168
2019-03-08 10:00:00,1.0454458726859874,4.0,83.0,3872.98,139.61067575,54,0.0028533048347081343
2019-03-08 11:00:00,0.407582028962126,9.0,413.0,3887.47,1078.27288115,54,0.009718233178427696
2019-03-08 12:00:00,0.4076722867109933,18.0,1789.0,3872.25,663.0493946,54,0.004387943662722244
2019-03-08 13:00:00,0.5864105444469809,21.0,524.0,3862.84,278.57732025,54,0.0025034382997287975
2019-03-08 14:00:00,0.6988007731003862,26.0,923.0,3868.15,166.79788692,54,0.002564364181985655
2019-03-08 15:00:00,0.6556973278595317,16.0,3287.0,3886.9,137.34044207,54,0.0020914457889529355
2019-03-08 16:00:00,0.0,2.0,81.0,3874.31,169.57914692,54,0.0019450131399783182
2019-03-08 17:00:00,0.6987591307188072,8.0,4859.0,3877.99,112.87146848,54,0.0027746223045663748
2019-03-08 18:00:00,0.5498345599604556,5.0,485.0,3886.72,456.36654687,54,0.0034811179196476538
2019-03-08 19:00:00,1.9043718927410056,9.0,505.0,3891.31,385.51433991,54,0.003211346525476892
2019-03-08 20:00:00,1.0710585322250934,6.0,1270.0,3886.43,184.11803371,54,0.0019651668498551684
2019-03-08 21:00:00,0.0,2.0,164.0,3883.26,280.27656992,54,0.002809932278416255
2019-03-08 22:00:00,0.0,1.0,45.0,3888.46,213.82438656,54,0.0021429757690568604
2019-03-08 23:00:00,1.6710026235109077,4.0,864.0,3888.0,307.24640036,54,0.0016325621136137063
2019-03-09 00:00:00,0.0,2.0,2054.0,3899.67,139.97260732,55,0.002441901419371249
2019-03-09 01:00:00,0.5806326858455714,3.0,210.0,3897.34,234.66240574,55,0.004883582739282773
2019-03-09 02:00:00,0.7844390068971989,0.0,0.0,3864.1,325.33103168,55,0.004241873009249873
2019-03-09 03:00:00,0.9882453279488266,5.0,176.0,3828.36,1490.27400995,55,0.01909116358141625
2019-03-09 04:00:00,0.4941226639744133,0.0,0.0,3844.64,192.09760713,55,0.0029702239750468446
2019-03-09 05:00:00,0.0,1.0,3.0,3847.48,134.71516964,55,0.0040913621029076645
2019-03-09 06:00:00,0.0,2.0,250.0,3854.66,66.46696528,55,0.002075581831704652
2019-03-09 07:00:00,0.6123428649214661,4.0,370.0,3858.98,45.20499643,55,0.0030851743037134632
2019-03-09 08:00:00,6.889465299163446,1.0,3010.0,3851.63,118.91978072,55,0.001950324875119467
2019-03-09 09:00:00,-0.4980093556131331,3.0,169.0,3859.56,170.58675658,55,0.002363935976312248
2019-03-09 10:00:00,0.0,2.0,155.0,3860.37,99.1427951,55,0.0012734696634947283
2019-03-09 11:00:00,0.0,4.0,1087.0,3889.21,203.62715675,55,0.004550748021649125
2019-03-09 12:00:00,4.977670103537025,1.0,857.0,3892.05,964.17054021,55,0.009000070166157203
2019-03-09 13:00:00,1.859196837304441,3.0,5463.0,3899.85,144.36142767,55,0.0022152768697424672
2019-03-09 14:00:00,0.4925830168213925,4.0,155.0,3896.95,234.89084168,55,0.0031494997755007643
2019-03-09 15:00:00,1.54585604364628,2.0,408.0,3889.72,123.04077054,55,0.001867824810971778
2019-03-09 16:00:00,2.685768269956849,6.0,2208.0,3892.88,138.78739547,55,0.0015742943934429184
2019-03-09 17:00:00,0.9044514053829822,4.0,1186.0,3903.45,194.84607767,55,0.0010945974054429339
2019-03-09 18:00:00,0.4267729372861464,2.0,89.0,3903.02,378.43107064,55,0.007005558492215847
2019-03-09 19:00:00,1.7973586628843194,2.0,1401.0,3924.03,224.93416515,55,0.005098164399485394
2019-03-09 20:00:00,3.920487009576466,1.0,239.0,3924.92,418.94839271,55,0.006804702422590907
2019-03-09 21:00:00,1.2421130368556912,2.0,67.0,3908.13,340.87554812,55,0.008524675864871125
2019-03-09 22:00:00,0.9515931142000168,3.0,158.0,3896.43,280.90771107,55,0.005622088590157162
2019-03-09 23:00:00,1.147499026992482,6.0,8124.0,3908.21,168.750111,55,0.002911452799842212
2019-03-10 00:00:00,0.2600739327120633,4.0,45.0,3906.56,74.47796514,55,0.0021711097155724746
2019-03-10 01:00:00,0.4124636622452232,0.0,0.0,3890.06,265.89278207,55,0.003190550847365366
2019-03-10 02:00:00,0.564853391778383,4.0,214.0,3889.78,99.96238475,55,0.001944030390743945
2019-03-10 03:00:00,1.8737064222489688,1.0,31.0,3897.75,158.23246061,55,0.0027272204055398502
2019-03-10 04:00:00,0.0,1.0,3.0,3916.43,75.72503883,55,0.003251919648436136
2019-03-10 05:00:00,0.7297804493734681,0.0,0.0,3907.64,65.71692377,55,0.002521932910711679
2019-03-10 06:00:00,1.4595608987469362,1.0,10.0,3913.68,84.93262719,55,0.0013949171985677908
2019-03-10 07:00:00,1.6187480239015843,0.0,0.0,3905.0,125.93949839,55,0.0011999058060343836
2019-03-10 08:00:00,1.7779351490562323,1.0,12.0,3899.76,372.77150439,55,0.0027689445694148757
2019-03-10 09:00:00,2.184235490296493,3.0,2011.0,3901.29,81.64730039,55,0.0015511492011986833
2019-03-10 10:00:00,1.0921177451482464,0.0,0.0,3885.76,417.22665775,55,0.006192078305567175
2019-03-10 11:00:00,0.0,2.0,135.0,3885.53,247.11406776,55,0.004857351462494623
2019-03-10 12:00:00,1.400980915573382,2.0,184.0,3891.7,76.71928085,55,0.002787645667073238
2019-03-10 13:00:00,0.3731062462625529,3.0,94.0,3884.54,145.1395109,55,0.0024945688329511117
2019-03-10 14:00:00,0.8692723247527564,3.0,836.0,3885.75,60.98690597,55,0.001665653066387477
2019-03-10 15:00:00,1.8101025690091743,5.0,1394.0,3893.88,61.06573153,55,0.0013922746293900622
2019-03-10 16:00:00,0.2273765619321128,5.0,556.0,3889.03,147.01225074,55,0.00234161233388451
2019-03-10 17:00:00,0.0,1.0,29.0,3876.75,132.94750171,55,0.0038094366350979484
2019-03-10 18:00:00,1.183109542149603,2.0,85.0,3894.22,44.62827376,55,0.002508526718961013
2019-03-10 19:00:00,0.0,4.0,191.0,3886.73,60.08118549,55,0.0011907539087102237
2019-03-10 20:00:00,0.0,3.0,1460.0,3878.46,149.53589884,55,0.004707922158914666
2019-03-10 21:00:00,1.8539475146556816,2.0,51.0,3884.3,159.73661431,55,0.0022343990823426685
2019-03-10 22:00:00,1.076408976476411,2.0,62.0,3880.44,40.25121362,55,0.0014097126659632028
2019-03-10 23:00:00,0.0,1.0,35.0,3882.61,46.75858101,55,0.0011388257164669654
2019-03-11 00:00:00,1.0580658712060165,4.0,190.0,3896.18,77.64582775,56,0.002098292065663683
2019-03-11 01:00:00,1.3600939375223045,3.0,684.0,3894.18,68.08518793,56,0.0017209804211938782
2019-03-11 02:00:00,-0.0054634895223413,0.0,0.0,3897.13,102.78110194,56,0.0034286654295665932
2019-03-11 03:00:00,-1.371020916566987,2.0,67.0,3897.92,71.08795009,56,0.0019613765709810774
2019-03-11 04:00:00,0.4897190212304758,2.0,8.0,3900.19,112.9938689,56,0.0012183293864117966
2019-03-11 05:00:00,0.0,2.0,153.0,3907.41,90.1508198,56,0.0019907348660348177
2019-03-11 06:00:00,0.0,3.0,436.0,3904.01,81.60364916,56,0.0015861467859360609
2019-03-11 07:00:00,0.2856331274549682,2.0,777.0,3907.64,103.14704708,56,0.0015465940654370179
2019-03-11 08:00:00,2.395179803653811,2.0,111.0,3887.89,97.9120334,56,0.002956990689457842
2019-03-11 09:00:00,0.4326262419116491,7.0,647.0,3867.81,859.5335268900001,56,0.00803402945052477
2019-03-11 10:00:00,1.0099044206310497,4.0,635.0,3874.75,396.11757683,56,0.004055301800101876
2019-03-11 11:00:00,0.0,3.0,293.0,3864.0,207.59261571,56,0.002212722296802421
2019-03-11 12:00:00,1.1738414209805366,5.0,1989.0,3868.85,315.49904454,56,0.002595389617085967
2019-03-11 13:00:00,0.0,3.0,411.0,3878.69,614.1141592600001,56,0.007411435394704847
2019-03-11 14:00:00,0.5352367377787307,3.0,749.0,3862.55,268.57882856,56,0.0031050165994808542
2019-03-11 15:00:00,0.7305060407541514,4.0,631.0,3851.41,494.11162296,56,0.002071176690487514
2019-03-11 16:00:00,0.3886026635948247,5.0,384.0,3829.25,677.88743684,56,0.006991452855997592
2019-03-11 17:00:00,2.0592310416073736,4.0,326.0,3843.82,420.55406738,56,0.0056602341335669215
2019-03-11 18:00:00,2.8002701793279123,3.0,219.0,3843.7,357.30155441,56,0.002685059361357536
2019-03-11 19:00:00,1.11173466322981,3.0,328.0,3833.89,370.62944812,56,0.0026349875737179127
2019-03-11 20:00:00,0.655223984031365,5.0,935.0,3839.6,155.48987762,56,0.002687491859217131
2019-03-11 21:00:00,0.4526518776103146,4.0,218.0,3845.18,195.30948691,56,0.0024580590676332456
2019-03-11 22:00:00,1.6100992710322837,4.0,1668.0,3852.09,200.77663391,56,0.0021371918304508653
2019-03-11 23:00:00,1.0505615134005122,3.0,467.0,3841.46,143.08972999,56,0.0024608929875757786
2019-03-12 00:00:00,1.022386000929322,5.0,708.0,3847.35,209.88540854,56,0.0017175706276066117
2019-03-12 01:00:00,0.2068144000592997,9.0,328.0,3852.14,113.76420805,56,0.0017286914324178948
2019-03-12 02:00:00,0.4191083111727012,5.0,205.0,3853.95,67.16823804,56,0.0018736683733103802
2019-03-12 03:00:00,1.5193150509009676,3.0,360.0,3849.25,58.904278350000006,56,0.00210434071897285
2019-03-12 04:00:00,0.0,3.0,57.0,3832.13,280.71123417,56,0.004154796371299221
2019-03-12 05:00:00,0.0,2.0,942.0,3820.15,313.01574958,56,0.004549493699728307
2019-03-12 06:00:00,1.988853628678929,2.0,117.0,3809.98,401.30901883,56,0.0058792426732550244
2019-03-12 07:00:00,1.2307306923089882,10.0,1108.0,3807.14,234.91556887,56,0.003646108811236784
2019-03-12 08:00:00,0.7570393183563127,4.0,463.0,3816.63,164.84408971,56,0.0035501626114783705
2019-03-12 09:00:00,1.0489596293529246,3.0,549.0,3816.07,189.40904091,56,0.0029602958458590355
2019-03-12 10:00:00,0.7083674025072283,3.0,690.0,3819.79,160.79710974,56,0.0017409881398224717
2019-03-12 11:00:00,0.9574098469753792,6.0,373.0,3821.94,124.81631643,56,0.0013246793356796027
2019-03-12 12:00:00,0.960092542575302,4.0,146.0,3856.59,807.80320482,56,0.006153195608053294
2019-03-12 13:00:00,1.1961504283173496,4.0,377.0,3860.64,298.30922454,56,0.0024143325748303564
2019-03-12 14:00:00,0.5209285562754871,8.0,252.0,3866.12,227.64929312,56,0.0024416066523780433
2019-03-12 15:00:00,0.4579224513234003,4.0,828.0,3860.0,211.34982731,56,0.0018740264257047382
2019-03-12 16:00:00,-1.993112881362079,3.0,810.0,3870.83,331.77343525,56,0.0021187074248181417
2019-03-12 17:00:00,-1.6348336193312716,2.0,440.0,3867.7,352.28825493,56,0.0029824693589038075
2019-03-12 18:00:00,0.5587563476663285,11.0,1117.0,3866.8,158.2174586,56,0.0016810979168934718
2019-03-12 19:00:00,0.4243793624783443,9.0,420.0,3848.5,197.50881948,56,0.0031426215160137434
2019-03-12 20:00:00,0.8971591764475472,5.0,543.0,3859.49,331.42593991,56,0.004034357495315879
2019-03-12 21:00:00,0.8514296618786438,3.0,1756.0,3857.43,120.73307613,56,0.0019825694868086945
2019-03-12 22:00:00,0.9926111983594158,4.0,154.0,3856.13,108.81578274,56,0.001991063451880936
2019-03-12 23:00:00,0.5390276244711946,14.0,2345.0,3854.98,180.57076812,56,0.0019238052361429743
2019-03-13 00:00:00,1.262491485268701,4.0,216.0,3865.02,145.50013335,54,0.0018804399227914234
2019-03-13 01:00:00,1.7162020409450929,0.0,0.0,3866.22,149.25278814,54,0.0028649954412563418
2019-03-13 02:00:00,2.1699125966214843,2.0,113.0,3867.91,61.24631554,54,0.0014980579402849204
2019-03-13 03:00:00,3.1609270425420424,1.0,60.0,3859.74,242.35228406,54,0.003072897507558249
2019-03-13 04:00:00,1.5804635212710212,0.0,0.0,3862.03,47.21225995,54,0.0015850436739231236
2019-03-13 05:00:00,0.0,1.0,29.0,3861.22,73.5426139,54,0.002275708985463102
2019-03-13 06:00:00,1.6355112547938848,0.0,0.0,3856.07,116.0856026,54,0.0014627569879736685
2019-03-13 07:00:00,3.2710225095877696,3.0,739.0,3867.06,211.64593573,54,0.002596600428830125
2019-03-13 08:00:00,1.6355112547938848,0.0,0.0,3862.93,206.51304619,54,0.0017441668256844387
2019-03-13 09:00:00,0.0,1.0,384.0,3855.01,166.05442793,54,0.001947114394946749
2019-03-13 10:00:00,-0.0834685480639312,4.0,102.0,3853.54,74.96667235,54,0.0021485244506612056
2019-03-13 11:00:00,1.3101232546086972,7.0,477.0,3862.54,168.77509997,54,0.00162503901761971
2019-03-13 12:00:00,2.796159706460088,1.0,160.0,3848.28,210.37591664,54,0.0015306765003049332
2019-03-13 13:00:00,1.7628089807911236,4.0,805.0,3846.29,259.13328827,54,0.002898087318233599
2019-03-13 14:00:00,0.0,5.0,132.0,3837.63,516.43453584,54,0.005142393207626785
2019-03-13 15:00:00,0.0,7.0,3068.0,3839.32,162.74604711,54,0.0018085661327873397
2019-03-13 16:00:00,0.0,1.0,6.0,3862.01,376.60605268,54,0.0033762170949397175
2019-03-13 17:00:00,0.4370633066631116,7.0,444.0,3857.71,381.43151933,54,0.003439717651765042
2019-03-13 18:00:00,0.0,1.0,5.0,3846.58,311.28870205,54,0.00645776155110897
2019-03-13 19:00:00,0.0,2.0,40.0,3850.21,205.35420484,54,0.002886826664398762
2019-03-13 20:00:00,0.6595366750866501,0.0,0.0,3845.07,152.77948535,54,0.0016544928113621418
2019-03-13 21:00:00,1.3190733501733003,3.0,444.0,3851.51,84.17721419,54,0.002555809222511195
2019-03-13 22:00:00,0.4394532839705294,4.0,207.0,3855.0,89.21261918,54,0.00045535599337743256
2019-03-13 23:00:00,-0.3001390677788132,0.0,0.0,3853.3,91.74029408,54,0.001407439151201787
2019-03-14 00:00:00,-1.039731419528156,4.0,1246.0,3852.32,143.49355506,55,0.0019883911868981362
2019-03-14 01:00:00,0.0,1.0,41.0,3842.25,99.53887004,55,0.0018587338074633963
2019-03-14 02:00:00,0.9277088455525416,4.0,1628.0,3849.78,56.43653805,55,0.0013180705180706053
2019-03-14 03:00:00,0.0,2.0,254.0,3848.48,69.99549892,55,0.002308976246981358
2019-03-14 04:00:00,-0.633570962050408,2.0,131.0,3863.04,135.49961465,55,0.003273214039215322
2019-03-14 05:00:00,0.0,3.0,124.0,3862.14,87.02676648,55,0.0029975411865809185
2019-03-14 06:00:00,1.135352564710813,1.0,7.0,3857.0,112.46019156,55,0.0014945287177563049
2019-03-14 07:00:00,1.0438383070947572,3.0,541.0,3850.02,247.28059389,55,0.0013116967793744094
2019-03-14 08:00:00,0.9814382880385956,2.0,464.0,3849.91,231.98267639,55,0.0014155632128019658
2019-03-14 09:00:00,0.0,4.0,521.0,3847.9,300.52232707,55,0.0015448715035348722
2019-03-14 10:00:00,0.2091585537551841,4.0,190.0,3847.8,145.96582667,55,0.0029198859215422727
2019-03-14 11:00:00,2.2770060433920416,2.0,101.0,3842.3,73.89822065,55,0.0016054623565821926
2019-03-14 12:00:00,0.9460021660455968,7.0,2687.0,3847.6,191.16085638,55,0.0015207895767570402
2019-03-14 13:00:00,0.0,5.0,619.0,3845.31,214.49992457,55,0.0018326876543316112
2019-03-14 14:00:00,0.2269740205500672,8.0,2346.0,3849.96,125.03381945,55,0.0016323329449791568
2019-03-14 15:00:00,1.6384245605574372,4.0,232.0,3843.08,275.47052393,55,0.0014525206020632238
2019-03-14 16:00:00,1.2982766304637183,3.0,1335.0,3844.78,230.69938466,55,0.004612302721190524
2019-03-14 17:00:00,0.3361943063915388,4.0,419.0,3848.05,236.5829301,55,0.0018083889250318102
2019-03-14 18:00:00,0.0,7.0,412.0,3853.9,1281.42865466,55,0.023735940818997544
2019-03-14 19:00:00,0.0,2.0,132.0,3855.9,406.67488346,55,0.004327669084067601
2019-03-14 20:00:00,-1.7388459258422275,3.0,2284.0,3848.93,106.4621921,55,0.001440592523658217
2019-03-14 21:00:00,0.0,4.0,184.0,3856.83,96.96495597,55,0.0013735440969395365
2019-03-14 22:00:00,0.0,2.0,260.0,3851.0,104.30672652,55,0.0009366549690631158
2019-03-14 23:00:00,0.0,1.0,182.0,3851.14,75.18003656,55,0.000960033104858322
2019-03-15 00:00:00,0.6803032115336356,4.0,1453.0,3851.93,165.50562761,55,0.001026039376296252
2019-03-15 01:00:00,4.768429779636042,1.0,998.0,3854.57,87.5279897,55,0.0018742510482415169
2019-03-15 02:00:00,2.587376409066741,1.0,146.0,3852.77,92.45164645,55,0.0012036175503886012
2019-03-15 03:00:00,1.0865514491099149,2.0,185.0,3854.77,142.97980661,55,0.0010010057324470723
2019-03-15 04:00:00,0.0,2.0,345.0,3860.79,96.83648831,55,0.0014544460460625276
2019-03-15 05:00:00,0.0,3.0,88.0,3861.98,254.68424141,55,0.0024174329292056002
2019-03-15 06:00:00,-0.7513205578760916,3.0,263.0,3859.73,140.49966031,55,0.0010723679854375632
2019-03-15 07:00:00,1.782474106131349,2.0,526.0,3857.71,159.64833742,55,0.0016576120108707933
2019-03-15 08:00:00,0.5569096281199067,8.0,1372.0,3860.86,201.40799789,55,0.0013685271453612636
2019-03-15 09:00:00,1.9228327037219208,2.0,2085.0,3862.81,266.08506166,55,0.0019208074314738114
2019-03-15 10:00:00,0.0,2.0,404.0,3857.86,116.79736808,55,0.002093159249747583
2019-03-15 11:00:00,1.0143165313465825,6.0,1489.0,3855.37,327.91200866,55,0.0028926325707683727
2019-03-15 12:00:00,1.014922575952495,3.0,2391.0,3853.32,323.07618221,55,0.0017669462609302949
2019-03-15 13:00:00,1.288674826393991,6.0,620.0,3865.36,237.65643106,55,0.002551659660930261
2019-03-15 14:00:00,1.504373104498642,10.0,5745.0,3865.0,363.70657649,55,0.0032199288312317153
2019-03-15 15:00:00,0.5351280088787705,7.0,1700.0,3883.87,367.98524946,55,0.0034090719497556635
2019-03-15 16:00:00,0.096246901289753,9.0,1560.0,3881.69,361.76440577,55,0.004849483298070842
2019-03-15 17:00:00,0.0,2.0,116.0,3884.9,420.5452164,55,0.002043294294320286
2019-03-15 18:00:00,0.2424515363767415,9.0,733.0,3885.01,132.21404513,55,0.0023597155851867503
2019-03-15 19:00:00,0.5912007856204934,5.0,647.0,3901.76,751.47911212,55,0.004247334253461618
2019-03-15 20:00:00,0.0,4.0,127.0,3894.03,529.2003671800001,55,0.002803591351064228
2019-03-15 21:00:00,0.0,4.0,1253.0,3902.42,240.83948584,55,0.0025403020952892434
2019-03-15 22:00:00,2.622584063518387,2.0,169.0,3902.77,156.70499583,55,0.0015183123191243979
2019-03-15 23:00:00,1.4472264546584963,5.0,215.0,3905.53,148.07679776,55,0.0013555055265677674
2019-03-16 00:00:00,0.0,2.0,29.0,3895.0,248.86626598,54,0.0014323624711751013
2019-03-16 01:00:00,1.4552071444067214,2.0,555.0,3891.39,401.18187895,54,0.002829950808464609
2019-03-16 02:00:00,0.0,1.0,114.0,3892.16,62.24021108,54,0.0020591232060591024
2019-03-16 03:00:00,3.756196367384631,3.0,3783.0,3901.21,102.57494251,54,0.001582796290764163
2019-03-16 04:00:00,0.5290338470273687,4.0,436.0,3915.56,161.9095984,54,0.0038077984055551236
2019-03-16 05:00:00,1.1708077986209229,5.0,1460.0,3932.09,244.16991675,54,0.005431563711811199
2019-03-16 06:00:00,0.0,4.0,2371.0,3931.15,260.48700672,54,0.0035628466170937317
2019-03-16 07:00:00,0.4962530036916726,2.0,372.0,3953.43,438.38818899,54,0.006631414144711862
2019-03-16 08:00:00,0.6239246815976508,3.0,133.0,4016.42,1558.87276385,54,0.010107337665146997
2019-03-16 09:00:00,0.0,1.0,413.0,4005.62,706.91616617,54,0.008174262619641798
2019-03-16 10:00:00,0.2056533123815564,0.0,0.0,4002.0,316.97486117,54,0.004475297449889887
2019-03-16 11:00:00,0.4113066247631129,0.0,0.0,3998.74,320.74466979,54,0.0022362643269895613
2019-03-16 12:00:00,0.6169599371446693,3.0,117.0,3988.01,311.14559181,54,0.0020661013335433295
2019-03-16 13:00:00,1.1984167137486368,4.0,480.0,4003.33,329.9492928,54,0.002599737656041642
2019-03-16 14:00:00,-2.6012627697976263,1.0,51.0,4006.71,251.88012655,54,0.0018436113091609538
2019-03-16 15:00:00,0.0,4.0,1970.0,3999.89,160.40661282,54,0.0010363868869212817
2019-03-16 16:00:00,0.9473501100220548,2.0,93.0,3972.8,730.00772249,54,0.006495729929688304
2019-03-16 17:00:00,0.0,2.0,309.0,3977.94,111.86579646,54,0.0013056285193351691
2019-03-16 18:00:00,1.9082987372061304,2.0,255.0,3986.51,170.16988251,54,0.0022698559547210152
2019-03-16 19:00:00,1.1807617925787135,5.0,534.0,3976.38,153.30183874,54,0.0040648566933832765
2019-03-16 20:00:00,1.4773097768162882,5.0,412.0,3979.0,122.43040611,54,0.0028810020512613564
2019-03-16 21:00:00,1.8595094763064992,1.0,41.0,3983.52,122.63688853,54,0.0017814072444086863
2019-03-16 22:00:00,1.0241312660977018,3.0,674.0,3980.5,65.93180937,54,0.0016185692259001534
2019-03-16 23:00:00,0.0,2.0,170.0,3976.53,98.61492972,54,0.0015647766757181192
2019-03-17 00:00:00,1.4241744538479957,6.0,964.0,3978.15,110.07976994,58,0.0018778162983695275
2019-03-17 01:00:00,0.0,1.0,138.0,3984.0,46.42346321,58,0.0005662732809165497
2019-03-17 02:00:00,2.408540154055528,2.0,121.0,3984.76,65.31661265,58,0.0009872821848798626
2019-03-17 03:00:00,1.204270077027764,0.0,0.0,3990.0,100.85396784,58,0.0014988605786084076
2019-03-17 04:00:00,0.0,3.0,42.0,3963.88,346.324246,58,0.005135771263835548
2019-03-17 05:00:00,2.36790985631305,1.0,75.0,3968.64,41.09147211,58,0.001783473341164822
2019-03-17 06:00:00,1.183954928156525,0.0,0.0,3951.88,311.01490364,58,0.004561682969101358
2019-03-17 07:00:00,0.0,2.0,166.0,3953.08,74.26647357,58,0.0023470699074282066
2019-03-17 08:00:00,0.0,3.0,852.0,3944.69,90.44354013,58,0.005193903525276013
2019-03-17 09:00:00,3.367429022412735,2.0,638.0,3948.14,79.47282818,58,0.00226589747237485
2019-03-17 10:00:00,0.0,1.0,1007.0,3955.48,67.6172721,58,0.0017914059833611551
2019-03-17 11:00:00,3.103511967261258,1.0,78.0,3956.48,198.86188951,58,0.001251273815217946
2019-03-17 12:00:00,3.027603162293268,1.0,106.0,3954.75,105.0167877,58,0.0017656119963714318
2019-03-17 13:00:00,-0.1873579125327094,4.0,1975.0,3951.47,34.36961719,58,0.0012391870040012283
2019-03-17 14:00:00,-1.2972719988778745,2.0,271.0,3963.76,145.17136922,58,0.00263441422052608
2019-03-17 15:00:00,1.1006091410020808,6.0,511.0,3966.25,129.14965636,58,0.0023737952305252726
2019-03-17 16:00:00,2.5616887866432467,2.0,90.0,3959.58,74.67476681,58,0.002681695268695601
2019-03-17 17:00:00,0.0,2.0,126.0,3969.09,40.88742296,58,0.0014103480766174045
2019-03-17 18:00:00,-1.2249526518756269,2.0,92.0,3973.99,238.20772488,58,0.0028435167081169005
2019-03-17 19:00:00,2.0493670877311168,3.0,801.0,3971.89,57.5930043,58,0.0021796458405434604
2019-03-17 20:00:00,0.6063689026605128,6.0,512.0,3964.93,95.05639463,58,0.003419363798509727
2019-03-17 21:00:00,1.194656822561911,3.0,1782.0,3965.48,49.03931374,58,0.0014456723870118295
2019-03-17 22:00:00,2.0525940166800667,5.0,1098.0,3968.32,56.39589515,58,0.0010867040535833602
2019-03-17 23:00:00,0.6998260227052256,7.0,190.0,3972.84,40.31525654,58,0.0015173118728769642
2019-03-18 00:00:00,2.711903791368496,2.0,276.0,3974.94,175.99333328,56,0.0010406610540082838
2019-03-18 01:00:00,0.0,1.0,56.0,3975.1,104.91637307,56,0.0014209312307608176
2019-03-18 02:00:00,0.0,1.0,5.0,3968.87,109.91711396,56,0.002379943687725705
2019-03-18 03:00:00,3.120398006677474,2.0,410.0,3965.5,46.15351293,56,0.0009884792399304316
2019-03-18 04:00:00,1.6503234144006989,5.0,947.0,3983.97,234.542722,56,0.0039043244485089316
2019-03-18 05:00:00,2.219659877410196,1.0,105.0,3998.49,540.58277935,56,0.005416349837343142
2019-03-18 06:00:00,2.592399903710772,1.0,104.0,4005.77,165.75482683,56,0.0025913582976106854
2019-03-18 07:00:00,0.0,4.0,396.0,3988.08,142.18020143,56,0.002434645992673733
2019-03-18 08:00:00,1.181876469247406,7.0,1314.0,3981.26,125.58586708,56,0.0035964191719602286
2019-03-18 09:00:00,0.3781654826731151,3.0,26.0,3935.7,528.3991104500001,56,0.005249173535970188
2019-03-18 10:00:00,0.9833914013364424,3.0,267.0,3955.93,260.75827462,56,0.00367582063310342
2019-03-18 11:00:00,0.5110841806925653,5.0,359.0,3955.55,160.56330262,56,0.0025126976301046737
2019-03-18 12:00:00,0.3132535155697194,6.0,1343.0,3966.21,202.86603779,56,0.0030066385358174415
2019-03-18 13:00:00,1.0089852322371076,2.0,271.0,3956.0,254.84857762,56,0.00273867308978527
2019-03-18 14:00:00,0.9292816368222456,9.0,1401.0,3951.95,331.62614192,56,0.002592150360503046
2019-03-18 15:00:00,0.8922293080050712,8.0,2870.0,3959.92,295.85402688,56,0.006088749392709999
2019-03-18 16:00:00,-1.1378057124656664,3.0,914.0,3959.92,206.81084547,56,0.0025513803426617646
2019-03-18 17:00:00,0.0,3.0,390.0,3963.43,166.30420955,56,0.001828571163874692
2019-03-18 18:00:00,0.5689734937321477,5.0,930.0,3958.39,420.89672684,56,0.0017122039143173463
2019-03-18 19:00:00,0.8467817308995697,6.0,781.0,3967.99,138.77456576,56,0.001107675133256919
2019-03-18 20:00:00,1.3811641908741392,1.0,5.0,3965.0,156.59492337,56,0.0010291755702025946
2019-03-18 21:00:00,0.8743311818772918,2.0,35.0,3963.78,207.16170139,56,0.0017027590984799613
2019-03-18 22:00:00,0.0,5.0,1606.0,3959.81,232.28773875,56,0.0014885257949630699
2019-03-18 23:00:00,0.0,6.0,1205.0,3962.57,176.5199321,56,0.0011145296114754913
2019-03-19 00:00:00,0.0,1.0,2329.0,3971.44,170.32810951,56,0.0025080296518908826
2019-03-19 01:00:00,1.4035098616053177,1.0,10.0,3971.67,162.91682488,56,0.0015975594178459485
2019-03-19 02:00:00,0.3899014198286486,4.0,434.0,3975.87,67.69120106,56,0.0008247930394368903
2019-03-19 03:00:00,0.0,1.0,80.0,3969.59,70.38173074,56,0.001795042730474572
2019-03-19 04:00:00,4.733316407495019,1.0,3830.0,3982.19,125.38456265,56,0.0019662649268783663
2019-03-19 05:00:00,2.3779888115145567,3.0,1818.0,3973.57,126.41904409,56,0.0018261531348502755
2019-03-19 06:00:00,2.356018986400904,2.0,141.0,3973.41,273.59332398,56,0.0017315203601611586
2019-03-19 07:00:00,0.7840709635924631,6.0,864.0,3974.01,293.82583766,56,0.0013740014126842007
2019-03-19 08:00:00,0.0,2.0,364.0,3956.62,204.99223826,56,0.0044372820392050896
2019-03-19 09:00:00,0.3140801532889279,4.0,432.0,3962.64,113.37859868,56,0.0018095480901053032
2019-03-19 10:00:00,0.0,4.0,284.0,3956.42,233.8613934,56,0.0017963112075665194
2019-03-19 11:00:00,0.8963987331750837,7.0,1972.0,3961.88,43.84844992,56,0.001830755640723857
2019-03-19 12:00:00,0.4152238012298939,5.0,380.0,3961.5,140.38249956,56,0.0014108154725403603
2019-03-19 13:00:00,1.693403963906639,6.0,708.0,3973.12,215.31912554,56,0.002678951373569424
2019-03-19 14:00:00,0.5429875094551101,5.0,1039.0,3973.49,374.32441656,56,0.0024480620870949896
2019-03-19 15:00:00,0.65665888537915,8.0,912.0,3967.53,172.2300988,56,0.0023590402894906625
2019-03-19 16:00:00,0.243648703663881,4.0,269.0,3968.31,248.98870309,56,0.0020570815841745344
2019-03-19 17:00:00,-0.0806620273160916,6.0,678.0,3971.26,371.64668607,56,0.0014799699310653806
2019-03-19 18:00:00,1.1279692166912585,8.0,1375.0,3977.64,406.92917392,56,0.0040303959842375526
2019-03-19 19:00:00,1.7526412925422452,4.0,883.0,3981.56,226.14835406,56,0.0021233452200316435
2019-03-19 20:00:00,0.3540327961147993,3.0,169.0,3988.23,379.3875111,56,0.0037689846114005664
2019-03-19 21:00:00,0.5813299221425602,2.0,200.0,3993.74,358.97474983,56,0.004461543056238227
2019-03-19 22:00:00,0.0,1.0,81.0,3988.1,327.41179699,56,0.00334482017392792
2019-03-19 23:00:00,0.0,5.0,2010.0,3994.57,154.59228074,56,0.0027526467512014804
2019-03-20 00:00:00,1.051791026976303,4.0,264.0,3992.08,91.41373186,55,0.0018715056115794887
2019-03-20 01:00:00,2.072938123790533,2.0,73.0,3988.65,171.44767023,55,0.0018463912689301867
2019-03-20 02:00:00,0.0,2.0,222.0,3989.72,155.56063968,55,0.002184192506705413
2019-03-20 03:00:00,1.9327514909046843,5.0,1871.0,3998.13,107.38966857,55,0.002498033624319529
2019-03-20 04:00:00,0.0097623627125754,10.0,411.0,3970.43,490.3223463,55,0.008814696797442501
2019-03-20 05:00:00,0.6047993929108093,5.0,322.0,3973.71,322.8302579,55,0.002423624747684745
2019-03-20 06:00:00,0.0,3.0,1406.0,3975.68,116.78034664,55,0.0010126992177805702
2019-03-20 07:00:00,2.0465864060635948,3.0,259.0,3976.69,177.23840971,55,0.0011728484441515556
2019-03-20 08:00:00,0.6844969225577338,8.0,936.0,3978.13,63.86735576,55,0.0012339108834651742
2019-03-20 09:00:00,1.0523338486030798,4.0,1713.0,3987.08,198.07542688,55,0.0021466107220238983
2019-03-20 10:00:00,0.2240584679257041,5.0,3917.0,3977.24,240.88067575,55,0.0018851002090954912
2019-03-20 11:00:00,2.046994851895134,2.0,318.0,3982.42,425.21776089,55,0.003466235358942954
2019-03-20 12:00:00,0.5994750146838409,5.0,1068.0,3989.64,134.22626196,55,0.0021387380197105824
2019-03-20 13:00:00,0.9010331881082264,12.0,2332.0,3972.38,232.42628249,55,0.0019366259372563877
2019-03-20 14:00:00,0.9286340150211096,7.0,6193.0,3994.19,400.64985588,55,0.005235532406894851
2019-03-20 15:00:00,0.1287753428316628,8.0,4073.0,3996.5,261.55228156,55,0.0029615285141969274
2019-03-20 16:00:00,-0.0017648861466507,4.0,1781.0,3998.66,216.11374168,55,0.0026676275226103384
2019-03-20 17:00:00,1.2027491516303337,3.0,993.0,3998.0,173.32162813,55,0.0015922150923609005
2019-03-20 18:00:00,0.6761499610660798,7.0,731.0,4004.95,347.4312388,55,0.0018871803927048355
2019-03-20 19:00:00,1.126276204731414,8.0,11041.0,3998.85,232.96289323,55,0.0026013929016978133
2019-03-20 20:00:00,1.6054125783791486,4.0,1322.0,4002.5,781.70306694,55,0.004583741339063822
2019-03-20 21:00:00,1.4783112867292785,8.0,27198.0,3998.6,171.73547636,55,0.0021509278572617954
2019-03-20 22:00:00,0.2583993104531563,7.0,445.0,4006.51,196.17788714,55,0.0017442290513841224
2019-03-20 23:00:00,-0.3572235376665625,3.0,27.0,4011.9,151.94921632999998,55,0.0010211134802679646
2019-03-21 00:00:00,-1.9712984133709943,2.0,1101.0,4007.8,247.10151566,62,0.002152706912797893
2019-03-21 01:00:00,-0.811143802420818,0.0,0.0,4008.01,70.69915434,62,0.0016537699759726439
2019-03-21 02:00:00,0.3490108085293584,6.0,1984.0,4031.55,430.68732935,62,0.006361956435257373
2019-03-21 03:00:00,0.4773252387766168,4.0,402.0,4031.59,161.00329214,62,0.0022879198499097626
2019-03-21 04:00:00,0.0,1.0,160.0,4041.01,215.95334942,62,0.0019020155274525063
2019-03-21 05:00:00,0.7151779506847067,3.0,429.0,4026.42,207.84378164,62,0.005027054043776222
2019-03-21 06:00:00,0.0,2.0,576.0,4027.12,191.30134223,62,0.0018406620651849304
2019-03-21 07:00:00,0.0,3.0,204.0,4030.41,122.62577609,62,0.0007267041890864618
2019-03-21 08:00:00,2.5179463383252667,1.0,146.0,4026.87,99.56607166,62,0.0009916369643451501
2019-03-21 09:00:00,0.3729083618136697,5.0,331.0,4021.75,138.67936907,62,0.001789388754677592
2019-03-21 10:00:00,0.0,3.0,59.0,4027.34,43.88441057,62,0.0008919818767914388
2019-03-21 11:00:00,0.881931373020582,5.0,188.0,4035.32,228.63672128,62,0.0027593410224102015
2019-03-21 12:00:00,0.2647766275261349,7.0,1441.0,4032.3,132.65199772,62,0.001196075125552912
2019-03-21 13:00:00,1.4473149918216472,3.0,238.0,4031.28,129.16798037,62,0.0009589785996788453
2019-03-21 14:00:00,0.0,5.0,622.0,4026.25,174.58875335,62,0.0014817357976437632
2019-03-21 15:00:00,1.9612874827748927,5.0,209.0,4036.06,234.54104976,62,0.0023670902659913644
2019-03-21 16:00:00,0.4468866016209858,6.0,3767.0,4034.0,1086.64426067,62,0.004414016998559592
2019-03-21 17:00:00,0.9541911937940414,6.0,474.0,4023.17,741.47718755,62,0.005723447451238681
2019-03-21 18:00:00,1.2787733164520725,5.0,1505.0,3927.89,1465.37537864,62,0.011088571805237363
2019-03-21 19:00:00,1.1342622492511254,7.0,401.0,3968.38,646.12836079,62,0.00571650469295743
2019-03-21 20:00:00,1.6268250797665291,2.0,311.0,3963.96,427.05106336,62,0.004600699405869206
2019-03-21 21:00:00,1.1999130887519107,5.0,262.0,3962.49,230.28486563,62,0.002105920907519791
2019-03-21 22:00:00,0.0,1.0,17.0,3965.82,297.9698671,62,0.001395686434039124
2019-03-21 23:00:00,1.458909749511382,3.0,527.0,3974.79,300.95482648,62,0.0014212182933461706
2019-03-22 00:00:00,0.7294548747556909,0.0,0.0,3974.5,69.249408,56,0.0007859463119928885
2019-03-22 01:00:00,0.0,2.0,2573.0,3977.6,109.79937304,56,0.0015906893412278862
2019-03-22 02:00:00,0.4848871621273783,4.0,356.0,3978.31,189.70312143,56,0.0027752740601104013
2019-03-22 03:00:00,0.9055487732022872,2.0,209.0,3974.21,77.68158109,56,0.001118410583438305
2019-03-22 04:00:00,0.4962329465650634,6.0,319.0,3978.93,111.68065549,56,0.0016982438807710083
2019-03-22 05:00:00,0.8588614520331087,7.0,835.0,3979.36,58.61361048,56,0.0013052070877602362
2019-03-22 06:00:00,1.2746318872348947,10.0,2173.0,3981.61,202.19208907,56,0.0013468698177598723
2019-03-22 07:00:00,1.6418539616007854,5.0,1432.0,3974.34,188.31878683,56,0.001430828245406821
2019-03-22 08:00:00,4.011996962962044,2.0,934.0,3971.29,73.6275271,56,0.0006121455641770247
2019-03-22 09:00:00,0.0,2.0,26.0,3975.4,48.49727348,56,0.0008934220703352982
2019-03-22 10:00:00,1.073368645340595,3.0,285.0,3971.93,35.95590094,56,0.0008140650099001833
2019-03-22 11:00:00,0.4602274961889822,3.0,25.0,3966.34,450.36842621,56,0.002328112394237676
2019-03-22 12:00:00,0.0,3.0,2146.0,3977.52,189.31362813,56,0.001829657926849562
2019-03-22 13:00:00,-0.6892756907227017,4.0,1766.0,3975.81,165.29372271,56,0.0013768194649554466
2019-03-22 14:00:00,2.1174770399792866,1.0,57.0,3978.28,104.71816058,56,0.001645786356833013
2019-03-22 15:00:00,0.3836252288631167,16.0,7090.0,3983.64,117.46684176,56,0.001034545675509887
2019-03-22 16:00:00,1.2498403594643088,6.0,1358.0,3987.95,125.52036447,56,0.0016187196187444316
2019-03-22 17:00:00,0.8613104873765043,11.0,1069.0,3984.34,245.53640388,56,0.0025991227114354125
2019-03-22 18:00:00,0.3844531644695777,4.0,666.0,3992.62,160.98992417,56,0.0015150765885886092
2019-03-22 19:00:00,0.3995702343330289,6.0,7124.0,3984.0,201.35446111,56,0.0017928126974440899
2019-03-22 20:00:00,0.2929476960210055,6.0,379.0,3991.91,210.74926128,56,0.00249045532951622
2019-03-22 21:00:00,0.7450741762363341,6.0,2194.0,3994.5,175.79137667999998,56,0.002925919198932518
2019-03-22 22:00:00,0.9932263274295768,6.0,665.0,3993.09,81.23935485,56,0.001432712085735322
2019-03-22 23:00:00,0.0,2.0,45.0,3991.43,138.26244402,56,0.001717734344785862
2019-03-23 00:00:00,0.803290815818797,3.0,798.0,3978.29,82.83707479,50,0.0015565159965998856
2019-03-23 01:00:00,1.592812389631007,4.0,598.0,3981.4,114.0370369,50,0.002204727971253632
2019-03-23 02:00:00,2.086829122011182,0.0,0.0,3983.9,91.89225811,50,0.0010308627451268597
2019-03-23 03:00:00,2.580845854391357,1.0,158.0,3982.07,79.11234517,50,0.0009677653314026709
2019-03-23 04:00:00,0.0,1.0,214.0,3976.59,180.38131075,50,0.0022878750663347914
2019-03-23 05:00:00,0.4846563071287146,4.0,652.0,3979.0,108.82076222,50,0.0015869784312099106
2019-03-23 06:00:00,0.849035548432166,4.0,1011.0,3996.2,184.07996605,50,0.0014639030344613428
2019-03-23 07:00:00,1.876493580564436,3.0,782.0,3996.49,94.27307848,50,0.0012366596397725116
2019-03-23 08:00:00,0.7317108527429549,6.0,1009.0,3986.5,67.31457918,50,0.0016592865587851844
2019-03-23 09:00:00,4.614048440824883,1.0,423.0,3989.94,64.48691657,50,0.0010438918255982119
2019-03-23 10:00:00,2.5586926169218547,2.0,245.0,3995.68,128.79883541,50,0.0021244669740900723
2019-03-23 11:00:00,3.469562008678803,3.0,2943.0,3989.7,116.62880771,50,0.0019906318426092012
2019-03-23 12:00:00,0.6488797952850727,4.0,1360.0,3993.51,100.36657182,50,0.0018391082583685426
2019-03-23 13:00:00,2.9098509220451687,1.0,226.0,3992.74,96.56576094,50,0.001554339673962667
2019-03-23 14:00:00,0.5701773243620425,10.0,3267.0,3979.36,182.57761093,50,0.004603543165645074
2019-03-23 15:00:00,1.162471042897154,2.0,247.0,3982.13,113.26807705,50,0.0012735235434099426
2019-03-23 16:00:00,-1.2277783178855697,3.0,167.0,3972.81,106.02528602,50,0.002455621134083689
2019-03-23 17:00:00,0.0,2.0,71.0,3975.68,137.70454536,50,0.003413530450729804
2019-03-23 18:00:00,1.091414084685566,3.0,1174.0,3972.28,67.9234742,50,0.0019977601825515007
2019-03-23 19:00:00,0.9626194445606184,4.0,4082.0,3978.2,74.34656147,50,0.0012295529333503506
2019-03-23 20:00:00,0.0,1.0,4.0,3971.14,46.75020682,50,0.0015566573714120863
2019-03-23 21:00:00,0.0,1.0,10.0,3970.64,68.77207452,50,0.0014953485851085687
2019-03-23 22:00:00,0.0,2.0,123.0,3972.02,39.68285159,50,0.0007790722888066007
2019-03-23 23:00:00,0.7930255185555514,4.0,320.0,3971.97,42.32803481,50,0.00085975537151531
2019-03-24 00:00:00,0.0,3.0,204.0,3970.54,41.1966934,44,0.0007380799102146816
2019-03-24 01:00:00,1.0024811293511184,3.0,280.0,3973.52,74.6731947,44,0.0016520820434887974
2019-03-24 02:00:00,1.6406309849706315,0.0,0.0,3976.0,54.10521971,44,0.0014501323776624907
2019-03-24 03:00:00,2.2787808405901444,0.0,0.0,3982.52,68.49410639,44,0.001542236288292156
2019-03-24 04:00:00,2.9169306962096577,1.0,111.0,3976.04,63.22403603,44,0.0013803466593664128
2019-03-24 05:00:00,2.576887868567161,1.0,106.0,3972.11,57.16492062,44,0.0014771327185514598
2019-03-24 06:00:00,1.1430783622871,3.0,797.0,3959.02,244.73646964,44,0.0025237957836129854
2019-03-24 07:00:00,0.1939755188698307,6.0,577.0,3969.57,54.87025231,44,0.002257473266825527
2019-03-24 08:00:00,0.5745060741645945,3.0,290.0,3970.29,31.94157506,44,0.001166009668889877
2019-03-24 09:00:00,0.0,1.0,8.0,3965.05,68.56397229,44,0.0013728537971143045
2019-03-24 10:00:00,0.0,1.0,89.0,3968.47,66.24993937,44,0.0009470167261795763
2019-03-24 11:00:00,1.0137014367189847,4.0,558.0,3963.93,88.90341252,44,0.001986189553404484
2019-03-24 12:00:00,0.0,1.0,18.0,3963.89,50.63379415,44,0.0009057724249381565
2019-03-24 13:00:00,0.3364853265074688,3.0,157.0,3972.78,141.32397969,44,0.0026486410321631803
2019-03-24 14:00:00,0.0,2.0,46.0,3976.97,95.28941219,44,0.0014739178655990882
2019-03-24 15:00:00,-0.492893890506326,2.0,2809.0,3974.04,113.35211038,44,0.0017608194179462495
2019-03-24 16:00:00,1.6835931618397386,5.0,3196.0,3971.14,47.32728368,44,0.0011455525622040203
2019-03-24 17:00:00,0.8670670559507169,6.0,248.0,3977.27,100.9993564,44,0.0016416506938083642
2019-03-24 18:00:00,0.0,13.0,3373.0,3971.41,64.42216704,44,0.0014923043375465808
2019-03-24 19:00:00,0.0,4.0,150.0,3970.17,64.69084710999999,44,0.0010662433125573124
2019-03-24 20:00:00,-1.1020831387227537,3.0,39.0,3967.1,83.5162392,44,0.0011659062990882004
2019-03-24 21:00:00,1.651277482090287,5.0,279.0,3966.89,114.21460769,44,0.001566588190531348
2019-03-24 22:00:00,0.0,1.0,52.0,3958.87,129.6113896,44,0.002082254586960044
2019-03-24 23:00:00,3.586492936161089,1.0,99.0,3961.0,69.00235768,44,0.0015886219396084368
2019-03-25 00:00:00,0.0,3.0,277.0,3959.76,229.7588832,46,0.003964644163234212
2019-03-25 01:00:00,0.0,1.0,405.0,3964.89,76.4452498,46,0.002640132471330165
2019-03-25 02:00:00,0.0,0.0,0.0,3965.0,71.93442073,46,0.0017748800040345344
2019-03-25 03:00:00,0.0,1.0,268.0,3969.99,75.88893303,46,0.00155510770060437
2019-03-25 04:00:00,0.0,2.0,256.0,3961.88,137.7041154,46,0.0012962390863864436
2019-03-25 05:00:00,0.2664538899796263,4.0,302.0,3972.11,152.21745396,46,0.001722197194792323
2019-03-25 06:00:00,0.6895575820719396,4.0,383.0,3974.2,103.67524206,46,0.001569023811852114
2019-03-25 07:00:00,0.4536642690638392,3.0,2455.0,3976.62,66.01371822,46,0.0009264814282890726
2019-03-25 08:00:00,0.0,2.0,56.0,3972.43,46.63152538,46,0.0011097334996940308
2019-03-25 09:00:00,0.0,1.0,54.0,3973.56,72.34918147,46,0.0010128487832341113
2019-03-25 10:00:00,0.0,1.0,140.0,3971.74,146.73810218,46,0.001308559302465828
2019-03-25 11:00:00,1.037952426462386,5.0,720.0,3968.94,246.61033122,46,0.001780972352519366
2019-03-25 12:00:00,0.4690139425614441,4.0,1348.0,3969.63,262.17322144,46,0.0025542685714832133
2019-03-25 13:00:00,1.0821605286092972,4.0,193.0,3972.63,239.41534407,46,0.0011532336766262783
2019-03-25 14:00:00,1.537241711885065,5.0,2084.0,3969.71,153.94863454,46,0.0014543678153320413
2019-03-25 15:00:00,0.8210163239829049,7.0,380.0,3969.44,114.06582317,46,0.0008135042757464474
2019-03-25 16:00:00,0.436658089498856,2.0,234.0,3958.08,334.82587805000003,46,0.0028332570238870252
2019-03-25 17:00:00,2.01483302218565,4.0,1141.0,3960.94,235.42993529,46,0.0016648597590882084
2019-03-25 18:00:00,1.052191512816755,3.0,342.0,3965.5,166.31880397,46,0.0014776210032116143
2019-03-25 19:00:00,0.0,3.0,129.0,3948.81,397.8720536,46,0.0030057702030483516
2019-03-25 20:00:00,0.5548362335687587,3.0,64.0,3954.0,474.3803943,46,0.0027064031608256996
2019-03-25 21:00:00,2.0187759486690373,5.0,1386.0,3942.5,326.78319124,46,0.0019857368404783207
2019-03-25 22:00:00,0.9447746245141236,3.0,305.0,3892.95,1584.7880267,46,0.009029705756378036
2019-03-25 23:00:00,2.201501748668815,3.0,611.0,3897.69,950.37098121,46,0.009628285558191814
2019-03-26 00:00:00,0.0,3.0,236.0,3890.12,206.73444771,43,0.005009930962247176
2019-03-26 01:00:00,0.0,1.0,11.0,3886.86,126.75965136,43,0.0019434907743963417
2019-03-26 02:00:00,0.0,3.0,139.0,3905.0,139.81214943,43,0.0032770998799159594
2019-03-26 03:00:00,0.0,2.0,1358.0,3910.51,227.74889124,43,0.0020140115694519465
2019-03-26 04:00:00,0.7661730311285281,0.0,0.0,3907.36,158.53042587,43,0.0014445537926978448
2019-03-26 05:00:00,1.5323460622570562,1.0,15.0,3913.31,90.97689968,43,0.0010734379870497792
2019-03-26 06:00:00,0.0,1.0,24.0,3916.57,85.02904834,43,0.001080881619418882
2019-03-26 07:00:00,1.6604779116352442,4.0,758.0,3909.33,457.21816218,43,0.005028807688323982
2019-03-26 08:00:00,1.457719179136578,2.0,239.0,3911.73,62.69598057,43,0.0011328139514905555
2019-03-26 09:00:00,1.427532621873864,3.0,3809.0,3909.09,40.4835129,43,0.0008632888513374818
2019-03-26 10:00:00,1.5622808398707713,2.0,173.0,3898.75,173.58139905000002,43,0.004302888368926635
2019-03-26 11:00:00,0.2712892298344449,4.0,488.0,3905.72,137.90438467,43,0.0028038210389936227
2019-03-26 12:00:00,1.0428720503614533,7.0,1821.0,3910.23,155.96059011,43,0.0021813617672590143
2019-03-26 13:00:00,0.8023275264240295,10.0,6211.0,3901.96,213.17637703,43,0.0010264386369757924
2019-03-26 14:00:00,1.564705247263795,9.0,3415.0,3898.6,286.76459625,43,0.0019419262637308727
2019-03-26 15:00:00,0.4616892200385721,9.0,1425.0,3898.2,115.44164362,43,0.0012620427311195808
2019-03-26 16:00:00,0.6528348141027492,5.0,815.0,3887.0,218.63130846,43,0.0035951647316646517
2019-03-26 17:00:00,0.0,3.0,2687.0,3887.88,393.4027318,43,0.0034763818059152063
2019-03-26 18:00:00,0.7561899351607658,4.0,232.0,3909.32,278.86502648,43,0.002577651027481255
2019-03-26 19:00:00,0.5957079975039457,8.0,2672.0,3914.0,300.56870018,43,0.002282240754055928
2019-03-26 20:00:00,1.1879833001418043,5.0,422.0,3911.4,209.13050745,43,0.0018793285565458105
2019-03-26 21:00:00,0.0,2.0,1407.0,3911.11,193.36135021,43,0.0013666324631373633
2019-03-26 22:00:00,1.8704636651390023,2.0,123.0,3922.0,121.24194415,43,0.0010934849038673508
2019-03-26 23:00:00,0.9352318325695012,0.0,0.0,3913.9,134.47151422,43,0.0015450009353213208
2019-03-27 00:00:00,0.0,1.0,8.0,3910.43,108.67267788,44,0.0011330405491481483
2019-03-27 01:00:00,0.4065696285957301,4.0,278.0,3908.79,71.95483963,44,0.0013179725893399895
2019-03-27 02:00:00,-0.482603635018099,6.0,1565.0,3912.27,200.05596973,44,0.0014954117383214369
2019-03-27 03:00:00,0.0,2.0,104.0,3922.58,107.48528662,44,0.0018942834689207645
2019-03-27 04:00:00,1.039804886600319,3.0,410.0,3934.87,186.26307662,44,0.003595412726610271
2019-03-27 05:00:00,1.0550606516633965,2.0,63.0,3970.44,794.34549869,44,0.007370775606235712
2019-03-27 06:00:00,0.9733192683169024,1.0,7.0,3975.58,198.34956674,44,0.0028980625336147005
2019-03-27 07:00:00,0.6117603052043681,4.0,148.0,3978.87,323.64331128,44,0.002004573988896518
2019-03-27 08:00:00,1.8093594136878224,2.0,2435.0,3977.82,251.32073391,44,0.0028307986649039815
2019-03-27 09:00:00,1.706026327614302,4.0,1182.0,3992.02,266.14204033,44,0.0023630842667183576
2019-03-27 10:00:00,1.2967264861086858,2.0,21.0,3985.2,200.4101569,44,0.0016420109429686938
2019-03-27 11:00:00,0.9265654241747692,6.0,1108.0,3985.7,122.74303642,44,0.0011542535855999761
2019-03-27 12:00:00,0.6018523815263788,4.0,919.0,3984.5,174.60100541,44,0.0022111749528844196
2019-03-27 13:00:00,0.8906054770229431,5.0,214.0,3984.9,303.49081471,44,0.0020995042895147393
2019-03-27 14:00:00,0.0,5.0,1061.0,4013.0,1550.0430195,44,0.006867507443618773
2019-03-27 15:00:00,0.5256398429419482,3.0,186.0,4024.8,826.68822499,44,0.005090215118419222
2019-03-27 16:00:00,0.9196025576774765,3.0,1570.0,4010.09,430.82368843,44,0.002766220206973017
2019-03-27 17:00:00,0.6920996464665934,8.0,756.0,4012.0,533.58143573,44,0.002217617747790978
2019-03-27 18:00:00,1.519306838512939,5.0,2658.0,4008.44,212.31329134,44,0.0010545388511213792
2019-03-27 19:00:00,0.3174185399758693,3.0,79.0,4013.54,251.82570396,44,0.0038105492040213813
2019-03-27 20:00:00,-0.8125868390055287,3.0,1484.0,4008.0,122.31006473,44,0.0023661834805740987
2019-03-27 21:00:00,1.1016546166105032,2.0,654.0,4011.01,209.86041707,44,0.001784091941557779
2019-03-27 22:00:00,1.1528666772645346,0.0,0.0,4004.51,175.54351029,44,0.0027236275905756896
2019-03-27 23:00:00,1.204078737918566,3.0,796.0,4005.0,158.65035627,44,0.002255352086274678
2019-03-28 00:00:00,0.656727305998049,5.0,563.0,4008.0,85.74166247,49,0.001574701998090942
2019-03-28 01:00:00,0.456391645845276,3.0,64.0,4009.72,328.91427296,49,0.0014906246949242471
2019-03-28 02:00:00,1.7616157344465009,2.0,325.0,4011.8,130.10254237,49,0.0009555269456170004
2019-03-28 03:00:00,0.0,2.0,2097.0,4025.5,313.96761776,49,0.003919840168548766
2019-03-28 04:00:00,1.639283231977334,2.0,1035.0,4017.5,356.48954515,49,0.004331010323575827
2019-03-28 05:00:00,0.0,2.0,146.0,4013.73,137.18729535,49,0.002227234045721351
2019-03-28 06:00:00,1.9724074763158563,1.0,48.0,4018.0,50.3899976,49,0.0012948135516216053
2019-03-28 07:00:00,0.3656438663455035,6.0,2587.0,4003.66,219.07358771000003,49,0.0027582462861235296
2019-03-28 08:00:00,1.2961351775123555,3.0,2420.0,3999.6,213.58300824,49,0.002102225980958264
2019-03-28 09:00:00,0.0,3.0,635.0,4012.6,145.36922937,49,0.003020954519875624
2019-03-28 10:00:00,1.5964023770842082,2.0,131.0,4009.55,151.44351915,49,0.0016052813247336723
2019-03-28 11:00:00,2.051722831474095,3.0,108.0,4013.76,85.07368722,49,0.0021767032826634355
2019-03-28 12:00:00,0.915018769106694,9.0,1866.0,4008.57,181.83766981,49,0.0019145364075723926
2019-03-28 13:00:00,3.9968654739135543,1.0,1925.0,4011.35,121.87508564,49,0.0018865760030494832
2019-03-28 14:00:00,1.318697341047329,6.0,5259.0,4002.59,184.51155274,49,0.0014249937621212284
2019-03-28 15:00:00,2.0990116983363483,3.0,340.0,4000.64,305.83775544,49,0.002851719326181971
2019-03-28 16:00:00,1.040886739678172,12.0,20916.0,4003.11,154.03444976,49,0.0014265232785079722
2019-03-28 17:00:00,0.9077955292994538,4.0,610.0,4013.51,299.09624032,49,0.001591432863059736
2019-03-28 18:00:00,-0.164203731049902,8.0,4288.0,4014.85,225.70033905,49,0.0020560417877742527
2019-03-28 19:00:00,0.6816862039402706,9.0,569.0,4017.9,254.24276193,49,0.001512938204069542
2019-03-28 20:00:00,3.1089215441681564,3.0,2265.0,4003.48,128.41210823,49,0.0016461699407218794
2019-03-28 21:00:00,0.3621947504818403,50.0,2517.0,4007.18,82.67274231,49,0.001535803890301404
2019-03-28 22:00:00,0.2184647819352127,73.0,2342.0,4013.8,94.74810628,49,0.0013231908939508189
2019-03-28 23:00:00,1.3996306157897946,2.0,214.0,4011.19,134.56134685,49,0.0016033604959529097
2019-03-29 00:00:00,2.3650367256651057,4.0,4065.0,4011.16,142.52875685,50,0.0008640009759059889
2019-03-29 01:00:00,0.8518337952360991,2.0,32.0,4013.9,113.20234273,50,0.0013878146315985198
2019-03-29 02:00:00,0.0,1.0,50.0,4008.39,70.13305462,50,0.0012136403746880525
2019-03-29 03:00:00,0.5425050475016949,3.0,27.0,4012.23,75.54263922,50,0.0011299528517468385
2019-03-29 04:00:00,0.5084667574863316,3.0,161.0,4011.89,243.51602086,50,0.003920169069136406
2019-03-29 05:00:00,4.348816942385634,1.0,2974.0,4012.3,84.11053807,50,0.0019413771321299886
2019-03-29 06:00:00,2.617743695980269,2.0,273.0,4023.86,87.21882068,50,0.0013877932522578177
2019-03-29 07:00:00,0.6747450805383531,6.0,6946.0,4027.4,161.73395125,50,0.0019609073517893936
2019-03-29 08:00:00,0.1783129134202378,6.0,1056.0,4014.52,488.47857576,50,0.005961871187315796
2019-03-29 09:00:00,-0.4769021743434081,7.0,726.0,4010.03,128.78160935,50,0.0018123338667402793
2019-03-29 10:00:00,0.2049208459375352,6.0,1089.0,4017.0,165.76292264,50,0.001287801206859287
2019-03-29 11:00:00,0.641657276986191,5.0,795.0,4034.83,756.83196641,50,0.0049913333771618934
2019-03-29 12:00:00,0.5545651222165303,6.0,5028.0,4030.66,295.5291277,50,0.003505228036403986
2019-03-29 13:00:00,0.346031424384428,5.0,1849.0,4070.01,1381.36477641,50,0.0054604586051986495
2019-03-29 14:00:00,1.0231475999224553,7.0,336.0,4077.61,857.33736531,50,0.005355111613281311
2019-03-29 15:00:00,1.5299794138843923,6.0,3430.0,4099.81,840.75411968,50,0.004307001284466651
2019-03-29 16:00:00,1.346164299093971,2.0,214.0,4084.32,568.71640144,50,0.006031931724128038
2019-03-29 17:00:00,1.0814398261534783,5.0,865.0,4081.35,241.79176466,50,0.0019138069257319333
2019-03-29 18:00:00,0.2048519155482535,4.0,283.0,4067.45,280.23255822,50,0.0013479655434285485
2019-03-29 19:00:00,1.306862733087871,4.0,246.0,4077.2,200.45706404,50,0.002398648014178572
2019-03-29 20:00:00,1.2431872921599127,2.0,1253.0,4082.39,187.21902703,50,0.0015038851362991152
2019-03-29 21:00:00,0.0,2.0,153.0,4081.0,140.84360406,50,0.0011885975195665744
2019-03-29 22:00:00,0.539353832276109,3.0,1049.0,4093.81,462.48348117,50,0.0017114208277408957
2019-03-29 23:00:00,0.8363679278422559,5.0,1089.0,4077.4,206.50396948,50,0.002268918337701462
2019-03-30 00:00:00,-1.19363225346132,5.0,44506.0,4074.5,156.44474609,57,0.0017161854979575173
2019-03-30 01:00:00,0.0,2.0,2575.0,4083.92,118.17882777,57,0.001214644054379148
2019-03-30 02:00:00,0.0,2.0,119.0,4079.26,109.02987159,57,0.001384821029950077
2019-03-30 03:00:00,0.8119318197501587,2.0,218.0,4090.0,227.71351447,57,0.0025720255077175294
2019-03-30 04:00:00,0.0,2.0,33.0,4119.89,790.57851751,57,0.006149618932408255
2019-03-30 05:00:00,0.0,2.0,59.0,4114.91,200.74659355,57,0.002066676104249421
2019-03-30 06:00:00,0.0,1.0,109.0,4111.17,191.30395936,57,0.001407903660489014
2019-03-30 07:00:00,0.0,0.0,0.0,4087.0,242.13337784,57,0.0031370244997606556
2019-03-30 08:00:00,0.0,4.0,770.0,4073.42,720.86418487,57,0.00792117876824132
2019-03-30 09:00:00,2.4635205180580177,3.0,311.0,4091.1,256.35682461,57,0.0022058987896282807
2019-03-30 10:00:00,0.5493917753847636,5.0,372.0,4089.26,150.23700152,57,0.0016211883613527298
2019-03-30 11:00:00,0.3541332760144122,4.0,141.0,4089.98,56.7375896,57,0.0014913197764736042
2019-03-30 12:00:00,0.0,2.0,602.0,4077.83,102.81369713,57,0.0026694890110562715
2019-03-30 13:00:00,1.3129636594674108,4.0,3751.0,4075.64,108.65753708,57,0.0017753675242899
2019-03-30 14:00:00,0.4109954003866283,4.0,213.0,4069.84,92.55340744,57,0.0024690310876541253
2019-03-30 15:00:00,1.8450238570788315,5.0,1453.0,4084.1,50.837543700000005,57,0.002558658734633542
2019-03-30 16:00:00,0.0,4.0,947.0,4084.36,39.84922869,57,0.001244376845916644
2019-03-30 17:00:00,1.2749315038942413,4.0,490.0,4077.26,60.82036251,57,0.0019431363844961405
2019-03-30 18:00:00,0.0,6.0,740.0,4079.04,58.68801029,57,0.0016661329233026733
2019-03-30 19:00:00,2.25227359704889,2.0,77.0,4069.29,137.87363129,57,0.002888085394121934
2019-03-30 20:00:00,0.8692291679221897,4.0,1595.0,4076.2,163.24514381,57,0.004037232960318302
2019-03-30 21:00:00,0.2426459018079408,4.0,229.0,4070.43,76.88353105,57,0.0017385563855242165
2019-03-30 22:00:00,0.8231699167997265,4.0,766.0,4076.42,39.87992493,57,0.0013724996483113695
2019-03-30 23:00:00,1.1732416447092315,3.0,381.0,4078.01,31.44488476,57,0.0007329954282754357
2019-03-31 00:00:00,0.8292313360558996,2.0,28.0,4076.43,55.10303054,56,0.001080679056562549
2019-03-31 01:00:00,0.8952095432097678,3.0,67.0,4086.87,99.95053758,56,0.0014102239249263369
2019-03-31 02:00:00,0.4476047716048839,0.0,0.0,4086.03,59.01412722,56,0.0021882291727377294
2019-03-31 03:00:00,0.0,1.0,20.0,4094.92,136.56381952,56,0.0021097647321586597
2019-03-31 04:00:00,0.0,1.0,13.0,4086.46,185.19592128,56,0.0026077743061600567
2019-03-31 05:00:00,0.9729771883760698,4.0,319.0,4086.17,64.21264777,56,0.0015559270906837241
2019-03-31 06:00:00,0.0,2.0,246.0,4076.3,134.58784924,56,0.002157319815143247
2019-03-31 07:00:00,0.0,3.0,397.0,4087.17,74.22088115,56,0.0014763900791036973
2019-03-31 08:00:00,1.4491902990939225,2.0,615.0,4084.07,126.857601,56,0.0018760487745849163
2019-03-31 09:00:00,0.7103932350382663,3.0,331.0,4083.13,107.21146564,56,0.001431468375400603
2019-03-31 10:00:00,0.0,2.0,67.0,4085.3,43.5456538,56,0.0011126560618413839
2019-03-31 11:00:00,0.0,0.0,0.0,4079.88,83.45701687,56,0.0017627630731517812
2019-03-31 12:00:00,0.0,1.0,23.0,4085.17,100.68729878,56,0.001220128240428907
2019-03-31 13:00:00,0.8077652476788849,5.0,621.0,4086.54,159.69232119,56,0.0007397198912360563
2019-03-31 14:00:00,0.4038826238394424,0.0,0.0,4089.61,166.51401871,56,0.001548898174080994
2019-03-31 15:00:00,0.0,2.0,49.0,4095.74,138.24964866,56,0.0019079673946980763
2019-03-31 16:00:00,1.1926123309270051,6.0,3990.0,4087.45,75.39329718,56,0.002455223672829314
2019-03-31 17:00:00,2.0420255238452323,2.0,95.0,4091.0,85.25176707,56,0.0014642051873319977
2019-03-31 18:00:00,1.2638917142251846,3.0,1319.0,4094.35,63.80097061,56,0.0010439722660929218
2019-03-31 19:00:00,0.4710059199807398,5.0,1978.0,4085.41,64.04211221,56,0.0017180461762391094
2019-03-31 20:00:00,0.0,1.0,114.0,4088.09,67.62377891999999,56,0.0009446645357798044
2019-03-31 21:00:00,1.0229179425238677,5.0,6390.0,4088.65,59.62197269,56,0.0008668972246846009
2019-03-31 22:00:00,0.8547948687411001,3.0,249.0,4090.22,129.87747532,56,0.0014292832429492427
2019-03-31 23:00:00,2.823069671116168,3.0,2142.0,4095.43,192.77484616,56,0.0017069390086078306
2019-04-01 00:00:00,1.411534835558084,0.0,0.0,4092.03,77.94891176,62,0.0007671002786434437
2019-04-01 01:00:00,0.0,2.0,227.0,4091.58,58.82851274,62,0.0014318024951216347
2019-04-01 02:00:00,0.0,5.0,1577.0,4093.37,59.22959763,62,0.001264158107357643
2019-04-01 03:00:00,0.0,2.0,125.0,4096.08,83.76263903,62,0.000975703978293233
2019-04-01 04:00:00,0.7052855870837773,4.0,214.0,4109.85,975.7284259,62,0.011529525739818079
2019-04-01 05:00:00,0.8425346915427292,2.0,20.0,4115.31,551.00070254,62,0.005242621361751582
2019-04-01 06:00:00,0.3102167069789528,8.0,2098.0,4120.22,285.98500038,62,0.002036452075881467
2019-04-01 07:00:00,1.297751627755908,5.0,532.0,4125.0,102.93893881,62,0.003168149371300134
2019-04-01 08:00:00,0.0,3.0,624.0,4125.48,154.41728082999998,62,0.0012842389374437104
2019-04-01 09:00:00,1.0941715746271206,7.0,369.0,4122.15,275.44665836,62,0.002395697172387696
2019-04-01 10:00:00,0.961253221994759,6.0,12053.0,4126.88,238.87707318,62,0.0013657337443010612
2019-04-01 11:00:00,0.0,3.0,1421.0,4122.79,299.83969147,62,0.0025535672193435673
2019-04-01 12:00:00,0.072057914733047,10.0,2047.0,4124.31,471.08776755,62,0.003025205928391399
2019-04-01 13:00:00,1.3631305948385122,5.0,800.0,4122.01,156.95271576,62,0.0017656596966952997
2019-04-01 14:00:00,0.6263729991431835,7.0,935.0,4116.03,504.39803396,62,0.0024698231492502128
2019-04-01 15:00:00,0.4795229637266853,3.0,876.0,4111.24,384.46854602,62,0.0017601500925722045
2019-04-01 16:00:00,0.702355705130599,4.0,5265.0,4127.09,284.93075139,62,0.0017754765931313093
2019-04-01 17:00:00,1.6757349376189103,8.0,7969.0,4137.13,357.53983798,62,0.002586382643104136
2019-04-01 18:00:00,2.3527866578607903,6.0,919.0,4132.83,556.29839139,62,0.0033596533156853973
2019-04-01 19:00:00,1.152126741713482,7.0,844.0,4139.0,233.69073389,62,0.001681231956434888
2019-04-01 20:00:00,1.5332484299470837,5.0,736.0,4140.29,264.56033631,62,0.0017614969914663172
2019-04-01 21:00:00,-0.0161063102394932,5.0,651.0,4134.06,122.6611756,62,0.0016016699778566722
2019-04-01 22:00:00,0.7202210024328014,8.0,602.0,4133.35,214.88352484,62,0.0015207803539722309
2019-04-01 23:00:00,0.7870612607563072,3.0,104.0,4133.8,151.5357038,62,0.0010309746670574304
2019-04-02 00:00:00,0.610944746119017,7.0,1841.0,4126.57,310.47561564,60,0.0017221277609785874
2019-04-02 01:00:00,0.0,3.0,89.0,4132.04,117.08038832,60,0.0016411312906317568
2019-04-02 02:00:00,0.0,3.0,1091.0,4136.16,92.59857705,60,0.0026874178225938
2019-04-02 03:00:00,1.032352841877496,5.0,322.0,4136.32,125.59144104,60,0.0020851941185994452
2019-04-02 04:00:00,0.4362396958598646,7.0,688.0,4146.12,472.82186517,60,0.0054033059581991725
2019-04-02 05:00:00,0.4469571945729932,13.0,4304.0,4155.4,389.97742947,60,0.003134026524102965
2019-04-02 06:00:00,0.0,10.0,1253.0,4168.24,530.77581116,60,0.003835226748135115
2019-04-02 07:00:00,1.5368232966850843,13.0,9103.0,4176.93,274.92517067,60,0.0019703827917761534
2019-04-02 08:00:00,1.5052941539338385,9.0,1444.0,4671.75,3798.25050473,60,0.06891309607445062
2019-04-02 09:00:00,0.0,8.0,402.0,4738.61,5205.45528829,60,0.05928633297716157
2019-04-02 10:00:00,-0.0560220106188149,8.0,995.0,4718.58,2147.42177481,60,0.017334294621215513
2019-04-02 11:00:00,1.2697319948909764,10.0,2355.0,4699.98,1278.9602521,60,0.008188352858904634
2019-04-02 12:00:00,-0.3022324470085445,5.0,1630.0,4697.26,1258.24318901,60,0.006172798064666227
2019-04-02 13:00:00,1.1210607214447996,19.0,7151.0,4799.16,1813.84123327,60,0.015190115618039764
2019-04-02 14:00:00,0.291426319521799,10.0,1824.0,4787.34,850.12005647,60,0.00755689162747847
2019-04-02 15:00:00,0.068003271210711,12.0,2056.0,4778.92,730.89304851,60,0.004885410795128639
2019-04-02 16:00:00,0.0078472719846915,9.0,1358.0,4808.69,745.18192692,60,0.007422863847892469
2019-04-02 17:00:00,0.2423743117048807,9.0,1067.0,4801.02,715.98191277,60,0.004548419441611791
2019-04-02 18:00:00,2.0373015526290668,10.0,2052.0,4745.87,1628.15025873,60,0.018118671142216214
2019-04-02 19:00:00,1.1686490106880674,6.0,1732.0,4744.66,735.19855294,60,0.006902575819156922
2019-04-02 20:00:00,0.1022625525372419,10.0,26580.0,4737.0,1075.5385756,60,0.00546525764088935
2019-04-02 21:00:00,0.8720977835183945,5.0,756.0,4722.2,865.24745257,60,0.008451997266190012
2019-04-02 22:00:00,-0.7889772310298209,2.0,10.0,4740.94,699.81507968,60,0.0015552746484556188
2019-04-02 23:00:00,1.390708378046257,4.0,9479.0,4759.87,841.71847041,60,0.00544994783262572
2019-04-03 00:00:00,1.35339405217945,7.0,2896.0,4802.5,2049.87167676,71,0.011577364986687258
2019-04-03 01:00:00,1.4766051229757853,8.0,3020.0,4790.93,493.36101254,71,0.010269129827370107
2019-04-03 02:00:00,1.13472287162568,11.0,9565.0,4829.4,260.28090291,71,0.0029776603909964145
2019-04-03 03:00:00,0.7524817216100792,11.0,5024.0,4899.63,1824.14206893,71,0.017918688571429527
2019-04-03 04:00:00,0.0,5.0,1005.0,4975.34,1911.12056629,71,0.011387792869128839
2019-04-03 05:00:00,-0.4478893495287145,2.0,15.0,4971.76,769.91927707,71,0.008479148797243975
2019-04-03 06:00:00,1.029887214476403,4.0,2386.0,5074.03,1457.74789622,71,0.009899123017785814
2019-04-03 07:00:00,0.8987627791977446,6.0,977.0,5053.6,1817.63710193,71,0.01264855546343368
2019-04-03 08:00:00,0.4977994083611893,11.0,737.0,4918.45,1610.34303514,71,0.019053086884758222
2019-04-03 09:00:00,0.7113283542607406,7.0,131.0,4950.01,548.43675599,71,0.006560683513345304
2019-04-03 10:00:00,1.3611883031696153,8.0,11196.0,4971.78,335.60808439,71,0.0071726670535870885
2019-04-03 11:00:00,0.2797900398354265,7.0,1752.0,4963.72,475.04976333,71,0.006312476405822866
2019-04-03 12:00:00,-0.3515519022553043,9.0,4135.0,4956.38,402.08834608,71,0.006513157181165303
2019-04-03 13:00:00,0.1739645701962359,7.0,628.0,4975.0,343.44655263,71,0.004730622503504777
2019-04-03 14:00:00,0.4051839033938327,6.0,629.0,4953.63,391.74808159,71,0.004781747725060082
2019-04-03 15:00:00,2.0970611925100204,6.0,2862.0,4967.99,408.33970048,71,0.0054919969653934005
2019-04-03 16:00:00,0.3320818716496233,7.0,248.0,5009.51,1225.59652315,71,0.007428186741030974
2019-04-03 17:00:00,0.4741402960120496,12.0,1716.0,5043.11,1139.37310073,71,0.006114821825433371
2019-04-03 18:00:00,0.3036038154641025,10.0,504.0,5010.53,826.98542064,71,0.005490921931294682
2019-04-03 19:00:00,0.6390554458757263,10.0,6848.0,5012.92,388.88208821,71,0.004862982933464094
2019-04-03 20:00:00,0.7020956859164194,10.0,1837.0,5132.79,2060.55371683,71,0.012902086851253776
2019-04-03 21:00:00,0.0,4.0,264.0,5123.0,1423.3146131,71,0.016268466065593058
2019-04-03 22:00:00,0.6655921438711976,4.0,753.0,5150.01,1006.57218588,71,0.00857486162209254
2019-04-03 23:00:00,0.8911146873184227,11.0,1175.0,5142.23,1025.37940325,71,0.007672492244043014
2019-04-04 00:00:00,0.5616399810591117,3.0,131.0,5299.21,1844.91875665,61,0.015788114156273066
2019-04-04 01:00:00,1.2250469386790788,9.0,1494.0,5182.3,1422.23604328,61,0.020610018400548477
2019-04-04 02:00:00,0.0,5.0,355109.0,5111.83,3622.6667133,61,0.028126270389605194
2019-04-04 03:00:00,0.8964587179217028,7.0,1959.0,4978.23,2863.30895789,61,0.040910967353124224
2019-04-04 04:00:00,1.4710055025943831,4.0,520.0,5031.32,1031.27446798,61,0.018189412295596785
2019-04-04 05:00:00,0.7756823943925139,3.0,116.0,4984.57,673.25500724,61,0.014775215504950449
2019-04-04 06:00:00,0.9643552101618308,5.0,498.0,5013.8,808.4709470700001,61,0.006594129943320055
2019-04-04 07:00:00,0.0,5.0,182.0,4961.01,579.63162161,61,0.007734153041422803
2019-04-04 08:00:00,0.935611791716656,6.0,2812.0,5008.38,392.71373231,61,0.007990003421606447
2019-04-04 09:00:00,0.3489397889970879,6.0,1193.0,5023.32,597.60547046,61,0.004434055998184276
2019-04-04 10:00:00,0.6616989079272981,6.0,827.0,5041.58,409.20485126,61,0.007677034986485004
2019-04-04 11:00:00,0.1329201989155794,7.0,723.0,5033.15,241.65150775,61,0.005743724166431597
2019-04-04 12:00:00,0.3940899344171604,11.0,1619.0,5026.05,677.58295231,61,0.011937671656657683
2019-04-04 13:00:00,1.335853878281671,3.0,204.0,5011.14,500.01900473,61,0.005861463876535906
2019-04-04 14:00:00,0.8889768250938765,8.0,2558.0,4964.24,373.45606739,61,0.007126794546417587
2019-04-04 15:00:00,1.259610147096769,6.0,1619.0,4995.0,1178.7387254,61,0.011389095825137755
2019-04-04 16:00:00,0.68121193987806,6.0,198.0,5020.6,429.98224799,61,0.005625166231327117
2019-04-04 17:00:00,1.0885987138326845,10.0,1204.0,5011.24,338.70639318,61,0.0047994920903008005
2019-04-04 18:00:00,1.2100613468588677,6.0,335.0,5004.51,952.42746019,61,0.0073908448899343325
2019-04-04 19:00:00,0.5341764587818256,10.0,1525.0,5001.54,689.06889987,61,0.007876746955992211
2019-04-04 20:00:00,1.387092649631928,4.0,207.0,4938.01,955.25992633,61,0.008169542217580893
2019-04-04 21:00:00,-0.165971670996333,5.0,1863.0,4895.25,877.3485411199999,61,0.013231252564136002
2019-04-04 22:00:00,0.0,3.0,2041.0,4865.81,1001.55954119,61,0.01128012671441811
2019-04-04 23:00:00,0.0,3.0,233.0,4823.13,612.06914142,61,0.007205038813580757
2019-04-05 00:00:00,0.7110819535113194,3.0,212.0,4853.31,1202.7418807,59,0.011642480822386891
2019-04-05 01:00:00,0.7389980766935308,7.0,420.0,4927.47,671.19589707,59,0.013285746694302365
2019-04-05 02:00:00,1.088644797777954,3.0,491.0,4881.13,432.75204032,59,0.00679388928722778
2019-04-05 03:00:00,-0.6082476199780763,4.0,225.0,4907.94,271.39882319000003,59,0.0048802818397205485
2019-04-05 04:00:00,1.3198087434910426,4.0,291.0,4944.02,467.85670561,59,0.006448490965996957
2019-04-05 05:00:00,0.179091440712548,6.0,218.0,4914.04,216.59870965,59,0.004738301944288637
2019-04-05 06:00:00,0.0,3.0,4362.0,4924.97,327.6295125,59,0.004889410856611346
2019-04-05 07:00:00,1.2180172975586503,5.0,3172.0,4890.92,382.15778999,59,0.004727833800601696
2019-04-05 08:00:00,0.528145997448736,12.0,1771.0,4946.53,581.75902727,59,0.006661230064414569
2019-04-05 09:00:00,1.0781182648373755,5.0,691.0,4971.2,583.67440427,59,0.006883192992100352
2019-04-05 10:00:00,0.0,5.0,2693.0,4932.41,414.61599392,59,0.005669043693330876
2019-04-05 11:00:00,1.210023172155284,3.0,264.0,4934.26,545.7690690100001,59,0.004550102321601422
2019-04-05 12:00:00,0.0,5.0,11324.0,4967.12,317.66573272,59,0.004849470658134165
2019-04-05 13:00:00,0.7047577600180297,12.0,984.0,4950.08,290.40029293,59,0.0024624554148489665
2019-04-05 14:00:00,0.9036404323811604,10.0,2767.0,4962.08,702.36946175,59,0.004359368870591544
2019-04-05 15:00:00,0.8004916380158781,7.0,603.0,5004.01,1093.71459115,59,0.007039934726319327
2019-04-05 16:00:00,-0.0011851829636175,7.0,584.0,5026.37,1197.69746659,59,0.00931120725871956
2019-04-05 17:00:00,0.3482838039965357,10.0,2386.0,5005.51,1007.77869052,59,0.011868457657018635
2019-04-05 18:00:00,1.2646833669970197,3.0,2711.0,4986.23,1018.73090702,59,0.007495969905226304
2019-04-05 19:00:00,1.1919652279817723,4.0,881.0,4989.68,665.53393097,59,0.006589461783213996
2019-04-05 20:00:00,0.5544518535057725,7.0,631.0,5014.5,344.90098877,59,0.0071893967955065224
2019-04-05 21:00:00,0.6418085776251464,8.0,2692.0,5032.02,516.33738879,59,0.007264350107904942
2019-04-05 22:00:00,1.6845509742632536,5.0,278.0,5026.99,782.72505827,59,0.008160625646922704
2019-04-05 23:00:00,0.0,3.0,341.0,5012.0,332.24231916,59,0.0030463995939845902
2019-04-06 00:00:00,1.4503867039512062,5.0,481.0,4997.37,603.54306076,65,0.012202572611477351
2019-04-06 01:00:00,1.11532845702631,4.0,1258.0,5005.33,199.3674514,65,0.004435838944383516
2019-04-06 02:00:00,2.9028630263032653,2.0,805.0,5033.73,242.10268356,65,0.0031866967442761864
2019-04-06 03:00:00,1.6219753757264563,3.0,260.0,5039.73,188.57527952,65,0.005095850503179202
2019-04-06 04:00:00,0.0,2.0,25.0,5010.01,324.88666115,65,0.0048955975811622145
2019-04-06 05:00:00,0.0,2.0,19.0,4992.98,294.83311899,65,0.0044622473373668895
2019-04-06 06:00:00,0.0,4.0,590.0,5006.64,161.62206481,65,0.0031353683571023853
2019-04-06 07:00:00,0.0,2.0,336.0,5001.98,95.90805917,65,0.0024403406063261465
2019-04-06 08:00:00,0.697567254598764,5.0,568.0,5007.93,112.37387178,65,0.002123829057586642
2019-04-06 09:00:00,2.0780133003941463,3.0,365.0,5019.28,261.6475547,65,0.0028794350551292
2019-04-06 10:00:00,0.0,4.0,408.0,5014.33,63.88047234,65,0.0018589226010376201
2019-04-06 11:00:00,0.9713623650961418,3.0,344.0,4998.5,62.09769557,65,0.0021363001517905934
2019-04-06 12:00:00,1.9332308542450107,6.0,7101.0,4993.7,251.42262536,65,0.005585314970640712
2019-04-06 13:00:00,1.4917630387171543,4.0,1078.0,4982.09,207.22552828,65,0.0035067157079756166
2019-04-06 14:00:00,-0.2908969741296124,7.0,4575.0,4992.55,187.8032937,65,0.0022428507368067365
2019-04-06 15:00:00,2.695667651630072,2.0,519.0,4998.15,135.88350289,65,0.002620967696617358
2019-04-06 16:00:00,0.5712676579707731,10.0,4250.0,5005.0,340.57345442,65,0.003911230619665299
2019-04-06 17:00:00,1.2943312448850155,9.0,3252.0,5020.0,261.87444379,65,0.0038645138754557994
2019-04-06 18:00:00,0.7772256815521561,4.0,1084.0,5048.56,294.63288535,65,0.006273026648832054
2019-04-06 19:00:00,1.085957035357461,4.0,329.0,5116.15,1012.82601046,65,0.011771377600595235
2019-04-06 20:00:00,0.9992339082355344,5.0,408.0,5184.37,1307.66427719,65,0.015368044227939462
2019-04-06 21:00:00,0.0,2.0,17.0,5143.43,747.77134939,65,0.010170112666512717
2019-04-06 22:00:00,1.153476976686136,5.0,1097.0,5161.36,557.4245423599999,65,0.005265033354196749
2019-04-06 23:00:00,1.158723630626967,2.0,306.0,5156.1,828.30481699,65,0.005223207239827206
2019-04-07 00:00:00,1.9060850855316105,3.0,990.0,5081.9,552.62985215,69,0.014644335831694067
2019-04-07 01:00:00,0.0,4.0,117.0,5003.18,1153.50774917,69,0.024842891272151828
2019-04-07 02:00:00,0.0,2.0,34.0,5026.18,396.5157682,69,0.007539119964463518
2019-04-07 03:00:00,1.3607107518674908,3.0,1922.0,5041.39,436.53519008,69,0.007543454611046451
2019-04-07 04:00:00,1.1141036284006842,4.0,660.0,5039.41,178.7266646,69,0.004433042491231825
2019-04-07 05:00:00,1.1767534509653472,3.0,93.0,5046.31,236.59499038,69,0.0030316537478853466
2019-04-07 06:00:00,0.0,1.0,18.0,5127.72,866.9414216,69,0.0067809204342676645
2019-04-07 07:00:00,0.7384457399281635,4.0,1137.0,5125.0,478.09571868,69,0.007306601123279039
2019-04-07 08:00:00,2.016289271217189,3.0,569.0,5136.6,370.53205491,69,0.005533035302379939
2019-04-07 09:00:00,0.4367561471826984,10.0,1498.0,5099.15,279.02421474,69,0.008364766166955851
2019-04-07 10:00:00,1.0299157456995962,6.0,663.0,5125.0,320.46472965,69,0.005283584654253785
2019-04-07 11:00:00,0.5149578728497981,0.0,0.0,5132.43,255.4787967,69,0.003646307055828679
2019-04-07 12:00:00,0.0,7.0,3206.0,5159.71,353.03076976,69,0.009646373796603144
2019-04-07 13:00:00,1.3009821640813497,6.0,1173.0,5134.99,240.39477754,69,0.007045727094547969
2019-04-07 14:00:00,1.4526271626874647,4.0,1209.0,5122.43,561.72765983,69,0.006036001430131063
2019-04-07 15:00:00,1.2391431900985692,4.0,1307.0,5119.12,633.17186062,69,0.005480693228379041
2019-04-07 16:00:00,1.0831609130231965,7.0,1692.0,5145.67,89.20892306,69,0.0030914916276315783
2019-04-07 17:00:00,0.5634677735445888,6.0,4601.0,5152.02,154.3007834,69,0.004372867567033693
2019-04-07 18:00:00,0.4200446443636541,4.0,918.0,5133.0,216.33907917,69,0.0054855902475938415
2019-04-07 19:00:00,0.48987308424686,7.0,739.0,5115.88,261.01967038,69,0.006367743478348798
2019-04-07 20:00:00,0.7267179926357732,2.0,77.0,5115.2,748.88505507,69,0.01063511222301972
2019-04-07 21:00:00,0.0,2.0,14.0,5130.86,403.81631732,69,0.003140590272221992
2019-04-07 22:00:00,0.381264395318199,0.0,0.0,5126.84,185.89544816,69,0.003989915669467893
2019-04-07 23:00:00,0.7625287906363981,7.0,3477.0,5134.67,273.21322103,69,0.005691481491870216
2019-04-08 00:00:00,2.435189924991262,6.0,1681.0,5140.71,490.42410008,65,0.009589562837393312
2019-04-08 01:00:00,1.4036524374952826,6.0,689.0,5165.98,210.7691323,65,0.0034789356474720415
2019-04-08 02:00:00,1.7074142698545922,3.0,195.0,5180.23,2320.84886112,65,0.01595053977256941
2019-04-08 03:00:00,0.9527971447660656,8.0,965.0,5190.85,743.61510606,65,0.009871773609442927
2019-04-08 04:00:00,2.41051136033172,4.0,1065.0,5258.75,667.76165776,65,0.01051120309111458
2019-04-08 05:00:00,0.5256497829843455,9.0,243.0,5275.05,617.10691747,65,0.009943302874556874
2019-04-08 06:00:00,0.3630394007637059,8.0,379.0,5289.37,1270.06122247,65,0.010193386384391151
2019-04-08 07:00:00,0.1652222459874655,5.0,265.0,5252.12,441.31107192,65,0.009521017827733924
2019-04-08 08:00:00,0.0,5.0,205.0,5314.94,426.38813157,65,0.0066486917166112165
2019-04-08 09:00:00,1.970756529737197,6.0,562.0,5292.16,401.74076101,65,0.005886282783945075
2019-04-08 10:00:00,0.5931876752413977,9.0,336.0,5272.99,268.57713691,65,0.007917848641284034
2019-04-08 11:00:00,0.851447383939922,9.0,734.0,5252.21,735.47581115,65,0.009430779970556266
2019-04-08 12:00:00,0.6042275237394684,4.0,1272.0,5230.32,402.56051403,65,0.008644296099806088
2019-04-08 13:00:00,0.5528273286722725,13.0,2662.0,5262.15,237.30995652,65,0.0034300803449361463
2019-04-08 14:00:00,0.2469299959436991,11.0,909.0,5206.99,631.05499889,65,0.007173448423712067
2019-04-08 15:00:00,1.2718187942025296,15.0,3503.0,5132.32,1168.9274955,65,0.007758258622989739
2019-04-08 16:00:00,0.7723405705034333,14.0,1547.0,5191.29,704.68200815,65,0.006176503435558655
2019-04-08 17:00:00,-0.2153423272214161,5.0,384.0,5186.18,472.20025374,65,0.004487841212519436
2019-04-08 18:00:00,0.9864952562284244,9.0,499.0,5241.92,505.05258394,65,0.005990491419535925
2019-04-08 19:00:00,0.8695984426285449,7.0,1060.0,5234.46,732.02784564,65,0.004140032505292023
2019-04-08 20:00:00,0.1728897516730229,8.0,2055.0,5215.58,449.26964532,65,0.00742221425504254
2019-04-08 21:00:00,0.9506203571691964,6.0,808.0,5205.42,598.20812925,65,0.005083988660246147
2019-04-08 22:00:00,-0.3619032508541659,6.0,2099.0,5204.83,148.05350521,65,0.004588080443865464
2019-04-08 23:00:00,0.8510844083581337,4.0,940.0,5201.53,553.1717604,65,0.004712479122695763
2019-04-09 00:00:00,0.0,4.0,369.0,5255.84,637.74408281,64,0.008246535636671982
2019-04-09 01:00:00,1.069880970286455,3.0,42.0,5282.62,343.30591977,64,0.0037524432985136594
2019-04-09 02:00:00,0.621424912621758,5.0,4754.0,5268.52,486.37642259,64,0.006824271546493439
2019-04-09 03:00:00,0.0371571916874033,6.0,1737.0,5287.88,446.61368285,64,0.010343314377087652
2019-04-09 04:00:00,1.0315514199357096,5.0,651.0,5243.32,284.79516999,64,0.0038286093737283987
2019-04-09 05:00:00,1.8246190089254088,5.0,1383.0,5258.23,321.47794179,64,0.004878939730127551
2019-04-09 06:00:00,1.0916201441975926,2.0,88.0,5256.18,323.69423333,64,0.0040462153248731775
2019-04-09 07:00:00,0.4750634708287415,4.0,910.0,5241.24,374.36040652,64,0.00840447271357463
2019-04-09 08:00:00,0.8815282180102404,9.0,1560.0,5221.1,338.33039623,64,0.005547205361303858
2019-04-09 09:00:00,0.0073332301821558,6.0,890.0,5215.0,592.4495009999999,64,0.01222970989681479
2019-04-09 10:00:00,-0.1329678074390679,8.0,731.0,5235.89,322.2278489,64,0.003656809987578203
2019-04-09 11:00:00,0.8996724913532307,7.0,583.0,5222.0,341.51693892000003,64,0.004457858916667248
2019-04-09 12:00:00,0.7695967937560497,5.0,155.0,5227.69,719.51993338,64,0.0083200490116463
2019-04-09 13:00:00,0.5490329372981222,8.0,573.0,5194.06,576.47372331,64,0.008920543471032378
2019-04-09 14:00:00,0.3538559479774041,9.0,748.0,5203.36,583.4388308,64,0.01039778953079509
2019-04-09 15:00:00,0.0,3.0,134.0,5208.93,600.98784726,64,0.005941846678837537
2019-04-09 16:00:00,0.3475693793774438,6.0,756.0,5190.0,307.78107716,64,0.004094010399038754
2019-04-09 17:00:00,2.125657261467076,3.0,526.0,5209.99,533.02354363,64,0.007905894028222747
2019-04-09 18:00:00,0.6230102021378007,6.0,2792.0,5207.0,509.14473297,64,0.0038001297316116183
2019-04-09 19:00:00,0.3967691979619593,7.0,847.0,5207.17,279.49130086,64,0.003845186133241245
2019-04-09 20:00:00,0.6340194124887613,9.0,2432.0,5231.6,278.53515406,64,0.003285623343346097
2019-04-09 21:00:00,0.7351367344319317,11.0,1204.0,5208.33,121.52925624,64,0.0034309403565137317
2019-04-09 22:00:00,0.0,1.0,53.0,5220.0,252.46788585,64,0.0019750241230770548
2019-04-09 23:00:00,1.6789362248517183,2.0,413.0,5215.8,217.23682131,64,0.0017752528069773495
2019-04-10 00:00:00,0.468396233989295,2.0,89.0,5223.87,487.37203998,62,0.005023851067775487
2019-04-10 01:00:00,0.5923657738286147,3.0,74.0,5215.0,96.46755331,62,0.0026028004253778373
2019-04-10 02:00:00,0.1108522165653703,4.0,90.0,5193.94,577.73871728,62,0.008207144863763638
2019-04-10 03:00:00,1.9595990258314908,2.0,1071.0,5192.6,370.29264625,62,0.005307944374091939
2019-04-10 04:00:00,1.4943046265594764,4.0,227.0,5204.96,403.89674046,62,0.007614813249996414
2019-04-10 05:00:00,0.9694240420620438,3.0,187.0,5237.16,633.3204302,62,0.005677569467981405
2019-04-10 06:00:00,-0.1106657420499591,9.0,2525.0,5233.52,509.89123506,62,0.002604191095085403
2019-04-10 07:00:00,0.605965893750059,4.0,384.0,5221.86,145.44988434,62,0.003149209330807383
2019-04-10 08:00:00,0.0,3.0,72.0,5232.75,179.57678644,62,0.002302384319725873
2019-04-10 09:00:00,2.6018744582831324,1.0,164.0,5259.42,250.51097599,62,0.0030336145454422287
2019-04-10 10:00:00,-0.5910365675834147,4.0,303.0,5269.67,421.1453076,62,0.0044034416170956004
2019-04-10 11:00:00,0.0,4.0,395.0,5244.83,293.28893491,62,0.0028725485723449214
2019-04-10 12:00:00,0.1915116410453566,6.0,210.0,5250.63,196.28887556,62,0.002998383394358375
2019-04-10 13:00:00,0.733139163972633,10.0,1820.0,5250.82,148.51434459,62,0.002293363808558788
2019-04-10 14:00:00,1.193047588423168,11.0,2983.0,5243.38,292.8156374,62,0.0026734149713954257
2019-04-10 15:00:00,0.182993649391549,8.0,901.0,5241.13,290.96867369,62,0.0019305276745076607
2019-04-10 16:00:00,0.6391317679119854,16.0,1470.0,5275.46,501.34805784,62,0.0057496561185421315
2019-04-10 17:00:00,0.8831297785656957,10.0,1930.0,5269.72,373.27635126,62,0.004316578590784777
2019-04-10 18:00:00,1.424606254883904,8.0,458.0,5271.21,356.82157509,62,0.002760234515188276
2019-04-10 19:00:00,0.9378338116805244,8.0,352.0,5280.82,382.62857866,62,0.0045444517357864506
2019-04-10 20:00:00,1.1998966216718965,4.0,4766.0,5270.4,420.80878807,62,0.006415517060791281
2019-04-10 21:00:00,0.5658807908801085,7.0,1523.0,5291.65,326.26991209,62,0.00675103335509497
2019-04-10 22:00:00,0.4053064098288027,4.0,1395.0,5402.56,1717.43990695,62,0.018962532118251774
2019-04-10 23:00:00,-0.128706944422739,4.0,281.0,5402.01,527.547734,62,0.005975748701897215
2019-04-11 00:00:00,0.2691712935190726,6.0,5164.0,5305.51,1486.7441966,65,0.02737599899861127
2019-04-11 01:00:00,0.6661676509872682,7.0,9503.0,5295.31,413.90921901,65,0.010029179864247307
2019-04-11 02:00:00,1.505358170615126,4.0,3704.0,5289.23,170.94571257,65,0.004038915841180404
2019-04-11 03:00:00,0.0,1.0,71.0,5323.47,280.52688858,65,0.0021140226685856826
2019-04-11 04:00:00,0.0,2.0,494.0,5309.11,605.60711636,65,0.008144211020483362
2019-04-11 05:00:00,0.7221268019949708,10.0,4251.0,5299.13,328.5306332,65,0.004251620283324031
2019-04-11 06:00:00,0.4433386106410753,8.0,529.0,5306.16,307.37254884,65,0.0029268635154491795
2019-04-11 07:00:00,0.477557724726239,9.0,494.0,5194.02,1468.72152806,65,0.015631805895551385
2019-04-11 08:00:00,0.4561142130014211,9.0,1902.0,5226.19,551.82533567,65,0.00967939906585702
2019-04-11 09:00:00,0.2417229114990617,8.0,1974.0,5216.24,464.31845695,65,0.006219366243192848
2019-04-11 10:00:00,0.8224413355026033,10.0,559.0,5220.0,405.92137279,65,0.0033900317057118587
2019-04-11 11:00:00,0.0,3.0,448.0,5202.97,214.2515133,65,0.0028948118462737557
2019-04-11 12:00:00,0.0,5.0,1106.0,5202.1,1005.38995267,65,0.007789349516728151
2019-04-11 13:00:00,1.322276144829747,2.0,133.0,5074.78,1289.43074007,65,0.023400822446707485
2019-04-11 14:00:00,1.6521411206167886,6.0,5253.0,5078.38,925.45431299,65,0.008737628754033545
2019-04-11 15:00:00,0.428410570308283,5.0,337.0,5048.12,1397.27698809,65,0.015752685241550737
2019-04-11 16:00:00,-0.2842196763591688,15.0,1733.0,5055.73,716.30892735,65,0.007722329082548321
2019-04-11 17:00:00,0.4771414511071523,6.0,815.0,5029.4,895.72235707,65,0.005099180332992906
2019-04-11 18:00:00,0.661468345932366,8.0,798.0,5046.67,605.83891939,65,0.007299542943793416
2019-04-11 19:00:00,0.6272502500349371,14.0,3493.0,5038.03,596.9988828,65,0.0044239980962196
2019-04-11 20:00:00,0.566535080385485,13.0,2806.0,5055.54,665.53992586,65,0.007306593662754962
2019-04-11 21:00:00,0.0,1.0,16.0,5057.4,696.22496253,65,0.005703260809482689
2019-04-11 22:00:00,0.9991939408370576,3.0,357.0,5077.44,390.51430606,65,0.00488635381897104
2019-04-11 23:00:00,0.0,1.0,144.0,5073.78,275.44144722,65,0.004996544428726062
2019-04-12 00:00:00,0.0,3.0,38.0,5053.43,307.6974699,42,0.0047061253639958485
2019-04-12 01:00:00,0.5700247130246276,5.0,1470.0,5024.17,315.86987075,42,0.003912029103036171
2019-04-12 02:00:00,0.6747814504934281,3.0,81.0,5045.86,464.80231563,42,0.01188312960815635
2019-04-12 03:00:00,0.7271366411670248,2.0,299.0,5040.2,157.89617978,42,0.003431397575591272
2019-04-12 04:00:00,0.0,4.0,3910.0,5025.89,191.55448551,42,0.004389176815906127
2019-04-12 05:00:00,0.0,2.0,86.0,4959.86,1027.17863942,42,0.014206660515317677
2019-04-12 06:00:00,1.577839459981989,9.0,1827.0,5003.87,388.15490103,42,0.005653947344399407
2019-04-12 07:00:00,2.080918985400055,3.0,1552.0,5023.33,355.76142397,42,0.0077303518313874935
2019-04-12 08:00:00,0.7676645629642536,10.0,602.0,5034.76,284.21091538,42,0.003390737140121036
2019-04-12 09:00:00,0.9071606824308796,6.0,1152.0,5020.41,240.01241719,42,0.00409590466049751
2019-04-12 10:00:00,0.8841498886548244,8.0,1289.0,5024.64,483.09489631,42,0.003915842317987844
2019-04-12 11:00:00,1.3634550158325045,9.0,825.0,5033.68,285.98881209,42,0.0034692652848130282
2019-04-12 12:00:00,0.0,5.0,743.0,5020.39,257.26976594,42,0.005591980470143921
2019-04-12 13:00:00,1.9392900670686413,7.0,4449.0,5034.0,158.36416742,42,0.0023170419448242186
2019-04-12 14:00:00,-0.0406671970919159,10.0,9792.0,5074.86,630.20311943,42,0.009935601121230344
2019-04-12 15:00:00,0.8240633391455701,8.0,2389.0,5077.63,536.19200704,42,0.005828684942659177
2019-04-12 16:00:00,0.5668733780495223,5.0,510.0,5090.71,477.74403133,42,0.002632516531884917
2019-04-12 17:00:00,0.2265258876215384,13.0,1092.0,5067.92,368.77113693,42,0.00548593221846404
2019-04-12 18:00:00,0.5721443379954148,17.0,4471.0,5086.44,285.52335571,42,0.0027953129166120366
2019-04-12 19:00:00,0.5529740784403463,9.0,4047.0,5071.06,275.64086803,42,0.00333034747224726
2019-04-12 20:00:00,0.0,2.0,791.0,5084.81,295.51693351,42,0.002712119979089789
2019-04-12 21:00:00,1.322613088269178,3.0,166.0,5070.84,534.1290823100001,42,0.00940326687061363
2019-04-12 22:00:00,0.8546105771743844,4.0,660.0,5063.27,183.73526207,42,0.003890105333337728
2019-04-12 23:00:00,0.2713897855437396,13.0,1839.0,5057.29,136.5809884,42,0.0022220388484489088
2019-04-13 00:00:00,1.6737972041415456,3.0,167.0,5042.93,354.88146229,62,0.00385288699722883
2019-04-13 01:00:00,0.2688624116395898,11.0,632.0,5061.91,118.11347428,62,0.0031166420717142376
2019-04-13 02:00:00,1.089325455787144,3.0,251.0,5089.39,122.09269223,62,0.004515382263073042
2019-04-13 03:00:00,1.5596827018412034,3.0,3341.0,5076.35,66.32363902,62,0.001647112210919898
2019-04-13 04:00:00,0.1528515332307856,7.0,432.0,5064.2,126.42909262,62,0.003059500986421684
2019-04-13 05:00:00,1.0927751888479529,3.0,448.0,5079.0,110.55264516,62,0.003432166713319368
2019-04-13 06:00:00,2.4382971321808067,3.0,700.0,5105.27,205.38665857,62,0.004215864779886451
2019-04-13 07:00:00,0.9268261525849008,3.0,218.0,5108.48,180.90927837,62,0.002281580181646503
2019-04-13 08:00:00,1.6665684129223457,4.0,553.0,5112.7,289.861,62,0.0023603411750278123
2019-04-13 09:00:00,0.0,2.0,59.0,5113.74,217.31418333,62,0.002728859239552308
2019-04-13 10:00:00,-0.6336256015902696,4.0,695.0,5113.22,362.03773776,62,0.002565177200482101
2019-04-13 11:00:00,0.9146008193404512,4.0,177.0,5094.13,450.68307275,62,0.004596468650740376
2019-04-13 12:00:00,1.9549688759784327,3.0,3890.0,5080.37,517.85014302,62,0.005716011855945649
2019-04-13 13:00:00,0.7257440401399337,7.0,2050.0,5077.48,254.33318321,62,0.002557389802744616
2019-04-13 14:00:00,0.4333278077246045,6.0,8131.0,5051.68,315.2005504,62,0.00465240487862865
2019-04-13 15:00:00,0.8338796908385337,5.0,2555.0,5064.59,88.15756858,62,0.002341705410175179
2019-04-13 16:00:00,1.229274824228838,6.0,1106.0,5079.4,154.85724984,62,0.002948845505768294
2019-04-13 17:00:00,0.0,12.0,6393.0,5079.62,107.37315836,62,0.0022481205693086403
2019-04-13 18:00:00,1.4441719917119609,5.0,1236.0,5101.84,156.95337325,62,0.0043204836666284685
2019-04-13 19:00:00,0.0,3.0,574.0,5080.59,137.60836745,62,0.004287495730583436
2019-04-13 20:00:00,0.8486384539679694,13.0,5241.0,5081.78,87.07195622,62,0.0024213060559809484
2019-04-13 21:00:00,0.6098009517371774,6.0,298.0,5097.52,146.30527021,62,0.002380566518628793
2019-04-13 22:00:00,0.4669418891980019,5.0,2302.0,5093.65,71.78593048,62,0.002641838904462067
2019-04-13 23:00:00,-0.2319084164288823,6.0,326.0,5078.19,97.59615557,62,0.0020958197051868916
2019-04-14 00:00:00,1.853018241385124,5.0,730.0,5083.73,103.54535219,51,0.004151475559448268
2019-04-14 01:00:00,0.611863798776667,3.0,138.0,5074.63,182.68658758,51,0.00693058186724984
2019-04-14 02:00:00,1.5574673984719678,2.0,349.0,5064.95,96.66581331,51,0.004195440020011236
2019-04-14 03:00:00,0.0,1.0,105.0,5063.63,59.27270148,51,0.002977097814630649
2019-04-14 04:00:00,0.5979359693567462,8.0,2431.0,5076.3,30.37006488,51,0.002303336307500231
2019-04-14 05:00:00,0.0,1.0,143.0,5070.82,78.94751612,51,0.0022220757015319853
2019-04-14 06:00:00,0.0,2.0,224.0,5051.02,106.4907237,51,0.003726007075977627
2019-04-14 07:00:00,0.0,3.0,922.0,5052.9,168.90975469,51,0.00307447736162232
2019-04-14 08:00:00,0.5522832277478242,5.0,373.0,5053.92,97.08643566,51,0.003040252939564072
2019-04-14 09:00:00,0.9251155336846428,0.0,0.0,5045.25,207.84107148,51,0.006033511947449335
2019-04-14 10:00:00,1.2979478396214614,3.0,686.0,5035.72,439.75740654,51,0.003290451870801433
2019-04-14 11:00:00,0.0,3.0,101.0,5061.39,85.33556716,51,0.004070256143292826
2019-04-14 12:00:00,0.7885287079291391,4.0,925.0,5061.55,83.46240624,51,0.0022705015707934467
2019-04-14 13:00:00,2.4199889187946204,3.0,1184.0,5072.42,144.41940313,51,0.0027835733392521426
2019-04-14 14:00:00,0.7401414230263794,7.0,1165.0,5068.24,64.81518455,51,0.002220289676297494
2019-04-14 15:00:00,1.9785960864352432,5.0,617.0,5065.96,78.6384684,51,0.002089634940630651
2019-04-14 16:00:00,0.0,1.0,20.0,5070.0,85.09253152000001,51,0.0027059449124551722
2019-04-14 17:00:00,0.8252993451553176,8.0,2109.0,5075.02,96.66854483,51,0.0020569232075680413
2019-04-14 18:00:00,0.3208013122447011,7.0,692.0,5076.82,108.3310949,51,0.0022370619549439085
2019-04-14 19:00:00,0.900978518641271,6.0,812.0,5080.69,109.00361697,51,0.0026203033358355157
2019-04-14 20:00:00,0.2359432844631053,10.0,355.0,5081.01,186.24412165,51,0.004293953358027253
2019-04-14 21:00:00,0.0,2.0,255.0,5090.61,123.17446887,51,0.002133277427104341
2019-04-14 22:00:00,0.0,1.0,7.0,5110.0,216.88956916,51,0.0012819561958136202
2019-04-14 23:00:00,0.8971119010689353,3.0,3818.0,5087.2,49.77495382,51,0.0019087526395681082
2019-04-15 00:00:00,2.3407173190173967,2.0,322.0,5087.71,88.39893164,60,0.003334701730120887
2019-04-15 01:00:00,2.056869650527922,2.0,778.0,5106.67,58.42876591,60,0.003019635690814769
2019-04-15 02:00:00,0.0,4.0,223.0,5159.63,567.79006621,60,0.009149902214999747
2019-04-15 03:00:00,0.852209210282319,4.0,800.0,5162.72,167.57661513,60,0.00516477452680779
2019-04-15 04:00:00,1.4560060026662516,5.0,254.0,5154.28,121.74311054,60,0.0037579564342251075
2019-04-15 05:00:00,1.4481768444628642,5.0,599.0,5163.79,398.72558408,60,0.003727129929627288
2019-04-15 06:00:00,0.4406779142535552,8.0,1744.0,5165.29,125.25904313,60,0.0017230648796654903
2019-04-15 07:00:00,0.4624506863383564,7.0,1793.0,5165.87,256.81282079,60,0.002524128593693121
2019-04-15 08:00:00,0.3701112253847367,9.0,1778.0,5183.0,145.48964532,60,0.00397848844749592
2019-04-15 09:00:00,0.0,12.0,3287.0,5165.78,157.25735756,60,0.0032562901902749926
2019-04-15 10:00:00,2.534926755435285,3.0,419.0,5163.26,159.11048541,60,0.0021588065719395726
2019-04-15 11:00:00,0.2883671366264097,7.0,2287.0,5160.0,455.91669369,60,0.004079147427820768
2019-04-15 12:00:00,1.3224780921016135,4.0,1411.0,5154.72,304.96997345,60,0.0028379504558427794
2019-04-15 13:00:00,0.897620031792689,8.0,3156.0,5163.21,146.67378701,60,0.001912140330286347
2019-04-15 14:00:00,1.0897490188799566,10.0,1447.0,5138.37,522.60119483,60,0.003992859565490266
2019-04-15 15:00:00,0.0,6.0,1968.0,5135.99,186.39495254,60,0.001972674050539054
2019-04-15 16:00:00,1.0244584234648482,17.0,19727.0,5147.0,251.55172965,60,0.00431236331601087
2019-04-15 17:00:00,0.6529613565101332,6.0,11766.0,5146.69,113.28388729,60,0.0017349297705045578
2019-04-15 18:00:00,0.3827366967501533,11.0,2185.0,5155.87,338.5018096,60,0.004927690907177225
2019-04-15 19:00:00,1.517778328497886,10.0,2197.0,5162.97,349.26056303,60,0.0019660719719600053
2019-04-15 20:00:00,0.5091879705452601,9.0,1391.0,5132.78,283.47788476,60,0.0035694401561786513
2019-04-15 21:00:00,-0.5627297849918584,8.0,807.0,5057.47,959.5354476,60,0.016739557162634314
2019-04-15 22:00:00,0.2846992892445725,4.0,1758.0,5048.32,654.84266176,60,0.00623743728416418
2019-04-15 23:00:00,0.3101468556806422,4.0,3478.0,5015.84,347.06424396,60,0.009564909958494433
2019-04-16 00:00:00,1.3417325986437851,4.0,2491.0,5021.81,664.59402692,50,0.01146264128419808
2019-04-16 01:00:00,1.12374331761388,6.0,2195.0,5019.9,179.78492278000002,50,0.004703178825914825
2019-04-16 02:00:00,0.2371339867303359,5.0,1074.0,5043.62,156.31076316,50,0.004087416900072509
2019-04-16 03:00:00,0.0,4.0,253.0,5027.31,143.85116972,50,0.003915567874974757
2019-04-16 04:00:00,1.511191252148112,2.0,826.0,5045.51,149.89787058,50,0.004064940645192994
2019-04-16 05:00:00,0.6264079854661102,4.0,269.0,5052.19,202.21883006,50,0.002500492871178784
2019-04-16 06:00:00,0.4755486615577232,4.0,75.0,5041.66,292.23364848,50,0.002044699508278387
2019-04-16 07:00:00,0.7015755734361288,5.0,1327.0,5048.96,255.61343509,50,0.003180450846612178
2019-04-16 08:00:00,0.0,5.0,940.0,5057.77,119.78946483,50,0.0017303619438292332
2019-04-16 09:00:00,0.0,7.0,639.0,5074.04,165.54922266,50,0.004258756314084912
2019-04-16 10:00:00,0.6850453316376816,12.0,1392.0,5065.62,178.70253148999998,50,0.0014360570756047704
2019-04-16 11:00:00,0.0,1.0,11.0,5070.0,126.41674518,50,0.0014052415884313572
2019-04-16 12:00:00,0.4411590612672347,6.0,804.0,5069.82,220.27441582,50,0.0020329609150542775
2019-04-16 13:00:00,0.739584660847025,7.0,1140.0,5080.12,148.80820987,50,0.002325388514542431
2019-04-16 14:00:00,0.2619977490377351,7.0,1462.0,5055.24,228.28742235,50,0.0028295831992542035
2019-04-16 15:00:00,0.9133651649262952,9.0,932.0,5072.41,200.66332357,50,0.0025510523534347774
2019-04-16 16:00:00,1.3457334381022448,9.0,2644.0,5032.74,367.58737865,50,0.004129175250407987
2019-04-16 17:00:00,0.7379369137048793,15.0,3118.0,5036.51,439.6866892,50,0.0030832095806646274
2019-04-16 18:00:00,1.5893202459154954,13.0,3672.0,5056.61,576.94912573,50,0.007156314548706069
2019-04-16 19:00:00,0.7546223943157452,7.0,2133.0,5082.41,607.154135,50,0.007748433484645729
2019-04-16 20:00:00,0.8777040102144477,4.0,572.0,5083.87,218.7324057,50,0.00280643605191305
2019-04-16 21:00:00,0.3579834670370979,9.0,1902.0,5208.7,1230.69325807,50,0.01385779126595874
2019-04-16 22:00:00,0.7948818314208256,6.0,12611.0,5182.2,607.88070698,50,0.006469644635446311
2019-04-16 23:00:00,0.6991680362995106,7.0,1143.0,5191.57,254.07699828,50,0.003607757098533135
2019-04-17 00:00:00,0.9098549506650184,5.0,1716.0,5185.0,275.11096732,61,0.003638909105729131
2019-04-17 01:00:00,1.3922821130878722,2.0,545.0,5205.34,213.68968402,61,0.004387710990522122
2019-04-17 02:00:00,0.9413285613780444,4.0,525.0,5195.17,244.38832909,61,0.004245295332965327
2019-04-17 03:00:00,2.3317978157208468,1.0,78.0,5202.43,350.99932213,61,0.003229170002150112
2019-04-17 04:00:00,0.3905298636010431,5.0,264.0,5232.29,577.5627803900001,61,0.009231921219491172
2019-04-17 05:00:00,0.5337674756680955,2.0,9.0,5221.3,440.36940635,61,0.006185117212498457
2019-04-17 06:00:00,1.5995057839719773,4.0,68.0,5224.27,227.32086406,61,0.0029111100713652828
2019-04-17 07:00:00,0.1937294235220423,8.0,1112.0,5232.07,240.13916169,61,0.004289953830490802
2019-04-17 08:00:00,0.6631176188995451,11.0,859.0,5233.17,267.53694953,61,0.003204161286416208
2019-04-17 09:00:00,0.4861326901028053,6.0,1462.0,5223.71,182.2528911,61,0.0031820851734817262
2019-04-17 10:00:00,0.5959378347626363,7.0,4739.0,5210.37,129.74363118,61,0.0037781095316339244
2019-04-17 11:00:00,1.4430187356656627,6.0,1447.0,5216.52,151.70277078,61,0.0025514196322436234
2019-04-17 12:00:00,0.7575884132262207,13.0,4233.0,5200.78,229.45709243,61,0.0038545881944703946
2019-04-17 13:00:00,0.425992051855097,13.0,7629.0,5213.58,91.9587296,61,0.0021942801569243683
2019-04-17 14:00:00,0.9074535374613044,3.0,270.0,5230.6,319.94147178000003,61,0.005595808404363425
2019-04-17 15:00:00,1.0044391744589265,10.0,910.0,5253.83,372.58832671,61,0.005123193899884727
2019-04-17 16:00:00,1.3696348497863764,16.0,3393.0,5191.1,758.07538342,61,0.01078021779201546
2019-04-17 17:00:00,0.7232772456956545,10.0,1518.0,5214.24,286.4711967,61,0.003250476393875285
2019-04-17 18:00:00,0.0,7.0,632.0,5211.5,265.7978889,61,0.0035149279332916923
2019-04-17 19:00:00,1.094283246688276,4.0,1851.0,5207.9,219.39067403,61,0.0035808862127149435
2019-04-17 20:00:00,0.5339507139588727,4.0,334.0,5214.12,390.63399121,61,0.003403353681999272
2019-04-17 21:00:00,0.2670021575428865,7.0,519.0,5226.68,291.26026671,61,0.0029150866022317192
2019-04-17 22:00:00,0.678541041229602,6.0,1307.0,5226.22,432.54534877,61,0.004031997757636634
2019-04-17 23:00:00,0.0,2.0,63.0,5237.36,336.24133949,61,0.0038045300152472856
2019-04-18 00:00:00,3.211550266203714,1.0,236.0,5221.04,156.86187131,64,0.004587680072635846
2019-04-18 01:00:00,1.8334160363748544,4.0,2908.0,5231.94,69.46225477,64,0.0013046208882768057
2019-04-18 02:00:00,0.6681754464082764,2.0,81.0,5220.11,216.03989297,64,0.004591332580471167
2019-04-18 03:00:00,0.9515948283177704,6.0,634.0,5233.72,87.72302598,64,0.0036434591922487767
2019-04-18 04:00:00,0.0,2.0,233.0,5231.81,301.7753403,64,0.0034419009040983074
2019-04-18 05:00:00,1.0536944738581455,6.0,998.0,5267.19,630.14908821,64,0.006956721747376102
2019-04-18 06:00:00,0.4898207309928152,10.0,4291.0,5264.49,294.22656937,64,0.0030809573555107945
2019-04-18 07:00:00,0.0,10.0,1227.0,5273.16,173.25760164000002,64,0.0022864334248042855
2019-04-18 08:00:00,1.539545316348334,4.0,695.0,5279.26,295.41207744,64,0.005240917596446255
2019-04-18 09:00:00,0.4002952341438349,8.0,1563.0,5262.97,258.60700879,64,0.0031378847499572834
2019-04-18 10:00:00,1.0639071410260714,7.0,426.0,5268.89,349.70535277,64,0.0035410801287639837
2019-04-18 11:00:00,1.046727943480494,6.0,2899.0,5265.02,126.46371362,64,0.0015851577880172199
2019-04-18 12:00:00,1.3941439015767298,5.0,1959.0,5245.9,300.00910886,64,0.004937582390206319
2019-04-18 13:00:00,0.4122595945496903,8.0,1810.0,5248.21,187.64544762,64,0.004107552090396417
2019-04-18 14:00:00,0.6480230732604525,14.0,1364.0,5241.1,174.74625446,64,0.0019444688647356678
2019-04-18 15:00:00,0.8487936559558602,5.0,620.0,5237.58,191.24299231,64,0.0033127373677222533
2019-04-18 16:00:00,0.4815569665863167,7.0,1151.0,5249.97,103.40670528,64,0.0019976422783408434
2019-04-18 17:00:00,0.0,5.0,4075.0,5263.79,179.39086373,64,0.002914338383965921
2019-04-18 18:00:00,1.0476965906565563,10.0,4491.0,5249.62,270.4922778,64,0.0030927125254895135
2019-04-18 19:00:00,1.3862257035663448,15.0,13705.0,5252.19,367.7540371,64,0.007595810514811887
2019-04-18 20:00:00,0.8354672157609889,6.0,3312.0,5258.95,311.50743712,64,0.0056957058082165
2019-04-18 21:00:00,0.8586800524196668,10.0,688.0,5261.9,399.74496664,64,0.005199419642681604
2019-04-18 22:00:00,1.7862046060277212,4.0,157.0,5273.97,185.13832072,64,0.0033013553583930272
2019-04-18 23:00:00,0.0,4.0,2697.0,5290.97,605.9889359,64,0.006770684284496848
2019-04-19 00:00:00,0.0,1.0,416.0,5308.57,225.18807475,61,0.003480295421792788
2019-04-19 01:00:00,0.0,3.0,504.0,5292.78,152.37242853,61,0.0031137491024070315
2019-04-19 02:00:00,2.024646218199322,3.0,425.0,5280.0,138.82616419,61,0.003553695849260338
2019-04-19 03:00:00,0.4491699059595209,4.0,612.0,5281.58,152.84491999,61,0.004350176480343707
2019-04-19 04:00:00,0.0,4.0,818.0,5275.86,50.82962736,61,0.0025709106814430765
2019-04-19 05:00:00,0.0,3.0,603.0,5217.94,627.09860738,61,0.011517637884421455
2019-04-19 06:00:00,0.0,3.0,229.0,5220.0,410.6634143,61,0.006311455513491982
2019-04-19 07:00:00,1.513225925194309,4.0,660.0,5230.72,282.55194288,61,0.004207966137398194
2019-04-19 08:00:00,2.0726977560553834,4.0,4302.0,5237.81,82.26020265,61,0.0022246557412535055
2019-04-19 09:00:00,1.187151545177283,10.0,2923.0,5231.44,184.37737861,61,0.0013270787413130613
2019-04-19 10:00:00,0.0,2.0,28.0,5238.58,165.29833621,61,0.001429531862599125
2019-04-19 11:00:00,0.0,4.0,1742.0,5247.45,353.29353328,61,0.002149706263910536
2019-04-19 12:00:00,0.6012640110286572,8.0,3570.0,5264.05,166.09007683,61,0.003993011538198732
2019-04-19 13:00:00,1.2724906654215686,4.0,298.0,5256.36,204.99353764,61,0.0026245333544951733
2019-04-19 14:00:00,1.1855260462042894,11.0,2778.0,5256.46,120.96529665,61,0.0021775548255676294
2019-04-19 15:00:00,0.3137146637665099,6.0,854.0,5256.42,81.37249595,61,0.0017646445419352776
2019-04-19 16:00:00,0.5864679174074704,7.0,4265.0,5248.86,202.81566959,61,0.003661190175655987
2019-04-19 17:00:00,1.3467629270327404,4.0,222.0,5247.2,155.05829113,61,0.002557623074204871
2019-04-19 18:00:00,0.2308740979239754,9.0,878.0,5246.71,92.74274687,61,0.0018572450672140828
2019-04-19 19:00:00,0.9412342114820492,8.0,841.0,5284.0,354.30527552,61,0.0034140849906433746
2019-04-19 20:00:00,-0.7957779896742416,5.0,982.0,5278.58,651.0740398,61,0.012341904497244273
2019-04-19 21:00:00,0.4777101733824881,9.0,2337.0,5277.47,236.72421851,61,0.003850593502588971
2019-04-19 22:00:00,0.9631934807446012,9.0,4926.0,5293.07,191.49350801,61,0.0038203067102600334
2019-04-19 23:00:00,0.0,2.0,379.0,5296.38,143.67375392,61,0.0035152924621387463
2019-04-20 00:00:00,0.4201847676271243,7.0,1221.0,5270.0,202.86050289,62,0.006816155307837299
2019-04-20 01:00:00,0.0,3.0,145.0,5271.85,74.66264967,62,0.004110076069424449
2019-04-20 02:00:00,0.0,3.0,487.0,5281.17,103.36395831,62,0.004074454191907701
2019-04-20 03:00:00,0.7376066135205974,5.0,1393.0,5289.91,147.03730621,62,0.00310373631577547
2019-04-20 04:00:00,0.0,2.0,628.0,5285.45,122.06705909,62,0.002313454944441618
2019-04-20 05:00:00,0.0,2.0,211.0,5305.9,109.56156844,62,0.00304124442280177
2019-04-20 06:00:00,0.8719800424688675,5.0,1233.0,5299.19,237.15940538,62,0.0050125137739289866
2019-04-20 07:00:00,1.581507536467004,4.0,3938.0,5303.79,132.20040991,62,0.0023222308301905185
2019-04-20 08:00:00,0.8971791280213889,10.0,1498.0,5325.53,263.6092011,62,0.0031505700745264914
2019-04-20 09:00:00,0.0,5.0,1002.0,5328.18,279.66700713,62,0.0034373244174593022
2019-04-20 10:00:00,0.6725781620829135,4.0,212.0,5322.65,203.3779547,62,0.0038744584951391856
2019-04-20 11:00:00,1.5544253898280012,4.0,192.0,5329.73,104.23412553,62,0.0015629464429795885
2019-04-20 12:00:00,0.6191359240474649,7.0,1730.0,5321.1,315.09219254,62,0.006417098502811589
2019-04-20 13:00:00,0.942872945912315,3.0,55.0,5318.41,129.14383483,62,0.0040590362414073275
2019-04-20 14:00:00,1.194805932451216,7.0,4015.0,5312.99,163.60499425,62,0.002755445262415916
2019-04-20 15:00:00,0.0,3.0,684.0,5310.56,72.08541858,62,0.0016116948904179743
2019-04-20 16:00:00,1.1966989894611215,9.0,3254.0,5317.86,61.62221975,62,0.002730371445412106
2019-04-20 17:00:00,1.4783963123182238,4.0,742.0,5319.86,98.25567094,62,0.0021680931935902036
2019-04-20 18:00:00,0.996617488125567,6.0,913.0,5313.55,150.71805151,62,0.0030883723546693063
2019-04-20 19:00:00,1.2816120942571747,7.0,2536.0,5319.37,177.13364739,62,0.004321154116248149
2019-04-20 20:00:00,-0.3126024471065116,4.0,114.0,5325.93,55.60740076,62,0.0027899158050286596
2019-04-20 21:00:00,1.4733967448125955,4.0,460.0,5303.5,235.81234659,62,0.0023510486839311688
2019-04-20 22:00:00,-0.028742190285103,7.0,256.0,5311.83,58.63633694,62,0.0018183654044953877
2019-04-20 23:00:00,0.0,1.0,4.0,5318.89,57.63767492,62,0.0018618338956676575
2019-04-21 00:00:00,0.5092697067637783,15.0,2793.0,5316.93,109.82614106,62,0.004178443312902569
2019-04-21 01:00:00,-0.1958394594898477,9.0,971.0,5277.52,199.63743582,62,0.007451258288495132
2019-04-21 02:00:00,1.1326604311174826,8.0,642.0,5291.3,174.79432553,62,0.0037311521116773693
2019-04-21 03:00:00,0.0,1.0,39.0,5318.89,154.08519839,62,0.004486470423905767
2019-04-21 04:00:00,0.3035293570220393,6.0,255.0,5327.16,156.42503914,62,0.004376091311136974
2019-04-21 05:00:00,0.4239200757578762,2.0,48.0,5327.54,64.16296959,62,0.001351180834321583
2019-04-21 06:00:00,0.9120571707771038,5.0,1020.0,5336.0,44.1320432,62,0.0015361484424716897
2019-04-21 07:00:00,0.0,3.0,205.0,5335.48,75.67588893,62,0.0014685671341547189
2019-04-21 08:00:00,0.9491265122422684,7.0,1368.0,5328.4,58.47073107,62,0.002145707996582943
2019-04-21 09:00:00,1.52685274738319,6.0,630.0,5312.39,119.62927538,62,0.0019699325483261997
2019-04-21 10:00:00,0.953031831262628,10.0,1912.0,5325.63,88.87274914,62,0.0019039292427396896
2019-04-21 11:00:00,1.4723899298039018,3.0,730.0,5312.78,70.4334443,62,0.0028330728590456413
2019-04-21 12:00:00,0.7329415451768229,4.0,166.0,5308.39,354.36439462,62,0.005364989322228149
2019-04-21 13:00:00,0.2454328935825345,9.0,1285.0,5253.64,758.1946235199999,62,0.0070367326495679935
2019-04-21 14:00:00,0.4678320476361608,4.0,1186.0,5261.03,327.93529486,62,0.006383109465816675
2019-04-21 15:00:00,1.5237616515913237,4.0,568.0,5258.04,290.3826238,62,0.0021563032742823733
2019-04-21 16:00:00,0.8755472835389391,13.0,1751.0,5251.05,475.73152745,62,0.006388078170047451
2019-04-21 17:00:00,-0.908264091272371,5.0,471.0,5268.35,155.17125781,62,0.0027749942401876213
2019-04-21 18:00:00,-2.8382305893590183,3.0,1345.0,5273.94,102.79089903,62,0.002163168694243658
2019-04-21 19:00:00,0.7518048344418261,6.0,3154.0,5280.88,141.24305487,62,0.002545868901322646
2019-04-21 20:00:00,0.5634940837690828,9.0,979.0,5270.96,110.09945836,62,0.0014834945438401415
2019-04-21 21:00:00,1.1957120304644893,5.0,829.0,5264.56,91.63416536,62,0.002903248363552729
2019-04-21 22:00:00,0.0,2.0,369.0,5240.58,307.5142006,62,0.004927107175838792
2019-04-21 23:00:00,1.0400057987298403,4.0,1120.0,5259.38,181.81850696,62,0.00453536813472511
2019-04-22 00:00:00,-0.3173731397691527,5.0,1378.0,5239.73,166.64855961,61,0.004759328700133782
2019-04-22 01:00:00,0.0,2.0,456.0,5275.06,121.34984109,61,0.004759012440824822
2019-04-22 02:00:00,0.8689379268160955,5.0,1688.0,5292.57,189.3817202,61,0.003791353029122275
2019-04-22 03:00:00,0.0,3.0,2043.0,5295.65,178.97689863,61,0.004727343977179468
2019-04-22 04:00:00,1.1249407438578884,3.0,352.0,5289.55,139.1756296,61,0.0019558185244371454
2019-04-22 05:00:00,0.921794165181891,6.0,203.0,5268.4,305.45300139,61,0.0044289339710576634
2019-04-22 06:00:00,2.148468868006957,7.0,1921.0,5264.03,139.80653894,61,0.003310011076360704
2019-04-22 07:00:00,1.1246178813128065,11.0,1042.0,5257.56,241.64188946,61,0.0034318018760500744
2019-04-22 08:00:00,1.270736615229067,4.0,322.0,5277.07,85.79189001,61,0.0024667154474989064
2019-04-22 09:00:00,0.7246654886193519,8.0,1142.0,5275.2,305.3728743,61,0.0022437942437167507
2019-04-22 10:00:00,0.8584526606764566,13.0,2130.0,5287.91,147.36085905000002,61,0.0031812619321254457
2019-04-22 11:00:00,-0.2141906935688798,9.0,3296.0,5278.18,97.34697874,61,0.0019025672573011053
2019-04-22 12:00:00,0.7400237446015285,5.0,264.0,5288.64,149.85753558,61,0.001851118387999285
2019-04-22 13:00:00,1.186713985316216,14.0,4316.0,5299.96,218.93775947,61,0.003996403140641565
2019-04-22 14:00:00,1.361419455971783,11.0,2896.0,5320.39,266.0301487,61,0.0026382626401156976
2019-04-22 15:00:00,1.1387568816159572,8.0,5243.0,5311.24,289.89122691,61,0.0029827220945127337
2019-04-22 16:00:00,1.041582869342043,11.0,1775.0,5310.45,140.87797267,61,0.0025257005096679247
2019-04-22 17:00:00,0.7279855009496162,13.0,1158.0,5300.5,176.32764947,61,0.0016711188002068343
2019-04-22 18:00:00,0.947009098287326,6.0,3129.0,5316.48,163.08488627,61,0.0030916787619446203
2019-04-22 19:00:00,0.565366122481491,10.0,1754.0,5309.94,804.52642343,61,0.014103783796148716
2019-04-22 20:00:00,1.1433436207327206,5.0,1155.0,5307.24,663.07611786,61,0.004222506895473554
2019-04-22 21:00:00,0.0,3.0,1872.0,5370.44,440.41590941,61,0.005076582451074144
2019-04-22 22:00:00,1.114785932730186,5.0,5039.0,5410.78,583.05157442,61,0.0060484044274566
2019-04-22 23:00:00,0.5971812391654933,6.0,853.0,5387.58,705.86894358,61,0.01080040403084022
2019-04-23 00:00:00,0.857337171789911,8.0,638.0,5369.14,253.33072111,68,0.005360379896163463
2019-04-23 01:00:00,1.1253377292147635,6.0,1644.0,5386.41,167.58670923,68,0.004855781442017202
2019-04-23 02:00:00,0.0,2.0,115.0,5403.01,396.56483017,68,0.0038426148453876295
2019-04-23 03:00:00,0.5921602137168641,7.0,771.0,5386.8,245.73379802,68,0.0036714521197659168
2019-04-23 04:00:00,0.3561946006684813,5.0,266.0,5379.92,130.79776646,68,0.0034749469940868107
2019-04-23 05:00:00,1.445049834960095,4.0,309.0,5387.51,72.47879266,68,0.001328032603523032
2019-04-23 06:00:00,0.3630880884963613,8.0,3532.0,5404.38,167.03562217,68,0.0014588415766750358
2019-04-23 07:00:00,0.9642365270424972,10.0,716.0,5432.23,424.16759221,68,0.005241112790500541
2019-04-23 08:00:00,0.6093059346843859,10.0,336.0,5513.75,2188.21515305,68,0.023017940530302948
2019-04-23 09:00:00,0.5748373846882201,3.0,221.0,5535.24,268.92000007,68,0.005575080272459165
2019-04-23 10:00:00,1.440652524804078,10.0,1297.0,5535.0,378.23566103,68,0.004897824108004899
2019-04-23 11:00:00,0.8155132474213624,15.0,6306.0,5541.0,505.58468062,68,0.004011237490194776
2019-04-23 12:00:00,-0.2459086329540657,12.0,3572.0,5543.73,440.77233399,68,0.00543732795685437
2019-04-23 13:00:00,1.033226269585194,12.0,1139.0,5537.13,396.0848711,68,0.005039191636320236
2019-04-23 14:00:00,1.4514163255794188,12.0,8199.0,5550.2,349.68098984,68,0.002801557805127725
2019-04-23 15:00:00,1.0603622628475071,14.0,2245.0,5555.54,255.81906775,68,0.0029326079337623793
2019-04-23 16:00:00,0.0,9.0,1249.0,5570.81,308.08661365,68,0.004401252861744204
2019-04-23 17:00:00,1.123121650892737,12.0,5616.0,5571.14,301.27125417,68,0.004915451559554302
2019-04-23 18:00:00,-0.4583858030844472,5.0,344.0,5580.14,534.29798676,68,0.003429125406017896
2019-04-23 19:00:00,1.4516466152694034,6.0,1311.0,5564.36,827.13413463,68,0.006179549542280698
2019-04-23 20:00:00,1.4302260537979514,8.0,2662.0,5575.71,143.34928588,68,0.0036965186249531875
2019-04-23 21:00:00,0.5195693102188776,11.0,710.0,5580.69,580.09014856,68,0.005807817209882608
2019-04-23 22:00:00,1.3026218813780246,5.0,5072.0,5603.05,344.08052736,68,0.0029775975900432888
2019-04-23 23:00:00,1.8754884916522496,4.0,1010.0,5588.94,327.0198876,68,0.004063908498537794
2019-04-24 00:00:00,0.0,5.0,376.0,5576.19,221.34078913,65,0.0040968985688743555
2019-04-24 01:00:00,1.7465034770803722,5.0,8186.0,5567.73,164.47739716,65,0.002812232267655505
2019-04-24 02:00:00,0.278265581484875,5.0,170.0,5564.74,524.68927605,65,0.008065427932420577
2019-04-24 03:00:00,1.1041746784352393,6.0,531.0,5531.32,278.77333964,65,0.0029551443522235345
2019-04-24 04:00:00,1.8043270946253205,2.0,51.0,5536.13,262.75623844,65,0.004184127141998121
2019-04-24 05:00:00,0.0,6.0,1058.0,5548.61,556.12640741,65,0.00986072501025669
2019-04-24 06:00:00,0.2282408702888812,9.0,691.0,5557.92,147.52013114,65,0.0035786839313188966
2019-04-24 07:00:00,1.0339263947015338,11.0,2558.0,5570.83,304.11038569,65,0.0025629831903330705
2019-04-24 08:00:00,0.3811439465779158,13.0,1780.0,5592.5,352.49857463,65,0.0057478293008868826
2019-04-24 09:00:00,1.1626122762510085,3.0,123.0,5604.0,200.31644423,65,0.004670031822817176
2019-04-24 10:00:00,1.2924118780734135,9.0,573.0,5595.33,395.99619319,65,0.005010553458807618
2019-04-24 11:00:00,1.099247039962387,5.0,2023.0,5468.0,1787.34080605,65,0.01982205710527061
2019-04-24 12:00:00,0.5684544916912322,9.0,2693.0,5479.85,1130.08421254,65,0.011195826756110394
2019-04-24 13:00:00,0.5114395839077296,12.0,1871.0,5461.2,441.26109442,65,0.003728175783487486
2019-04-24 14:00:00,0.3382544231929244,9.0,4439.0,5420.24,586.27699121,65,0.007466155787960781
2019-04-24 15:00:00,0.4818734778927546,11.0,2580.0,5432.03,254.78128945,65,0.003649377356288494
2019-04-24 16:00:00,1.6971672447339976,11.0,4337.0,5458.83,430.60406685,65,0.004079904170059721
2019-04-24 17:00:00,1.125931009825354,8.0,4083.0,5440.81,343.65964219,65,0.003974006513524827
2019-04-24 18:00:00,0.9966401645066164,9.0,3574.0,5463.29,605.69893427,65,0.004130666419173441
2019-04-24 19:00:00,1.2038467450283517,6.0,1014.0,5461.81,241.77177574,65,0.003074539354690681
2019-04-24 20:00:00,-0.8840903555695272,6.0,2917.0,5436.0,434.84112801,65,0.006034669658258091
2019-04-24 21:00:00,0.9810595260200308,8.0,1833.0,5413.1,528.00138918,65,0.004559798104329827
2019-04-24 22:00:00,2.5375425010120063,5.0,7920.0,5404.72,689.2602802399999,65,0.007348914478240919
2019-04-24 23:00:00,0.0,5.0,260.0,5431.44,215.88537915,65,0.004008021170121943
2019-04-25 00:00:00,-0.4076319679815695,6.0,1945.0,5438.0,215.14134008,58,0.003378017556368373
2019-04-25 01:00:00,0.6311967319560408,5.0,1558.0,5435.65,234.43525399,58,0.004379544894163403
2019-04-25 02:00:00,1.143097004393358,4.0,475.0,5443.73,73.09992139,58,0.000936130994193549
2019-04-25 03:00:00,0.3365332200096794,9.0,411.0,5440.95,89.56975178,58,0.0037111710374277533
2019-04-25 04:00:00,1.121392312139041,3.0,469.0,5453.95,156.11878554,58,0.0027932665066201703
2019-04-25 05:00:00,0.6426832542248134,6.0,307.0,5457.08,64.63230809,58,0.0018127927342346968
2019-04-25 06:00:00,0.2952256093589863,7.0,1520.0,5429.86,134.652666,58,0.003539686169364257
2019-04-25 07:00:00,0.6618580487533468,7.0,321.0,5439.92,128.06122781,58,0.003701137845553359
2019-04-25 08:00:00,0.7139223964088606,5.0,958.0,5425.97,75.33593417,58,0.0033021138512352444
2019-04-25 09:00:00,-0.8700873549076883,6.0,714.0,5426.73,257.96367243000003,58,0.004376836586171366
2019-04-25 10:00:00,0.5835306949784388,5.0,1000.0,5406.46,314.296249,58,0.00373691617618607
2019-04-25 11:00:00,0.3091090739989905,9.0,1184.0,5429.47,251.92164762,58,0.004155026238471228
2019-04-25 12:00:00,0.9209137793053056,11.0,2440.0,5428.47,212.20168559,58,0.0022366511988311357
2019-04-25 13:00:00,1.454866255557611,13.0,1791.0,5420.45,588.59492353,58,0.007333587461417985
2019-04-25 14:00:00,0.2842851377479339,9.0,2158.0,5456.89,341.22824198,58,0.00278738405536895
2019-04-25 15:00:00,0.5278977739657292,6.0,1433.0,5466.11,454.46156249,58,0.004579532636087888
2019-04-25 16:00:00,1.5189193343349805,10.0,7046.0,5458.16,234.92805282,58,0.003383781313344295
2019-04-25 17:00:00,0.4528583289204069,7.0,1085.0,5458.09,285.39598517,58,0.002320281962784667
2019-04-25 18:00:00,0.7827293673572965,9.0,708.0,5447.6,291.84763173,58,0.002838181753076085
2019-04-25 19:00:00,0.1849556444772607,13.0,4472.0,5456.48,362.35074576,58,0.002428851822061012
2019-04-25 20:00:00,0.3205272748418491,11.0,2103.0,5479.25,343.93591036,58,0.0037968060777974688
2019-04-25 21:00:00,-0.4068980659481759,10.0,1726.0,5495.25,388.53265589,58,0.001819915174844814
2019-04-25 22:00:00,0.7094176839203482,12.0,2021.0,5497.0,283.64133252,58,0.0015568844123266799
2019-04-25 23:00:00,0.1674730099200656,8.0,303.0,5487.44,297.36208349,58,0.003651641747890417
2019-04-26 00:00:00,0.0,7.0,8588.0,5496.09,142.10675136,41,0.0029045830647313332
2019-04-26 01:00:00,0.2449058830087122,12.0,3031.0,5392.75,582.0688800400001,41,0.009123502339911679
2019-04-26 02:00:00,0.4059279491712574,8.0,975.0,5124.51,2846.32873384,41,0.04414423658870305
2019-04-26 03:00:00,-0.0826974853733782,7.0,920.0,5132.55,855.96824141,41,0.010807115416207482
2019-04-26 04:00:00,0.6422143845447583,5.0,6891.0,5119.7,866.01821855,41,0.009797688603835472
2019-04-26 05:00:00,1.637091922675621,6.0,287.0,5143.14,782.9388149399999,41,0.006634429401068598
2019-04-26 06:00:00,0.5378529453290439,9.0,2399.0,5219.52,1524.11919314,41,0.02079280621386319
2019-04-26 07:00:00,0.6209370209383993,9.0,580.0,5204.82,720.47514596,41,0.004964703593046141
2019-04-26 08:00:00,0.0,7.0,503.0,5176.79,743.98135715,41,0.008549599829021561
2019-04-26 09:00:00,0.1672726342530186,10.0,939.0,5192.0,1068.80029429,41,0.006520100546906249
2019-04-26 10:00:00,0.0,5.0,556.0,5178.3,986.50914755,41,0.007250296854480433
2019-04-26 11:00:00,0.2723204794145039,14.0,4289.0,5161.89,369.52451128,41,0.004698169342776786
2019-04-26 12:00:00,0.3113940042067807,12.0,1852.0,5176.55,408.2702946,41,0.004173443425256005
2019-04-26 13:00:00,0.2174170745323145,14.0,1542.0,5168.04,382.27606003,41,0.004353200066280939
2019-04-26 14:00:00,0.8116583220844904,5.0,1575.0,5159.97,381.2249576,41,0.0034130601017094107
2019-04-26 15:00:00,0.5637289551366973,9.0,917.0,5156.0,560.6926134299999,41,0.005578102181869648
2019-04-26 16:00:00,0.6331851819426725,12.0,1008.0,5175.0,928.12519347,41,0.008142049265048822
2019-04-26 17:00:00,0.0,10.0,2527.0,5166.05,890.55172279,41,0.002237091533695277
2019-04-26 18:00:00,2.060421549457009,7.0,1264.0,5166.0,630.83260101,41,0.003138674108117374
2019-04-26 19:00:00,1.0151071537495506,8.0,997.0,5137.57,432.26691379,41,0.005241168475874218
2019-04-26 20:00:00,0.839366547510188,5.0,4870.0,5103.84,1153.59746365,41,0.012047806798407015
2019-04-26 21:00:00,1.0264216180963035,3.0,1239.0,5098.64,546.97464908,41,0.005741428266970565
2019-04-26 22:00:00,1.3464834488635806,5.0,576.0,5072.53,306.38430877,41,0.0067538563489244405
2019-04-26 23:00:00,0.6871912980799498,4.0,339.0,5081.38,317.20810962,41,0.006244157484308486
2019-04-27 00:00:00,0.8432196122278406,5.0,1022.0,5098.1,394.90210984,42,0.005287931896661853
2019-04-27 01:00:00,0.934241185912858,3.0,115.0,5123.69,224.77817073,42,0.004328998543376388
2019-04-27 02:00:00,0.0,3.0,91.0,5147.04,303.23051845,42,0.006933633613903204
2019-04-27 03:00:00,0.7492928455562455,4.0,187.0,5155.19,109.41940958,42,0.004126866372642481
2019-04-27 04:00:00,1.1265691340710755,3.0,857.0,5147.48,84.19783733,42,0.0036756705938868852
2019-04-27 05:00:00,0.4861524122316534,5.0,468.0,5148.71,102.95753741,42,0.002893518143444329
2019-04-27 06:00:00,0.7687289517814921,4.0,248.0,5148.06,193.46516774,42,0.0026295355602688887
2019-04-27 07:00:00,1.2189627294546892,7.0,997.0,5144.72,358.86203499,42,0.0030861154098143087
2019-04-27 08:00:00,1.1110521880207629,3.0,335.0,5140.77,357.61109304,42,0.004241006922811511
2019-04-27 09:00:00,0.4364077263821739,8.0,1478.0,5156.06,391.81281944,42,0.00393674283709617
2019-04-27 10:00:00,0.5149238378601292,5.0,118.0,5167.37,309.10623168,42,0.002347113005672547
2019-04-27 11:00:00,2.2399330778949174,4.0,383.0,5174.96,100.83807574,42,0.00398771494241172
2019-04-27 12:00:00,2.0965956379216086,6.0,5940.0,5164.99,162.98812048,42,0.003505484898688024
2019-04-27 13:00:00,0.3975579928152527,8.0,138.0,5146.46,88.74719509,42,0.002621359052243591
2019-04-27 14:00:00,1.1949289940506014,9.0,10238.0,5160.44,144.91753508,42,0.0016770727690781544
2019-04-27 15:00:00,0.5652071082029779,7.0,680.0,5154.34,89.85570602,42,0.0021681965442725847
2019-04-27 16:00:00,1.8125256882314116,8.0,1745.0,5147.18,134.67334201,42,0.002431702484226839
2019-04-27 17:00:00,0.9144061272773052,6.0,1487.0,5153.71,267.90280891000003,42,0.0025728230598683986
2019-04-27 18:00:00,1.600500853927768,8.0,2033.0,5164.0,164.90285556,42,0.004583420980900705
2019-04-27 19:00:00,2.0008377767500605,6.0,3315.0,5150.22,112.95421644,42,0.0024963615515574784
2019-04-27 20:00:00,1.5104723097599295,5.0,217.0,5163.94,75.75565543,42,0.001890786427880924
2019-04-27 21:00:00,0.0,8.0,749.0,5177.72,111.15832555,42,0.0025554463086676785
2019-04-27 22:00:00,0.9235654189396598,4.0,1132.0,5170.83,82.43209125,42,0.0016700140940399007
2019-04-27 23:00:00,2.745715758511784,6.0,817.0,5202.68,152.59317231,42,0.004721006615585171
2019-04-28 00:00:00,0.0,1.0,60.0,5199.73,127.69269964,40,0.003603152870821745
2019-04-28 01:00:00,0.2292160542310865,7.0,1800.0,5207.15,189.0894227,40,0.002712967796340725
2019-04-28 02:00:00,1.7415092437864712,4.0,906.0,5200.0,142.37325299,40,0.00287454743944496
2019-04-28 03:00:00,0.0,2.0,555.0,5168.91,94.44635658,40,0.004400695380655776
2019-04-28 04:00:00,0.6558354874483897,6.0,6343.0,5180.06,141.14169142,40,0.002388414534364061
2019-04-28 05:00:00,3.4584861775651383,2.0,4777.0,5178.39,105.41490557,40,0.0013426364545111617
2019-04-28 06:00:00,0.9839542026133816,9.0,6935.0,5161.83,136.92491825,40,0.005043075821034028
2019-04-28 07:00:00,1.287891845743435,3.0,637.0,5174.25,71.32936245,40,0.0013905940947273512
2019-04-28 08:00:00,0.0,4.0,734.0,5164.6,108.83148001,40,0.0017402384164346505
2019-04-28 09:00:00,0.7989621962851219,4.0,977.0,5172.69,46.58498188,40,0.0019818705451279334
2019-04-28 10:00:00,1.5321005008534423,8.0,4013.0,5173.59,291.98748837,40,0.003361442257806761
2019-04-28 11:00:00,1.1899815765974726,3.0,74.0,5181.6,57.05443098,40,0.001277551007687647
2019-04-28 12:00:00,1.061867624068203,9.0,932.0,5183.66,104.07070672,40,0.002435034768812621
2019-04-28 13:00:00,0.8722835593394256,5.0,1328.0,5177.38,87.13363447,40,0.00209764542401102
2019-04-28 14:00:00,0.8283102269233366,7.0,617.0,5196.58,105.34657846,40,0.002664267819525316
2019-04-28 15:00:00,0.5906855901934973,8.0,816.0,5209.14,401.35357716,40,0.0034222252000627876
2019-04-28 16:00:00,1.0305920814012148,7.0,628.0,5191.35,164.22986405,40,0.002030106918151037
2019-04-28 17:00:00,-0.7639585956960021,7.0,1265.0,5161.0,289.90413108,40,0.005745112268505201
2019-04-28 18:00:00,1.0563399264386646,12.0,1916.0,5160.46,273.99455013,40,0.004479211852165503
2019-04-28 19:00:00,0.4458563118077979,9.0,557.0,5194.49,86.81393176,40,0.003362991320149147
2019-04-28 20:00:00,0.3827137796331188,3.0,128.0,5182.25,128.17137185,40,0.002462310031152218
2019-04-28 21:00:00,1.234967648704496,6.0,2230.0,5174.28,57.77502517,40,0.0028407019234980417
2019-04-28 22:00:00,0.7300963686766259,5.0,400.0,5165.73,120.73026398,40,0.0025895530467078985
2019-04-28 23:00:00,0.7424010120219807,5.0,923.0,5144.28,495.41159717,40,0.009427866295834543
2019-04-29 00:00:00,1.71192255844917,6.0,1228.0,5123.97,152.87883738,42,0.004015016053939942
2019-04-29 01:00:00,1.010944963100412,0.0,0.0,5138.21,290.06064526,42,0.005253693917564085
2019-04-29 02:00:00,0.3099673677516539,2.0,53.0,5151.19,161.67837314000002,42,0.004853369241640087
2019-04-29 03:00:00,1.175740766121156,10.0,4997.0,5160.98,78.43200966,42,0.0033253983017936064
2019-04-29 04:00:00,1.1410415416979327,2.0,81.0,5168.84,81.73755117,42,0.003714258529896046
2019-04-29 05:00:00,0.0,6.0,443.0,5174.53,53.4416533,42,0.001979215653524788
2019-04-29 06:00:00,0.37958438477634,8.0,2220.0,5176.0,67.92518403,42,0.0018608780221888196
2019-04-29 07:00:00,-0.2835888436974402,5.0,708.0,5177.61,119.93022964,42,0.0017168952016988555
2019-04-29 08:00:00,0.7517787984238846,15.0,2481.0,5183.59,146.83058539,42,0.002749632786948377
2019-04-29 09:00:00,0.4414488441413854,8.0,1365.0,5181.58,145.20774231,42,0.001334802852336141
2019-04-29 10:00:00,1.5060416543089032,5.0,1968.0,5181.59,109.10299678,42,0.0018231441898020266
2019-04-29 11:00:00,1.2118213830939215,11.0,2409.0,5160.0,259.90849967,42,0.0019372962354778217
2019-04-29 12:00:00,0.3261093457691036,5.0,202.0,5165.0,234.47801191,42,0.0016401146045864664
2019-04-29 13:00:00,0.4409229771394659,10.0,2332.0,5157.52,193.6692181,42,0.004604940362040919
2019-04-29 14:00:00,1.111170326250775,12.0,1618.0,5144.0,498.81756551,42,0.00478083620782756
2019-04-29 15:00:00,0.6568880488691837,17.0,5140.0,5154.0,349.77681201,42,0.0024694710493212207
2019-04-29 16:00:00,0.932562800460502,12.0,8703.0,5126.01,329.33198034000003,42,0.006821090862484378
2019-04-29 17:00:00,1.3209034334691625,15.0,5919.0,5144.03,636.99939508,42,0.009789875312122977
2019-04-29 18:00:00,0.6089586320524139,8.0,3430.0,5155.93,500.86060712,42,0.0051765274668960975
2019-04-29 19:00:00,0.5176940036987123,13.0,5604.0,5139.68,324.04613417,42,0.003813366675297752
2019-04-29 20:00:00,0.3774946086470122,11.0,2080.0,5153.02,284.66622535,42,0.005056108164291075
2019-04-29 21:00:00,0.355421857630613,6.0,558.0,5147.1,241.32845526,42,0.0031960585882662776
2019-04-29 22:00:00,0.4131669461185637,7.0,631.0,5153.35,223.81679074,42,0.005400710113183991
2019-04-29 23:00:00,1.676853060753026,6.0,6315.0,5154.4,128.46106515,42,0.0032900054063828192
2019-04-30 00:00:00,-1.6916148158034836,2.0,91.0,5130.12,383.99671053,42,0.0029633182640863803
2019-04-30 01:00:00,0.0,3.0,147.0,5128.07,136.38665841,42,0.0033735111885983427
2019-04-30 02:00:00,2.765146613364084,1.0,132.0,5115.98,145.19079159,42,0.006801059445406038
2019-04-30 03:00:00,0.516395540368791,8.0,1143.0,5149.11,157.70427358,42,0.0047971759585776295
2019-04-30 04:00:00,0.1630188332318268,6.0,3004.0,5151.06,67.80816242,42,0.003916620066377285
2019-04-30 05:00:00,0.1170578951200795,8.0,3058.0,5157.62,77.36823399000001,42,0.0023878443305982815
2019-04-30 06:00:00,0.0,5.0,197.0,5153.26,222.36432171,42,0.002431639261260415
2019-04-30 07:00:00,-0.1435860451627135,8.0,746.0,5148.61,178.61756195,42,0.003887952120172524
2019-04-30 08:00:00,1.5818873611455742,7.0,1022.0,5132.11,54.59092989,42,0.0026036529353784033
2019-04-30 09:00:00,1.2973797011726835,8.0,3824.0,5135.21,184.89288243,42,0.0025392210538195074
2019-04-30 10:00:00,0.967942050490058,26.0,2523.0,5141.62,50.43994538,42,0.0022725044598460877
2019-04-30 11:00:00,1.6104810576340434,9.0,929.0,5145.62,193.3263894,42,0.0016825232570629527
2019-04-30 12:00:00,1.753722802976076,10.0,3909.0,5156.15,175.48527551,42,0.001963101895341135
2019-04-30 13:00:00,0.9236427823268524,17.0,7015.0,5148.0,204.05223908,42,0.0029314307482151605
2019-04-30 14:00:00,0.4830993958412869,9.0,701.0,5180.91,383.32601926,42,0.005295422320454125
2019-04-30 15:00:00,0.5988606661694675,4.0,886.0,5212.8,178.59545437999998,42,0.003100652521576637
2019-04-30 16:00:00,-0.3923407049520402,8.0,2497.0,5210.64,293.77165091,42,0.003615663185104361
2019-04-30 17:00:00,0.6375026261514587,8.0,556.0,5252.2,432.79371914,42,0.01109220543975037
2019-04-30 18:00:00,1.417317646017202,9.0,2971.0,5264.77,469.12728189,42,0.005934335406203402
2019-04-30 19:00:00,1.1511977919106804,10.0,4807.0,5261.28,240.5037289,42,0.0034106707279069645
2019-04-30 20:00:00,0.4520928935105318,8.0,629.0,5245.68,297.40862348,42,0.004682429549820325
2019-04-30 21:00:00,1.3492063113957309,3.0,1460.0,5229.15,453.25213623,42,0.00326792504180299
2019-04-30 22:00:00,0.497868853768419,10.0,2752.0,5250.27,210.87784223,42,0.002115537846849662
2019-04-30 23:00:00,0.3946226546420684,11.0,508.0,5234.42,169.14976646,42,0.0025705178323835163
2019-05-01 00:00:00,0.3307129915083724,6.0,273.0,5238.18,146.42125021,51,0.0026004546362499168
2019-05-01 01:00:00,2.3698870550182782,2.0,165.0,5258.95,98.71215365,51,0.0028057592574876103
2019-05-01 02:00:00,0.4749515494077979,6.0,642.0,5284.36,169.76979107,51,0.002219973032485488
2019-05-01 03:00:00,0.0,1.0,5.0,5269.0,102.61747613,51,0.0036161587820242604
2019-05-01 04:00:00,0.5025388242870718,5.0,98.0,5298.3,299.99650161,51,0.008375920113091842
2019-05-01 05:00:00,1.2824778402728654,6.0,636.0,5301.01,135.44605104,51,0.00280985063683343
2019-05-01 06:00:00,0.6155705054255499,5.0,1040.0,5324.55,168.98540174,51,0.004511453836041606
2019-05-01 07:00:00,0.1893251929320337,11.0,864.0,5316.35,210.72217216,51,0.0036463035488958906
2019-05-01 08:00:00,1.0699127738184442,13.0,1812.0,5313.34,158.17234858,51,0.0032490831723831926
2019-05-01 09:00:00,0.7461393367802153,11.0,2081.0,5318.0,123.1210893,51,0.0021959178813735756
2019-05-01 10:00:00,1.7436822517176054,4.0,2097.0,5320.5,61.52996553,51,0.0018458479910374885
2019-05-01 11:00:00,1.5626707609619637,6.0,2338.0,5307.01,78.08814305,51,0.0013872270344337015
2019-05-01 12:00:00,1.1649418308893107,7.0,597.0,5289.35,192.331827,51,0.0024923019025547884
2019-05-01 13:00:00,1.0397083430391865,11.0,3579.0,5304.61,173.64923641,51,0.0014503570794076064
2019-05-01 14:00:00,0.9708361059546036,9.0,382.0,5304.85,103.21468632,51,0.0014015396846642873
2019-05-01 15:00:00,0.8288436827188946,12.0,3378.0,5313.73,71.81079495,51,0.002137997384394618
2019-05-01 16:00:00,1.2412232699541603,18.0,9423.0,5290.43,407.61972893,51,0.0053404751534859496
2019-05-01 17:00:00,0.1823778057128446,12.0,1719.0,5288.93,141.96811562,51,0.0023157628464892345
2019-05-01 18:00:00,0.7999022065081426,15.0,3153.0,5282.78,124.20851913,51,0.0024038212455458636
2019-05-01 19:00:00,0.5611377674454124,6.0,1372.0,5295.81,177.10485506,51,0.0020879278141750757
2019-05-01 20:00:00,1.866531218098961,15.0,12384.0,5289.89,150.31111301,51,0.0019629262058320175
2019-05-01 21:00:00,1.027321245867696,9.0,2520.0,5350.72,321.17844936,51,0.006430198230889001
2019-05-01 22:00:00,0.0,5.0,1780.0,5307.25,441.36958617,51,0.006362264774117867
2019-05-01 23:00:00,-0.0656440787559873,7.0,2614.0,5300.97,367.48390211,51,0.0036386019940406558
2019-05-02 00:00:00,0.0,6.0,424.0,5304.37,63.59876197,50,0.001378845098696981
2019-05-02 01:00:00,0.9770163255575368,4.0,878.0,5293.37,64.59833146,50,0.002562083392529621
2019-05-02 02:00:00,0.7903030989132045,12.0,2981.0,5296.16,60.33707852,50,0.002587688031227331
2019-05-02 03:00:00,-0.6857759968802353,5.0,2546.0,5318.42,112.4377545,50,0.004085567430110816
2019-05-02 04:00:00,0.0,2.0,33.0,5318.38,169.33946802,50,0.0028345708868651614
2019-05-02 05:00:00,-0.8214957366985854,4.0,5666.0,5317.18,95.15671847,50,0.0019422434703588135
2019-05-02 06:00:00,0.9410298655162086,9.0,3053.0,5323.19,156.01986904999998,50,0.002083546573798991
2019-05-02 07:00:00,0.5306965970277231,9.0,652.0,5327.94,127.67940663,50,0.003475736500444982
2019-05-02 08:00:00,1.065381911576526,3.0,4524.0,5320.1,218.04921508,50,0.002911983687262113
2019-05-02 09:00:00,0.7380907260569266,11.0,1081.0,5326.62,110.82834624,50,0.0021357213548069834
2019-05-02 10:00:00,-0.0427696627575526,17.0,4682.0,5326.54,183.72915256,50,0.0015722745186103734
2019-05-02 11:00:00,0.2835276481927726,13.0,2826.0,5338.0,454.93069463,50,0.0035041368442206974
2019-05-02 12:00:00,0.6313201698044192,8.0,1124.0,5375.4,273.65859656,50,0.0031648022193951774
2019-05-02 13:00:00,0.8552918328827895,14.0,3649.0,5345.24,355.90084023000003,50,0.005492616449654276
2019-05-02 14:00:00,0.0,4.0,166.0,5355.85,117.4972978,50,0.0031800014031097205
2019-05-02 15:00:00,0.8082885215016463,13.0,2710.0,5368.48,211.96480952,50,0.0027654581785950265
2019-05-02 16:00:00,0.424715102491489,10.0,877.0,5368.54,344.50167653,50,0.003109485871240156
2019-05-02 17:00:00,0.3720581451200691,7.0,891.0,5374.0,218.60693648,50,0.005479157864691289
2019-05-02 18:00:00,0.5456744196356181,17.0,6836.0,5377.89,371.80985161,50,0.0051506907050266875
2019-05-02 19:00:00,0.9671015199937064,8.0,1328.0,5408.33,606.6472982399999,50,0.004791332379700729
2019-05-02 20:00:00,0.0860381279662468,7.0,2819.0,5377.1,380.85348725,50,0.005086200470120545
2019-05-02 21:00:00,1.3424637563858937,4.0,7411.0,5395.27,357.12272213,50,0.0028221810677269165
2019-05-02 22:00:00,0.7524896240385078,10.0,554.0,5386.04,199.58940857,50,0.002723210182006893
2019-05-02 23:00:00,0.6601478016916467,11.0,707.0,5399.38,219.10411202,50,0.004180508666733784
2019-05-03 00:00:00,1.0961219851424884,7.0,496.0,5404.15,157.67721753,63,0.0030270773640195306
2019-05-03 01:00:00,0.774580254895257,5.0,86.0,5397.8,221.36267396,63,0.0029959670511996773
2019-05-03 02:00:00,1.595397494886388,2.0,323.0,5392.91,222.27774404,63,0.002616533497689613
2019-05-03 03:00:00,1.3036361913724426,11.0,1929.0,5385.0,134.2141801,63,0.0018838249295941713
2019-05-03 04:00:00,1.0774539900935725,8.0,1828.0,5407.2,175.99481215,63,0.005600622812098894
2019-05-03 05:00:00,1.0246198111019411,7.0,1799.0,5423.04,271.36430344,63,0.004498031665330137
2019-05-03 06:00:00,1.4509616916627246,13.0,1931.0,5468.64,554.62925535,63,0.004372515653832932
2019-05-03 07:00:00,0.3160401167971486,16.0,3370.0,5464.43,210.83986861,63,0.0027495319253365968
2019-05-03 08:00:00,1.505296944900927,6.0,1659.0,5479.5,357.19432792,63,0.005444113892901054
2019-05-03 09:00:00,1.124503179482777,9.0,988.0,5488.38,175.96379053,63,0.0034303434230322925
2019-05-03 10:00:00,0.1784562986980581,31.0,1592.0,5514.53,732.15803602,63,0.009582759551699665
2019-05-03 11:00:00,0.5860332529159422,15.0,4407.0,5583.15,522.76616719,63,0.00850183337985401
2019-05-03 12:00:00,1.2988292914765194,20.0,2747.0,5679.2,1749.83554232,63,0.02008449517243593
2019-05-03 13:00:00,0.1843774167817074,14.0,2799.0,5780.0,1903.57589427,63,0.01337626696284649
2019-05-03 14:00:00,0.3495817059261203,16.0,1840.0,5677.0,1343.71155145,63,0.009908736395428715
2019-05-03 15:00:00,0.512354980443521,20.0,4960.0,5696.65,883.63347183,63,0.008107436472331843
2019-05-03 16:00:00,0.9362114756099568,13.0,1365.0,5712.51,455.3703021,63,0.006467806317495724
2019-05-03 17:00:00,0.5524281496403268,12.0,1666.0,5739.65,566.55034706,63,0.005349666932197392
2019-05-03 18:00:00,0.2108345092543497,10.0,1821.0,5723.41,301.78710659,63,0.007624743419695025
2019-05-03 19:00:00,0.8320025667188373,14.0,2327.0,5715.1,644.99599302,63,0.006960014836394852
2019-05-03 20:00:00,1.259798083919845,9.0,1232.0,5688.61,182.38162368,63,0.004395848514035935
2019-05-03 21:00:00,0.8074079659020909,9.0,895.0,5668.08,565.88703365,63,0.01037659508815137
2019-05-03 22:00:00,1.4413005624439863,7.0,4934.0,5689.12,210.71518832,63,0.005798952291749133
2019-05-03 23:00:00,0.4763561210563856,13.0,2796.0,5675.26,168.11382885999998,63,0.002529571195481804
2019-05-04 00:00:00,0.6328275993600155,7.0,551.0,5687.53,173.16043369,66,0.004448943012281915
2019-05-04 01:00:00,1.6539252382579173,6.0,4175.0,5693.79,197.63300315,66,0.004264163358506559
2019-05-04 02:00:00,2.0432258953995275,7.0,1550.0,5671.06,227.58386675,66,0.0060176567762050106
2019-05-04 03:00:00,0.0,6.0,1151.0,5658.22,124.74324462,66,0.003485982061312005
2019-05-04 04:00:00,0.5220923312121197,4.0,973.0,5736.18,538.48790575,66,0.008827131505565387
2019-05-04 05:00:00,1.2577281515188024,4.0,292.0,5794.71,534.12837926,66,0.010975203590902234
2019-05-04 06:00:00,0.8422034795006974,4.0,392.0,5761.1,294.63447952,66,0.006473151030461027
2019-05-04 07:00:00,0.6282193479345383,6.0,866.0,5739.65,248.45648722,66,0.00865704646670895
2019-05-04 08:00:00,0.8923153239430629,6.0,811.0,5707.47,309.06768396,66,0.007518796309366247
2019-05-04 09:00:00,1.8092137479371797,8.0,2769.0,5705.41,248.73978613,66,0.004371883211870401
2019-05-04 10:00:00,0.9672484945551604,10.0,5777.0,5733.66,178.96534195,66,0.004861275694239409
2019-05-04 11:00:00,1.17281086780569,8.0,2426.0,5746.66,171.64217513,66,0.0034578153197145412
2019-05-04 12:00:00,0.7510449198447723,9.0,1442.0,5733.71,268.6461937,66,0.0026762286100413726
2019-05-04 13:00:00,-0.0701547847106772,17.0,4210.0,5717.07,258.44073727,66,0.005452271123152116
2019-05-04 14:00:00,-0.206048334636733,14.0,4430.0,5720.01,341.82012478,66,0.0049658269629428
2019-05-04 15:00:00,0.9569646603364592,7.0,5509.0,5728.75,148.51865593,66,0.0038660818165972715
2019-05-04 16:00:00,-1.0056347551539233,3.0,106.0,5712.38,165.12322562,66,0.004168028172829912
2019-05-04 17:00:00,0.0,6.0,550.0,5567.58,880.09254999,66,0.01556566567169594
2019-05-04 18:00:00,1.1473614989771457,9.0,5857.0,5573.0,775.51207872,66,0.010592460282211556
2019-05-04 19:00:00,1.1024628499418732,10.0,4382.0,5550.48,335.39779356,66,0.003670390945592357
2019-05-04 20:00:00,1.3809193500906145,9.0,2369.0,5578.6,183.7544503,66,0.005798814432266794
2019-05-04 21:00:00,0.7812426726780349,12.0,2860.0,5592.48,223.35058217,66,0.0034351453439923725
2019-05-04 22:00:00,2.0345338298499627,6.0,2867.0,5590.76,183.20947342,66,0.0036921041121964777
2019-05-04 23:00:00,0.4961243862001195,7.0,1609.0,5609.42,160.30447315,66,0.003388997760607004
2019-05-05 00:00:00,0.5397738649907523,6.0,1458.0,5685.85,300.61722419,67,0.005708385120331565
2019-05-05 01:00:00,1.5690833567715672,3.0,236.0,5787.5,1273.92473189,67,0.016461588403811015
2019-05-05 02:00:00,1.444897450756141,5.0,946.0,5819.11,256.4363533,67,0.007944061838596765
2019-05-05 03:00:00,1.6123959013401106,6.0,1556.0,5764.65,246.18482064,67,0.006863250136194717
2019-05-05 04:00:00,1.206455451445475,3.0,1065.0,5752.28,608.51676599,67,0.010497929404642973
2019-05-05 05:00:00,-0.9206804617145432,3.0,249.0,5730.56,188.40689719,67,0.0037328119825774716
2019-05-05 06:00:00,1.0224514189398668,7.0,18237.0,5735.5,197.03180964,67,0.005120655601019833
2019-05-05 07:00:00,0.6730892823601554,6.0,289.0,5750.41,115.62403168,67,0.004669550744441796
2019-05-05 08:00:00,0.7300072528833201,9.0,853.0,5717.04,355.96208495,67,0.004562708649988867
2019-05-05 09:00:00,0.984513870217418,5.0,382.0,5745.23,113.45104239,67,0.00454800620265078
2019-05-05 10:00:00,0.8363224047652724,11.0,2670.0,5736.13,116.4057134,67,0.005073323096706268
2019-05-05 11:00:00,1.0050155906081844,10.0,1871.0,5702.43,227.31676737,67,0.006649956618444804
2019-05-05 12:00:00,0.5127413436914044,17.0,3483.0,5714.78,168.87158596999998,67,0.007719441943624179
2019-05-05 13:00:00,0.4596363587617452,12.0,1080.0,5699.41,55.1979784,67,0.0037020833498926193
2019-05-05 14:00:00,0.3566176612207208,9.0,2060.0,5735.68,404.07284046,67,0.005607272474154719
2019-05-05 15:00:00,1.1643352862208811,8.0,1518.0,5711.33,80.95997089,67,0.004557010506401594
2019-05-05 16:00:00,1.0069711695372876,14.0,1244.0,5737.57,157.30791425,67,0.003164442770645314
2019-05-05 17:00:00,0.153037631971104,16.0,3649.0,5734.0,308.44150553,67,0.005705940211827911
2019-05-05 18:00:00,0.2905141888500611,11.0,3219.0,5721.98,254.09317949,67,0.00728329598685639
2019-05-05 19:00:00,1.0761514749862178,9.0,1147.0,5711.94,159.90329393000002,67,0.0024834967223484276
2019-05-05 20:00:00,0.5438791848736184,14.0,1158.0,5700.62,131.13093875,67,0.005086709366096924
2019-05-05 21:00:00,0.5157741174818958,10.0,2089.0,5669.23,222.9202957,67,0.0044451995300411
2019-05-05 22:00:00,0.6771285067684412,5.0,367.0,5712.6,412.34937441,67,0.010517545335195031
2019-05-05 23:00:00,0.9586486819292626,4.0,285.0,5701.1,141.04860925,67,0.004552730805658405
2019-05-06 00:00:00,0.2735430677763787,7.0,615.0,5766.14,252.47823614,57,0.005296776310912735
2019-05-06 01:00:00,-0.2365145595217958,4.0,596.0,5745.56,220.10404854,57,0.006279506959728011
2019-05-06 02:00:00,0.1561697002512383,6.0,1905.0,5707.29,120.61142376,57,0.0038278704237457222
2019-05-06 03:00:00,0.5216356802058174,6.0,1548.0,5709.32,150.3555218,57,0.0041530904684756
2019-05-06 04:00:00,1.2096383623818678,6.0,117.0,5673.0,457.87520474,57,0.011273635972474437
2019-05-06 05:00:00,1.317309168699202,8.0,1375.0,5612.0,947.36651229,57,0.013685995521073935
2019-05-06 06:00:00,0.549387405732835,13.0,1138.0,5614.17,302.76968725,57,0.0043401662723633475
2019-05-06 07:00:00,1.6483420702170863,9.0,2199.0,5622.12,112.98410897,57,0.0030619347790876894
2019-05-06 08:00:00,1.3681556451387369,12.0,3360.0,5655.0,310.92636161,57,0.005508826289070009
2019-05-06 09:00:00,0.7428420704544569,14.0,2737.0,5643.49,167.84235575,57,0.0028900087132259027
2019-05-06 10:00:00,1.2301387760263982,13.0,2768.0,5619.29,239.71430281,57,0.006756613622671184
2019-05-06 11:00:00,0.2888273226206237,23.0,5718.0,5582.26,270.75993596,57,0.006517300475411649
2019-05-06 12:00:00,1.214956980714018,21.0,6398.0,5599.94,252.35078052,57,0.006000566058807013
2019-05-06 13:00:00,1.0416695211150595,20.0,2044.0,5630.03,341.71944262,57,0.004253574782256154
2019-05-06 14:00:00,0.8002576083550377,17.0,1086.0,5620.0,192.017921,57,0.004565237599560911
2019-05-06 15:00:00,0.6835499373925794,19.0,3252.0,5641.12,141.88713272,57,0.003146266871962907
2019-05-06 16:00:00,1.102122070977264,12.0,1114.0,5615.0,200.78779133,57,0.002462617964275981
2019-05-06 17:00:00,0.9764382759773564,15.0,2629.0,5635.5,150.3729256,57,0.002950446700900043
2019-05-06 18:00:00,0.520600307795488,18.0,2160.0,5648.68,269.46268752000003,57,0.004321686684992736
2019-05-06 19:00:00,1.429346799081214,17.0,8873.0,5653.14,231.49965845,57,0.0028024844452497768
2019-05-06 20:00:00,1.150000201227724,23.0,9150.0,5700.56,536.1976829500001,57,0.00687499974222069
2019-05-06 21:00:00,0.3439074898053494,14.0,552.0,5700.86,563.3550614,57,0.004927801510539597
2019-05-06 22:00:00,1.2127838930798502,12.0,951.0,5743.0,189.70971869,57,0.003676237832888971
2019-05-06 23:00:00,0.3861976755605138,6.0,663.0,5734.61,288.57636102,57,0.005518699533644243
2019-05-07 00:00:00,0.6353903803046492,14.0,1276.0,5693.79,392.62780449,69,0.009384481042648853
2019-05-07 01:00:00,0.813844685942343,16.0,3787.0,5690.0,110.34349091,69,0.003624863056343055
2019-05-07 02:00:00,0.8373456589021719,8.0,394.0,5705.24,107.93217279,69,0.0034367811106529923
2019-05-07 03:00:00,0.4779803195111188,15.0,1729.0,5685.46,47.90177394,69,0.002675337383552623
2019-05-07 04:00:00,0.2415147976717457,10.0,2133.0,5743.45,282.64373761,69,0.00730338654411159
2019-05-07 05:00:00,0.8623227416554714,7.0,2655.0,5749.27,303.03989649,69,0.0043194296659906746
2019-05-07 06:00:00,0.929859346520845,7.0,1643.0,5916.82,1242.37028759,69,0.010031181012209421
2019-05-07 07:00:00,0.5664540002049128,19.0,33396.0,5887.17,1056.8272388,69,0.010646676879687818
2019-05-07 08:00:00,0.5978609342584804,10.0,1931.0,5890.77,660.5270057,69,0.0056635249274255535
2019-05-07 09:00:00,0.627854687850765,9.0,642.0,5879.63,274.96436704,69,0.0045354471845731785
2019-05-07 10:00:00,0.7410055906091184,9.0,488.0,5884.21,188.84793933,69,0.0035815512583680115
2019-05-07 11:00:00,0.7015269448101898,13.0,2939.0,5876.69,297.07057998,69,0.004266867875371397
2019-05-07 12:00:00,0.8054325026034064,30.0,3755.0,5871.32,319.78175032,69,0.003128115373182592
2019-05-07 13:00:00,0.6597249752934012,22.0,2263.0,5910.0,248.26294502,69,0.006086805850020352
2019-05-07 14:00:00,0.9735894672100016,17.0,7137.0,5896.02,425.67449841,69,0.0035058716618353676
2019-05-07 15:00:00,0.8794690347668842,21.0,3805.0,5887.59,355.74555424,69,0.003804584670358186
2019-05-07 16:00:00,-0.0497983363266869,12.0,2334.0,5909.51,308.23054434,69,0.0029882676552078053
2019-05-07 17:00:00,0.771764497004162,12.0,2394.0,5945.05,439.83852608,69,0.007961184754876212
2019-05-07 18:00:00,1.3002510454189826,12.0,1643.0,5832.46,1347.39651246,69,0.020156600243819014
2019-05-07 19:00:00,0.6566482933405072,11.0,737.0,5867.23,238.71522736,69,0.003221714328871032
2019-05-07 20:00:00,0.6803974909461257,15.0,3362.0,5896.47,266.96683248,69,0.004366840973674708
2019-05-07 21:00:00,0.4421492567570391,15.0,3891.0,5889.75,288.91313106,69,0.0028831349475569442
2019-05-07 22:00:00,0.9548214110460866,21.0,4948.0,5876.11,150.52452217,69,0.0030744060501715497
2019-05-07 23:00:00,0.2117405744708902,18.0,5424.0,5843.11,817.77807522,69,0.010531819564691524
2019-05-08 00:00:00,0.5143173450134411,17.0,5684.0,5848.0,181.59618421,63,0.005032607368500348
2019-05-08 01:00:00,0.978808824604681,19.0,12830.0,5879.94,181.7463548,63,0.004074367874810023
2019-05-08 02:00:00,0.0,8.0,2947.0,5888.8,85.33653843,63,0.0044694399182135846
2019-05-08 03:00:00,0.931298512290719,22.0,7480.0,5751.54,778.7636115500001,63,0.018163313870827712
2019-05-08 04:00:00,0.8011430808203319,18.0,3625.0,5767.19,909.94368245,63,0.01568322980541989
2019-05-08 05:00:00,-0.1417579251697469,15.0,3250.0,5789.26,315.21260832,63,0.004092047476813642
2019-05-08 06:00:00,0.2157502364720317,18.0,3718.0,5788.85,178.08317865,63,0.0034880853306776018
2019-05-08 07:00:00,1.031257872955255,14.0,1567.0,5772.93,198.9411275,63,0.002379129465215722
2019-05-08 08:00:00,0.4071203338312736,21.0,4101.0,5805.06,158.1196616,63,0.003955128730402978
2019-05-08 09:00:00,1.3867438346358107,20.0,6011.0,5795.98,108.99505293,63,0.0026984263304007405
2019-05-08 10:00:00,1.1454852537047866,12.0,4131.0,5824.4,144.57353767,63,0.004965114153186389
2019-05-08 11:00:00,0.9017113706944416,21.0,2246.0,5816.22,79.01722905,63,0.004298375263484055
2019-05-08 12:00:00,0.2230044393082854,21.0,4485.0,5801.12,242.10789095,63,0.006100296585894419
2019-05-08 13:00:00,0.6375328624193617,23.0,2439.0,5814.38,135.65761909,63,0.0021430652687668833
2019-05-08 14:00:00,0.8434208528514568,25.0,3309.0,5832.4,129.78696325,63,0.0035634316942114394
2019-05-08 15:00:00,1.0927114729602525,25.0,9004.0,5842.06,298.72407117,63,0.00705593150944115
2019-05-08 16:00:00,0.7778650451000324,25.0,1971.0,5849.32,390.82735058,63,0.004190687422859994
2019-05-08 17:00:00,0.3430266305334868,20.0,1475.0,5860.73,275.4192889,63,0.0037170081738425883
2019-05-08 18:00:00,1.046619398395801,20.0,4754.0,5858.1,338.11134228,63,0.005645204518361977
2019-05-08 19:00:00,0.5020444718024785,11.0,1194.0,5892.31,422.57348854,63,0.0046934082195828454
2019-05-08 20:00:00,0.8055388128000118,28.0,2051.0,5868.92,203.35759523,63,0.005368762586011332
2019-05-08 21:00:00,0.9294951860094202,14.0,7536.0,5875.95,151.40218075,63,0.00425137498561717
2019-05-08 22:00:00,0.1196682616635608,18.0,2328.0,5881.91,203.11292798,63,0.004217069593678199
2019-05-08 23:00:00,1.0564989972983536,7.0,2616.0,5900.71,160.34975141,63,0.0047922013909350225
2019-05-09 00:00:00,0.852167818963935,17.0,6484.0,5902.7,121.75653395,69,0.004424169549219946
2019-05-09 01:00:00,0.627512845444834,15.0,6078.0,5895.99,89.36227632,69,0.0025250699172056183
2019-05-09 02:00:00,0.2853441114031766,11.0,4054.0,5932.68,274.15773608,69,0.007544664631648176
2019-05-09 03:00:00,0.408783662200735,9.0,788.0,5940.89,790.82045075,69,0.017043188707323874
2019-05-09 04:00:00,1.8588507708082391,7.0,1288.0,6012.5,634.1393791,69,0.010378335879050397
2019-05-09 05:00:00,0.2534641395424308,16.0,1687.0,6048.82,1370.5390588,69,0.009348760855063637
2019-05-09 06:00:00,0.3550248407104514,15.0,1388.0,6037.08,228.62684425,69,0.0033586391947515648
2019-05-09 07:00:00,0.7381661950528524,15.0,1421.0,6030.26,266.73264631,69,0.0031576933321516257
2019-05-09 08:00:00,0.2458133230671351,19.0,2029.0,6062.24,196.60586104,69,0.0030312995299519056
2019-05-09 09:00:00,0.3680580927494305,13.0,1973.0,6044.44,413.66041256,69,0.0056229486309125705
2019-05-09 10:00:00,0.4090812096988263,15.0,1555.0,6068.36,278.9075974,69,0.005387721980029665
2019-05-09 11:00:00,0.9823199003073728,23.0,3981.0,6057.29,242.23243851,69,0.003290501915762665
2019-05-09 12:00:00,0.8471337724830177,21.0,4372.0,6049.8,261.28688342,69,0.0031735435881668247
2019-05-09 13:00:00,0.6977118286079376,23.0,4039.0,6053.4,307.91611269000003,69,0.006071850985404741
2019-05-09 14:00:00,0.6468115588013674,20.0,3390.0,6048.93,226.13999039,69,0.002298769705904049
2019-05-09 15:00:00,0.7171172883617681,24.0,3347.0,6032.27,334.90363848,69,0.0033089699567903914
2019-05-09 16:00:00,0.8227291816536261,18.0,1920.0,5997.26,868.24205692,69,0.008558309163015912
2019-05-09 17:00:00,1.4025627783421206,17.0,2809.0,6010.38,616.19832683,69,0.007379611746819163
2019-05-09 18:00:00,1.1003507063175504,27.0,4197.0,5999.3,449.03383049,69,0.0038133550041267797
2019-05-09 19:00:00,1.445995173781691,15.0,2144.0,5995.74,371.14427546,69,0.00533404703397758
2019-05-09 20:00:00,0.8216346390360294,19.0,6157.0,6049.12,316.29644129,69,0.004062072388300315
2019-05-09 21:00:00,1.1185157988982877,21.0,9183.0,6054.17,365.62366774,69,0.0028062612566712246
2019-05-09 22:00:00,1.4419808832219514,17.0,6439.0,6045.79,165.25238384,69,0.003947707141485704
2019-05-09 23:00:00,1.4759101461745952,17.0,5528.0,6064.71,184.51278272,69,0.0035045091679229263
2019-05-10 00:00:00,-0.0627595654109852,17.0,2835.0,6080.17,168.33338014,71,0.004604775557646137
2019-05-10 01:00:00,0.1471490184961591,19.0,2590.0,6114.95,257.78642474000003,71,0.00650339363656167
2019-05-10 02:00:00,0.6893567038103536,16.0,2731.0,6162.04,265.47599552,71,0.005354528401647908
2019-05-10 03:00:00,1.5346494626701477,12.0,5090.0,6156.7,291.65034943,71,0.006672400145120532
2019-05-10 04:00:00,0.5028756663579685,11.0,1657.0,6111.96,264.6158611,71,0.005296991964980572
2019-05-10 05:00:00,0.5021709648786264,14.0,3145.0,6177.1,315.25393597,71,0.005133083643593729
2019-05-10 06:00:00,0.8878560455118067,20.0,2291.0,6222.58,1078.8824104,71,0.009208635226907607
2019-05-10 07:00:00,0.6641207343915795,25.0,3704.0,6275.53,1554.6337417,71,0.009700478902777355
2019-05-10 08:00:00,0.7079504117189999,25.0,4809.0,6297.51,613.41028197,71,0.008828273321100087
2019-05-10 09:00:00,0.6477155402310381,24.0,3211.0,6272.8,244.20009568,71,0.005047991206063439
2019-05-10 10:00:00,0.4056630621897432,146.0,14420.0,6285.25,280.23630554,71,0.005096663971421717
2019-05-10 11:00:00,0.5377156729863326,154.0,12099.0,6316.94,855.88846462,71,0.007655042715569915
2019-05-10 12:00:00,0.4677740137414044,155.0,11430.0,6285.07,685.64792575,71,0.00826074415607955
2019-05-10 13:00:00,0.611204112891544,139.0,14082.0,6293.48,235.98233285,71,0.004229143771949176
2019-05-10 14:00:00,0.5338637765004777,158.0,17963.0,6272.81,423.392702,71,0.004532352069748912
2019-05-10 15:00:00,0.4356847422120174,150.0,10703.0,6284.19,341.50708189,71,0.0023811910919234592
2019-05-10 16:00:00,0.4815829754645353,167.0,26037.0,6285.84,1024.54698322,71,0.007037849404613788
2019-05-10 17:00:00,0.5631050066101484,193.0,19326.0,6266.07,451.06843238,71,0.003941769214306148
2019-05-10 18:00:00,0.5685991443646087,145.0,15333.0,6250.51,481.71893369,71,0.0038944763814707305
2019-05-10 19:00:00,0.6700148733264036,140.0,20195.0,6305.41,330.20755411,71,0.007525006747910081
2019-05-10 20:00:00,0.3274023082577645,145.0,12490.0,6376.42,1408.28856542,71,0.013200098882642175
2019-05-10 21:00:00,0.4606506896120453,123.0,10676.0,6403.15,520.59993145,71,0.009742272928517906
2019-05-10 22:00:00,0.3580474401366402,109.0,9803.0,6393.73,436.78022447,71,0.005262980752692437
2019-05-10 23:00:00,0.3224995194794927,109.0,13031.0,6368.52,687.55751519,71,0.003993229766620501
2019-05-11 00:00:00,0.4897233066987504,104.0,9403.0,6288.79,834.04238114,76,0.014001878353949261
2019-05-11 01:00:00,0.522284867614308,113.0,8347.0,6333.0,235.20313395,76,0.00493278899395269
2019-05-11 02:00:00,0.616025808022615,110.0,10082.0,6391.0,321.37313621,76,0.0035008773149159587
2019-05-11 03:00:00,0.4618417758348157,132.0,15576.0,6342.84,196.67567619,76,0.004896700435485302
2019-05-11 04:00:00,0.6271881258610082,142.0,16391.0,6377.68,131.00439989,76,0.004609414864334895
2019-05-11 05:00:00,0.5784254974478672,149.0,12480.0,6480.82,573.9171179800001,76,0.008550706301141572
2019-05-11 06:00:00,0.525519729759742,186.0,25077.0,6518.48,591.73374169,76,0.00769869813958655
2019-05-11 07:00:00,0.3141098220666085,142.0,11559.0,6549.7,602.87337435,76,0.005914723495166028
2019-05-11 08:00:00,0.5303280138572056,146.0,8476.0,6703.17,1251.9625651,76,0.01955187826779059
2019-05-11 09:00:00,0.6068669206234077,136.0,13217.0,6722.09,1366.1167971,76,0.012972707800137071
2019-05-11 10:00:00,0.6033502711567855,184.0,18160.0,6804.18,2537.35718981,76,0.025374268202712102
2019-05-11 11:00:00,0.5466020606504997,178.0,23318.0,6799.62,1158.26727191,76,0.015615652746873583
2019-05-11 12:00:00,0.628585119111295,175.0,21903.0,6676.41,998.54227803,76,0.01138405794362651
2019-05-11 13:00:00,0.5101104567229386,176.0,16879.0,6783.33,467.59294783,76,0.009921605491567148
2019-05-11 14:00:00,0.5781945169469966,191.0,20170.0,6830.0,528.44380699,76,0.0060714765084504034
2019-05-11 15:00:00,0.5998894852177584,171.0,20882.0,6785.42,503.41646396,76,0.004289593967146264
2019-05-11 16:00:00,0.5157636285470389,200.0,31219.0,6781.6,588.38299695,76,0.008658643710732708
2019-05-11 17:00:00,0.6002009912972733,169.0,21113.0,6807.82,400.03675031,76,0.004271763533964419
2019-05-11 18:00:00,0.5741198399484548,181.0,32902.0,6785.78,376.31577527,76,0.006868120658819395
2019-05-11 19:00:00,0.6824765591967988,200.0,21527.0,6945.01,802.18203435,76,0.0132276271908753
2019-05-11 20:00:00,0.357389547254988,219.0,22565.0,6929.17,1334.91021391,76,0.018480539767090007
2019-05-11 21:00:00,0.6954598011525908,211.0,24780.0,6972.82,600.43247732,76,0.009849502759391431
2019-05-11 22:00:00,0.6358883993325198,206.0,36433.0,6957.71,593.320039,76,0.009804691152534973
2019-05-11 23:00:00,0.6002449705387488,157.0,14038.0,6937.87,480.42889425,76,0.006666838619840315
2019-05-12 00:00:00,0.7443509926221481,130.0,11185.0,6967.31,332.85276634,75,0.006236179071497614
2019-05-12 01:00:00,0.4867022930423618,141.0,11010.0,7085.73,585.627376,75,0.014448254998287299
2019-05-12 02:00:00,0.7099573866311594,122.0,9079.0,7231.02,2875.90739495,75,0.02427237107386956
2019-05-12 03:00:00,0.5615837774288265,140.0,9407.0,7217.47,2649.8106394,75,0.026337124113815905
2019-05-12 04:00:00,0.6032614710979646,131.0,12755.0,7072.8,1849.10289011,75,0.03398748772971316
2019-05-12 05:00:00,0.422055349368014,155.0,29554.0,7196.55,765.48897866,75,0.011620641598779272
2019-05-12 06:00:00,0.6730776554172802,163.0,20554.0,7176.15,755.57916577,75,0.011747743678050312
2019-05-12 07:00:00,0.7330019889372413,154.0,11255.0,7160.28,689.11190077,75,0.01090244751867488
2019-05-12 08:00:00,0.6704823486664137,210.0,26930.0,7194.86,393.78810445,75,0.006676155988132555
2019-05-12 09:00:00,0.4450137639192873,176.0,19262.0,7333.07,892.6756194,75,0.014332307391630546
2019-05-12 10:00:00,0.5047665069289463,155.0,19785.0,7390.75,1001.58065222,75,0.013637162784705089
2019-05-12 11:00:00,0.7294124044196374,184.0,16526.0,7534.5,1586.15743126,75,0.011905692687349473
2019-05-12 12:00:00,0.3913087514421295,182.0,16096.0,7436.83,2376.43899126,75,0.03670067774185753
2019-05-12 13:00:00,0.3455406694004421,227.0,18645.0,7378.1,2011.33663419,75,0.026335562498719864
2019-05-12 14:00:00,0.4995652846149363,193.0,20348.0,7263.36,1711.67476202,75,0.02456186932184649
2019-05-12 15:00:00,0.7310233844927941,186.0,16708.0,7193.77,2804.61667514,75,0.032776398688968984
2019-05-12 16:00:00,0.573797444815041,157.0,14791.0,7175.83,927.98007468,75,0.017589993909084795
2019-05-12 17:00:00,0.4712721277105559,151.0,15416.0,7117.62,989.74177297,75,0.013539701057834207
2019-05-12 18:00:00,0.574719100026843,208.0,19117.0,6960.09,1190.88917906,75,0.019992876340333605
2019-05-12 19:00:00,0.4868642954267007,206.0,23379.0,6857.73,1943.83378557,75,0.02712069355894359
2019-05-12 20:00:00,0.4015226741250672,154.0,10880.0,6825.71,885.39248152,75,0.01689973073126113
2019-05-12 21:00:00,0.6206092527676849,149.0,11458.0,6930.0,403.35741573,75,0.007794289828314613
2019-05-12 22:00:00,0.591645369187832,149.0,13690.0,7076.41,775.24299403,75,0.010057341246145967
2019-05-12 23:00:00,0.5312546923371873,121.0,22415.0,7012.95,482.12334642,75,0.011257809749058888
2019-05-13 00:00:00,0.4592241547169953,140.0,12274.0,7173.34,742.87131874,78,0.015623838116769545
2019-05-13 01:00:00,0.6511637506095834,95.0,7508.0,7154.19,471.9255589,78,0.01203150655802963
2019-05-13 02:00:00,0.4704965200269672,124.0,7484.0,6985.83,1212.20209417,78,0.025479116213828316
2019-05-13 03:00:00,0.5555232427823847,142.0,12363.0,6974.35,535.10253699,78,0.013735901881844868
2019-05-13 04:00:00,0.765176753985555,117.0,12081.0,7017.6,747.42689517,78,0.01757343913511329
2019-05-13 05:00:00,0.4753100428797516,142.0,11518.0,7033.41,480.13022809,78,0.007076043351217943
2019-05-13 06:00:00,0.4971831073079026,153.0,11632.0,7037.25,326.50637734,78,0.007171500919330721
2019-05-13 07:00:00,0.4871644095645877,90.0,6488.0,7010.7,379.34483417,78,0.007009468298509802
2019-05-13 08:00:00,0.5149115120780586,89.0,3724.0,7081.14,383.36548776,78,0.0073870761437569285
2019-05-13 09:00:00,0.4856715200340161,108.0,11811.0,7046.24,509.5940089,78,0.010383067438975874
2019-05-13 10:00:00,0.3370458504210259,124.0,9880.0,7078.31,287.89739452,78,0.006835685488715679
2019-05-13 11:00:00,0.5868450672947495,208.0,17890.0,7028.67,234.23966559,78,0.007980338322236583
2019-05-13 12:00:00,0.5019606149117821,322.0,28734.0,7052.46,312.71802329,78,0.007034591880997198
2019-05-13 13:00:00,0.6266832752852042,400.0,38423.0,7100.79,544.20219219,78,0.005856733105277086
2019-05-13 14:00:00,0.5469817429762578,366.0,58103.0,7098.81,478.02565171,78,0.006880391507946851
2019-05-13 15:00:00,0.5194106727212064,308.0,26095.0,7261.93,1414.50199439,78,0.021648102022776936
2019-05-13 16:00:00,0.4969607018685741,230.0,29876.0,7340.9,1680.05934204,78,0.007841363005676494
2019-05-13 17:00:00,0.5884755873408767,186.0,18065.0,7385.3,1007.80389165,78,0.008708165863389534
2019-05-13 18:00:00,0.5068201766780916,222.0,18120.0,7509.34,1462.41101057,78,0.01570054522558845
2019-05-13 19:00:00,0.6394005435450291,334.0,25256.0,7841.93,4223.5609884,78,0.024526119886526133
2019-05-13 20:00:00,0.3845410015956283,248.0,25114.0,7919.0,2634.42528498,78,0.016098969366812484
2019-05-13 21:00:00,0.6084743746954316,163.0,15082.0,7820.71,1445.22952996,78,0.016615684186299013
2019-05-13 22:00:00,0.5418900679372025,147.0,23612.0,7857.91,1042.76217494,78,0.014440364597527016
2019-05-13 23:00:00,0.8561600517212631,142.0,11912.0,7909.0,786.82438486,78,0.013033282395411603
2019-05-14 00:00:00,0.8052463832111042,126.0,13836.0,7861.98,867.35274272,78,0.013625033148156785
2019-05-14 01:00:00,0.6321856520741226,108.0,7445.0,8098.31,2187.72010268,78,0.020037639958054698
2019-05-14 02:00:00,0.5398668954731232,80.0,11434.0,7930.9,896.04828331,78,0.020768274740135824
2019-05-14 03:00:00,0.7089679028061455,93.0,8017.0,7810.05,2967.19425,78,0.04672222664960953
2019-05-14 04:00:00,0.6965110385994954,108.0,7900.0,7912.29,388.02381296,78,0.014687101487442037
2019-05-14 05:00:00,0.4219201068509655,176.0,11784.0,7990.0,793.25154932,78,0.013841927918842154
2019-05-14 06:00:00,0.5322552619198938,155.0,11376.0,7905.49,586.32621949,78,0.012079567384650585
2019-05-14 07:00:00,0.4313028203785728,116.0,9178.0,7963.31,512.42117377,78,0.008164901541285973
2019-05-14 08:00:00,0.4117632072714146,151.0,9811.0,8010.63,788.8602111600001,78,0.008068736648884012
2019-05-14 09:00:00,0.6083307271204587,130.0,7819.0,7980.74,549.14115947,78,0.009299448635676956
2019-05-14 10:00:00,0.4969106727907378,161.0,10501.0,8062.78,436.68620135,78,0.005976082728133242
2019-05-14 11:00:00,0.6397894355050626,179.0,24503.0,8327.0,1536.91179478,78,0.010867608229381287
2019-05-14 12:00:00,0.5623851851209479,218.0,20541.0,8000.56,1340.11785896,78,0.029869063575871414
2019-05-14 13:00:00,0.4950037187056388,211.0,23097.0,8055.69,741.23077351,78,0.013272699102142776
2019-05-14 14:00:00,0.4689806977122188,190.0,31569.0,8068.36,1074.75168986,78,0.01581828715196077
2019-05-14 15:00:00,0.7575404915121714,163.0,15097.0,8048.14,314.77223064,78,0.007786233620138011
2019-05-14 16:00:00,0.4623780472533977,168.0,23604.0,8200.18,977.71592251,78,0.011212956515488162
2019-05-14 17:00:00,0.6952634608260129,179.0,18092.0,8145.97,938.12209826,78,0.009086594983385139
2019-05-14 18:00:00,0.6423272611920701,152.0,16329.0,8058.77,1068.86037606,78,0.022627574715118007
2019-05-14 19:00:00,0.5462315716566228,139.0,14177.0,7941.49,513.52437776,78,0.011307402660138117
2019-05-14 20:00:00,0.5586440401873773,145.0,16814.0,8003.92,1245.66966497,78,0.026866735343888115
2019-05-14 21:00:00,0.669972894125108,111.0,9632.0,8063.03,551.77913853,78,0.010883858361451544
2019-05-14 22:00:00,0.4487792803200933,98.0,9587.0,7832.4,886.13050146,78,0.013281039008570961
2019-05-14 23:00:00,0.585678902558602,105.0,8425.0,7771.42,1325.01174087,78,0.014716827443026286
2019-05-15 00:00:00,0.9162776878749922,89.0,6456.0,7712.8,775.59034108,77,0.022509757986550343
2019-05-15 01:00:00,0.5615619215617424,90.0,5976.0,7790.2,494.44468684,77,0.01861247124526229
2019-05-15 02:00:00,0.6703520319740831,79.0,5316.0,7932.37,478.2425875,77,0.008921855666498956
2019-05-15 03:00:00,0.4709221795309642,68.0,4175.0,7986.0,563.85504846,77,0.01825130456614959
2019-05-15 04:00:00,0.6892622010127649,89.0,4590.0,8020.71,1306.4926529,77,0.018405696164604263
2019-05-15 05:00:00,0.8020416568986546,96.0,7629.0,8017.01,534.27357852,77,0.011513883776362697
2019-05-15 06:00:00,0.5636535731635683,73.0,4539.0,8072.59,610.55968243,77,0.009862909339070282
2019-05-15 07:00:00,0.4194221024196706,99.0,6448.0,8060.46,452.70685018,77,0.007977887316811698
2019-05-15 08:00:00,0.7049193851600823,105.0,7724.0,8000.41,318.66212559,77,0.0060016758026839555
2019-05-15 09:00:00,0.3983094468035312,111.0,7137.0,8033.77,478.94458678,77,0.006876292620239574
2019-05-15 10:00:00,0.6753287009141571,117.0,6540.0,8017.33,292.38458381,77,0.006973768154755715
2019-05-15 11:00:00,0.4713539385566218,141.0,11507.0,7924.47,1608.48235265,77,0.01603111752380525
2019-05-15 12:00:00,0.5177308056401079,143.0,20247.0,7887.48,371.13677966,77,0.0098347376766691
2019-05-15 13:00:00,0.4778757979536766,202.0,18380.0,8084.0,473.65026342,77,0.009092825772885995
2019-05-15 14:00:00,0.4579312316915973,175.0,10359.0,8069.65,864.72033075,77,0.011423090603093917
2019-05-15 15:00:00,0.6193484868818883,174.0,13366.0,7980.98,645.64993423,77,0.013349801415924008
2019-05-15 16:00:00,0.7727876603215632,188.0,15572.0,7997.83,816.4440195,77,0.012994913411646809
2019-05-15 17:00:00,0.6659848032376523,202.0,17633.0,7989.36,873.57916754,77,0.015481209746469767
2019-05-15 18:00:00,0.7680308369768513,172.0,12729.0,7950.0,938.41125321,77,0.007628266424654288
2019-05-15 19:00:00,0.766385904200783,142.0,12642.0,8013.36,445.14777787,77,0.0067195365456697975
2019-05-15 20:00:00,0.626056016763057,126.0,8436.0,8027.25,665.24019865,77,0.01247084108626913
2019-05-15 21:00:00,0.4693544646951943,120.0,6007.0,8113.07,618.71989812,77,0.010478336748052661
2019-05-15 22:00:00,0.8537483473116725,123.0,21097.0,8239.42,1111.78934595,77,0.015228140686103649
2019-05-15 23:00:00,0.7027572051955265,128.0,9407.0,8198.5,1019.79775646,77,0.01624277918462301
2019-05-16 00:00:00,0.5251457928844714,129.0,8053.0,8174.02,576.23989762,75,0.011780838279629386
2019-05-16 01:00:00,0.461984845822815,101.0,12490.0,8150.66,185.07626738,75,0.007254273989074678
2019-05-16 02:00:00,0.3570741765998386,90.0,9442.0,8196.76,424.525621,75,0.008009929807411364
2019-05-16 03:00:00,0.5286500187221786,65.0,4402.0,8208.69,980.43631036,75,0.012841583876113527
2019-05-16 04:00:00,0.450412453416713,87.0,5230.0,8341.5,1197.70627523,75,0.01661184103567662
2019-05-16 05:00:00,0.4902389426431385,102.0,5757.0,8323.03,758.51705916,75,0.011664599706341094
2019-05-16 06:00:00,0.4157086843367125,107.0,5555.0,8317.41,530.61263423,75,0.0067949603719299175
2019-05-16 07:00:00,0.6115905078746922,75.0,3464.0,8239.2,508.30235298,75,0.00699853095011821
2019-05-16 08:00:00,0.3977449395595728,143.0,11202.0,7961.81,1663.48844062,75,0.027678323734418475
2019-05-16 09:00:00,0.5340606169161812,143.0,12947.0,7987.27,950.97321503,75,0.008933414806220674
2019-05-16 10:00:00,0.425873057171006,142.0,8915.0,8125.58,514.63853993,75,0.011611897178183127
2019-05-16 11:00:00,0.5797531085661571,158.0,13518.0,7995.53,332.11882574,75,0.007671605524880279
2019-05-16 12:00:00,0.4873062482139991,148.0,10241.0,7983.33,597.9034075,75,0.007308868209291549
2019-05-16 13:00:00,0.4742956614976879,137.0,20567.0,7965.93,882.8799901799999,75,0.01005926170002782
2019-05-16 14:00:00,0.8395320944353271,165.0,24674.0,7843.37,1655.00720093,75,0.019518792179460873
2019-05-16 15:00:00,0.5090405241758553,128.0,7688.0,7859.49,351.81199058,75,0.009252326042023301
2019-05-16 16:00:00,0.7413709342400585,159.0,11075.0,7790.61,623.61615966,75,0.014061735177292126
2019-05-16 17:00:00,0.651918096589411,118.0,9563.0,7861.63,489.10466219,75,0.004756265286584942
2019-05-16 18:00:00,0.525603533034238,115.0,14743.0,7952.69,1307.48981722,75,0.011744159669570495
2019-05-16 19:00:00,0.531837551306053,102.0,5280.0,8021.73,530.6965519,75,0.007777015364468453
2019-05-16 20:00:00,0.6018452149672742,108.0,7988.0,7918.1,668.29299366,75,0.007699209870204715
2019-05-16 21:00:00,0.5359749025430232,78.0,4504.0,7919.16,391.09203735,75,0.008654340183619953
2019-05-16 22:00:00,0.4362967362372728,72.0,9804.0,7906.62,486.93008263,75,0.00890439170688466
2019-05-16 23:00:00,0.7340030210802705,73.0,8960.0,7846.02,412.02128388,75,0.010817982764041152
2019-05-17 00:00:00,0.5669505928732504,83.0,9751.0,7689.74,540.65899663,65,0.015314245107785701
2019-05-17 01:00:00,0.1398062270763371,189.0,12945.0,7926.96,640.84627296,65,0.020247146587558808
2019-05-17 02:00:00,0.4229987575604378,116.0,9790.0,7831.36,704.76238813,65,0.008717906169937685
2019-05-17 03:00:00,0.3834138205283576,96.0,7241.0,7880.0,339.23258128,65,0.005636055795076777
2019-05-17 04:00:00,0.2144881086988508,105.0,5488.0,7876.48,229.94746831,65,0.006307260459890515
2019-05-17 05:00:00,0.5542085530922812,93.0,9684.0,7806.01,513.48254594,65,0.01013088768416115
2019-05-17 06:00:00,0.6132062853674948,104.0,6317.0,7320.0,1808.51064202,65,0.027329938101568106
2019-05-17 07:00:00,0.5173949176238679,99.0,7461.0,7285.0,6817.30551373,65,0.12526036036477486
2019-05-17 08:00:00,0.3895467088308886,113.0,6780.0,7236.63,1381.78304176,65,0.02281046618240249
2019-05-17 09:00:00,0.7142960289296411,129.0,10041.0,7140.77,956.98150787,65,0.020398274065566872
2019-05-17 10:00:00,0.4839517698732207,149.0,13236.0,7165.55,1011.77073017,65,0.013787802128774522
2019-05-17 11:00:00,0.6603774634329979,149.0,8926.0,7290.94,876.92636246,65,0.015882714599020964
2019-05-17 12:00:00,0.5552792078429925,168.0,10795.0,7279.42,700.93898984,65,0.008105855547894256
2019-05-17 13:00:00,0.5708301654755655,158.0,11716.0,7289.99,591.79207831,65,0.010094993472335684
2019-05-17 14:00:00,0.7849792433178451,151.0,14215.0,7220.4,878.20366152,65,0.013035983134115645
2019-05-17 15:00:00,0.6447600742981247,130.0,7408.0,7150.48,1274.82253328,65,0.017537871145043495
2019-05-17 16:00:00,0.4792800811724253,115.0,7939.0,7096.59,2300.66265561,65,0.02636182826296013
2019-05-17 17:00:00,0.5660656833178906,103.0,10992.0,7183.14,651.20291372,65,0.012858442949982993
2019-05-17 18:00:00,0.5563300397131911,129.0,9285.0,7148.21,726.66905347,65,0.01193197182788366
2019-05-17 19:00:00,0.518877777838368,123.0,6174.0,7090.83,453.69498799,65,0.009652313224520153
2019-05-17 20:00:00,0.5175171691496863,97.0,5649.0,7099.83,1143.23395457,65,0.022545459946057538
2019-05-17 21:00:00,0.8213601149972243,81.0,6898.0,7042.37,851.71776924,65,0.013436952846340302
2019-05-17 22:00:00,0.6796812456075222,110.0,6264.0,7096.07,679.81235242,65,0.014454552133792271
2019-05-17 23:00:00,0.443328032050562,77.0,5270.0,7143.49,540.09780153,65,0.011209367270005795
2019-05-18 00:00:00,0.5972001858587583,71.0,6550.0,7105.16,427.07080431,67,0.0074762128463553195
2019-05-18 01:00:00,0.5550069071487851,56.0,3174.0,7255.41,826.67380425,67,0.009022750931701117
2019-05-18 02:00:00,0.5542210126558208,66.0,6144.0,7237.57,1114.18466975,67,0.01162775069152784
2019-05-18 03:00:00,0.4378398821704262,59.0,3084.0,7351.71,550.09385762,67,0.012738802578227947
2019-05-18 04:00:00,0.6077554540958884,62.0,2265.0,7298.44,621.96191414,67,0.01442355419670514
2019-05-18 05:00:00,0.2217372021310154,51.0,2293.0,7270.6,528.19590249,67,0.010061621079161018
2019-05-18 06:00:00,0.4598869110542179,60.0,1991.0,7309.0,416.41032932,67,0.00518455424175535
2019-05-18 07:00:00,0.3516386364239278,79.0,5655.0,7377.0,188.15433091,67,0.005652374375997155
2019-05-18 08:00:00,0.4065104622093438,79.0,4508.0,7419.45,358.98634243000004,67,0.010307740684349902
2019-05-18 09:00:00,0.2033740771735637,66.0,3611.0,7449.18,423.61256572,67,0.010113229751699312
2019-05-18 10:00:00,0.3801119391480723,93.0,6062.0,7373.0,521.33008596,67,0.006022509863279586
2019-05-18 11:00:00,0.4475386175733613,106.0,7266.0,7331.84,478.35162487,67,0.007352303906741184
2019-05-18 12:00:00,0.607372588250656,99.0,7311.0,7340.8,374.3250656,67,0.007074465888556896
2019-05-18 13:00:00,0.3033826344304189,95.0,7224.0,7297.51,402.5438164,67,0.012179144017792225
2019-05-18 14:00:00,0.6212957311310235,114.0,8041.0,7286.05,417.86740352,67,0.005131763521701827
2019-05-18 15:00:00,0.6918155546792351,98.0,8054.0,7321.05,328.95954062,67,0.007655516329391038
2019-05-18 16:00:00,0.6332051972033707,120.0,10156.0,7304.45,154.8266449,67,0.0061259509922766495
2019-05-18 17:00:00,0.4784169509337929,86.0,5146.0,7330.15,210.52491736,67,0.006187807517007553
2019-05-18 18:00:00,0.4206334150330583,98.0,10293.0,7355.29,256.02185144,67,0.0053708623257975995
2019-05-18 19:00:00,0.8190475739455975,95.0,6573.0,7360.42,325.86629233,67,0.0074967601322604525
2019-05-18 20:00:00,0.685241381201182,84.0,7252.0,7354.85,103.21620052,67,0.005587342050492326
2019-05-18 21:00:00,0.4218170741018421,63.0,4826.0,7297.55,554.31767611,67,0.010011335175384418
2019-05-18 22:00:00,0.3671179949611747,70.0,3978.0,7271.26,258.22485275,67,0.008152248305479082
2019-05-18 23:00:00,0.4251495564475552,109.0,5473.0,7233.96,85.39005669,67,0.00621709999687151
2019-05-19 00:00:00,0.2420743839827046,114.0,7557.0,7298.2,66.74340963,70,0.0048542592353277205
2019-05-19 01:00:00,0.6299410458482019,62.0,3980.0,7326.99,86.77686638,70,0.008229094967112018
2019-05-19 02:00:00,0.5217430483316516,82.0,7179.0,7295.58,103.12537038,70,0.006230495329947345
2019-05-19 03:00:00,0.6769945996244171,74.0,5154.0,7260.12,299.16662941,70,0.008238818477374246
2019-05-19 04:00:00,0.6517746491353053,54.0,2557.0,7301.59,138.6433872,70,0.005123079071528617
2019-05-19 05:00:00,0.3333253240779377,83.0,5028.0,7601.47,1475.05595735,70,0.021406172089090306
2019-05-19 06:00:00,0.5229544179517222,84.0,5151.0,7734.42,1428.46567975,70,0.019440264067325595
2019-05-19 07:00:00,0.4908448814297899,86.0,6590.0,7951.46,1122.44909241,70,0.017566969571145695
2019-05-19 08:00:00,0.5022114041597812,92.0,5584.0,7993.87,1402.20976754,70,0.014707501978715789
2019-05-19 09:00:00,0.5058545551950053,76.0,4112.0,7949.99,619.92690208,70,0.01015987515261174
2019-05-19 10:00:00,0.4793750192203306,94.0,4658.0,7939.58,226.99734214,70,0.006062430841917989
2019-05-19 11:00:00,0.435494549011117,119.0,8221.0,7966.86,431.06844039,70,0.008773814828614558
2019-05-19 12:00:00,0.4287651386888569,105.0,8952.0,7981.95,200.67959993,70,0.006054758153261223
2019-05-19 13:00:00,0.4205886598925931,116.0,10732.0,8100.0,575.27869845,70,0.008057746348474162
2019-05-19 14:00:00,0.5995921570323737,104.0,6497.0,8078.44,775.97489345,70,0.009571370258403867
2019-05-19 15:00:00,0.6717445676130827,98.0,11565.0,8028.96,498.79929887,70,0.00942235401768818
2019-05-19 16:00:00,0.4387284937032827,107.0,8392.0,7954.88,1054.53322203,70,0.023763065610293878
2019-05-19 17:00:00,0.8308556855976752,98.0,13957.0,7894.58,674.1520696700001,70,0.012514940644659345
2019-05-19 18:00:00,0.4594285347755459,93.0,11328.0,7960.0,122.89783013,70,0.003119958035373016
2019-05-19 19:00:00,0.4507076461288293,114.0,7047.0,7994.09,270.10576352,70,0.009410611396675903
2019-05-19 20:00:00,0.5384328786643996,114.0,10462.0,7938.95,224.27287177,70,0.008207443929358543
2019-05-19 21:00:00,0.3238407122185979,142.0,9377.0,7990.19,512.49186276,70,0.008322006603217066
2019-05-19 22:00:00,0.4365005030914041,135.0,9525.0,7990.73,91.62925692,70,0.0044319336687479675
2019-05-19 23:00:00,0.7145165343494427,94.0,10969.0,7952.64,446.18273601,70,0.012669501340152335
2019-05-20 00:00:00,0.2816204095628549,88.0,14615.0,8037.06,294.53900464,73,0.010170158807242069
2019-05-20 01:00:00,0.542537339615626,48.0,3636.0,8091.55,382.31864383,73,0.0045747095012740845
2019-05-20 02:00:00,0.537709867534512,56.0,7074.0,8224.7,997.06399637,73,0.018113119223346998
2019-05-20 03:00:00,0.6791907871536128,41.0,6731.0,8200.0,1629.53113444,73,0.010574497476903736
2019-05-20 04:00:00,0.8480256844608314,36.0,2248.0,7936.46,1774.08169747,73,0.02714478619827094
2019-05-20 05:00:00,0.6419859077415301,71.0,16914.0,7977.34,305.94587816,73,0.010859581163770856
2019-05-20 06:00:00,0.6283577508379348,61.0,6784.0,7926.8,155.10055845,73,0.008600399699125523
2019-05-20 07:00:00,0.5016617826300692,81.0,6235.0,8057.77,642.42643662,73,0.01279728721631268
2019-05-20 08:00:00,0.4462263632159651,73.0,5132.0,8041.97,454.03506169,73,0.009507810703738722
2019-05-20 09:00:00,0.3281706014698535,91.0,5298.0,8017.89,384.4561056,73,0.008663538876287779
2019-05-20 10:00:00,0.6264331608568874,151.0,8568.0,7890.0,843.31671964,73,0.010670153167586342
2019-05-20 11:00:00,0.6179802746859469,141.0,10020.0,7900.56,646.25331828,73,0.015766380500592175
2019-05-20 12:00:00,0.6495084099615079,147.0,16451.0,7894.16,588.0682636,73,0.01373625594617785
2019-05-20 13:00:00,0.5923801975718694,129.0,8146.0,7911.74,468.59018687,73,0.010266605762662265
2019-05-20 14:00:00,0.6993788083159581,149.0,12285.0,7924.85,256.86338101,73,0.00749689968962575
2019-05-20 15:00:00,0.5623596405961102,119.0,10055.0,7859.2,333.01595342,73,0.010365923604697702
2019-05-20 16:00:00,0.5104540826956844,167.0,12196.0,7732.41,1046.75736451,73,0.02232086501125831
2019-05-20 17:00:00,0.6376553855136741,153.0,11967.0,7753.3,1243.15093254,73,0.01638977475491108
2019-05-20 18:00:00,0.7590833498087579,151.0,13983.0,7820.7,559.34898609,73,0.008540609284794911
2019-05-20 19:00:00,0.4936425582976672,132.0,16693.0,7839.91,289.07413579,73,0.007928084382028607
2019-05-20 20:00:00,0.549818958185759,101.0,11922.0,7846.56,205.51889001,73,0.007336684094067082
2019-05-20 21:00:00,0.7130485980076038,92.0,6464.0,7759.89,398.1635697,73,0.0076441405521535145
2019-05-20 22:00:00,0.7108140596472826,82.0,6541.0,7736.32,298.21440615,73,0.010434502493299242
2019-05-20 23:00:00,0.516618672135528,76.0,4630.0,7815.57,343.19805875,73,0.009675914317233402
2019-05-21 00:00:00,0.5381067956036074,76.0,6696.0,8010.19,593.34082218,68,0.014718948712584456
2019-05-21 01:00:00,0.4925880365246869,58.0,5564.0,8050.0,723.9403589,68,0.012309005152555745
2019-05-21 02:00:00,0.5621439724248622,64.0,4451.0,7918.7,603.49286771,68,0.01585322686619111
2019-05-21 03:00:00,0.7184767701014709,70.0,4042.0,8005.64,270.43355575,68,0.005978981278656897
2019-05-21 04:00:00,0.5323006600440174,66.0,2600.0,7942.36,395.83919275,68,0.012162628069872075
2019-05-21 05:00:00,0.7629837601771807,98.0,6350.0,7939.62,137.08117248,68,0.007251298679352219
2019-05-21 06:00:00,0.5329878377377489,91.0,5844.0,7921.82,442.60779653,68,0.00920474905529977
2019-05-21 07:00:00,0.4202267119480213,109.0,8666.0,7930.51,205.44102545,68,0.006841251615044698
2019-05-21 08:00:00,0.3500318144057095,118.0,5334.0,7884.46,268.29166245,68,0.005793618443721554
2019-05-21 09:00:00,0.3988448275423253,117.0,7658.0,7912.62,270.84107778000003,68,0.007386122138874267
2019-05-21 10:00:00,0.4065412410394075,167.0,9548.0,7930.68,190.97175464,68,0.004751009023562116
2019-05-21 11:00:00,0.520716729023555,231.0,15311.0,7942.01,168.31764371,68,0.005381646698122679
2019-05-21 12:00:00,0.5771849390474484,204.0,21714.0,7956.73,202.96156784,68,0.005276348223478199
2019-05-21 13:00:00,0.5001693507409294,159.0,10775.0,7989.2,282.27540712,68,0.007532963291612876
2019-05-21 14:00:00,0.5284066955584561,188.0,11004.0,7931.8,303.99874589,68,0.007777342197500625
2019-05-21 15:00:00,0.4815701458914206,189.0,13063.0,7877.3,931.15854513,68,0.025644690832031497
2019-05-21 16:00:00,0.3813450448885104,182.0,14213.0,7901.0,337.0602982,68,0.009134376823842784
2019-05-21 17:00:00,0.5916399271141974,147.0,10953.0,7938.63,580.83426729,68,0.011062167660968748
2019-05-21 18:00:00,0.5909937747451255,146.0,16193.0,7962.42,221.71621552,68,0.007113290090574172
2019-05-21 19:00:00,0.4342725900418379,134.0,10768.0,7919.62,311.09356811,68,0.006109867504574131
2019-05-21 20:00:00,0.546873005607718,115.0,6806.0,7920.78,121.94377684,68,0.004754728167778473
2019-05-21 21:00:00,0.6117285486454707,110.0,8930.0,8012.0,258.80339062,68,0.006456302691873284
2019-05-21 22:00:00,0.6227769831916053,111.0,6885.0,8036.95,471.36523313,68,0.00841312529404209
2019-05-21 23:00:00,0.4921257045802895,102.0,7916.0,8024.71,234.68273268,68,0.005131922328426868
2019-05-22 00:00:00,0.5679844416824406,91.0,5751.0,8095.25,435.80499792,69,0.005855050240311817
2019-05-22 01:00:00,0.6197826421215034,102.0,5824.0,7994.67,309.07749301,69,0.007990501355636975
2019-05-22 02:00:00,0.6041341634033646,74.0,4579.0,7974.97,273.88138154,69,0.008563878898131665
2019-05-22 03:00:00,0.6342271688050217,69.0,5610.0,7955.16,162.50673027,69,0.005483297203476915
2019-05-22 04:00:00,0.7840146833364182,89.0,7154.0,8020.11,157.56694794,69,0.0050468101940675065
2019-05-22 05:00:00,0.6934241720273668,97.0,7200.0,7950.05,123.1371761,69,0.005259136885758864
2019-05-22 06:00:00,0.6639108794870318,116.0,11074.0,7964.61,246.97412998,69,0.006035374385094004
2019-05-22 07:00:00,0.788333582376345,124.0,8575.0,7935.9,79.62330595,69,0.003393659244337165
2019-05-22 08:00:00,0.5085767317698354,112.0,8831.0,7944.93,376.27162197,69,0.009026182417556946
2019-05-22 09:00:00,0.4778847907102618,108.0,5901.0,7949.61,90.01078202,69,0.0044421734424195634
2019-05-22 10:00:00,0.6978700887059381,145.0,9273.0,7935.1,153.80103926,69,0.003348212261987376
2019-05-22 11:00:00,0.6793321425876374,164.0,13274.0,7912.04,119.44891286,69,0.0033632115606169696
2019-05-22 12:00:00,0.6892105130165159,175.0,13221.0,7938.0,137.85601499,69,0.003520137495717758
2019-05-22 13:00:00,0.5517514443716208,193.0,15642.0,7888.0,205.1390242,69,0.005319189818714828
2019-05-22 14:00:00,0.5450333924370473,143.0,11359.0,7894.2,224.7177366,69,0.006095704862208926
2019-05-22 15:00:00,0.7465784303203816,134.0,9537.0,7820.4,691.80659843,69,0.011046101698093199
2019-05-22 16:00:00,0.6761098667724262,114.0,10040.0,7793.09,369.75952941,69,0.006688174085946598
2019-05-22 17:00:00,0.4747517465571445,115.0,27909.0,7869.71,523.29709153,69,0.006314711785539556
2019-05-22 18:00:00,0.3937343130019256,141.0,10510.0,7881.34,327.4653796,69,0.003779181928840825
2019-05-22 19:00:00,0.2569812679288733,115.0,8503.0,7982.58,673.31979269,69,0.014436424785833889
2019-05-22 20:00:00,0.3412774286677886,117.0,11268.0,7956.68,250.64632588,69,0.0050353805225397084
2019-05-22 21:00:00,0.4092013914689334,92.0,10625.0,7904.73,483.46967121,69,0.010163978374458458
2019-05-22 22:00:00,0.7280570029662494,74.0,6002.0,7939.49,199.6504195,69,0.007283213062782077
2019-05-22 23:00:00,0.6034233601648675,101.0,7388.0,7936.55,68.18755068,69,0.004823746406924181
2019-05-23 00:00:00,0.7843810164928349,70.0,5398.0,7837.58,1100.66088249,65,0.021718325257335545
2019-05-23 01:00:00,0.3792259245677737,62.0,3508.0,7676.62,540.39061409,65,0.01554301441429505
2019-05-23 02:00:00,0.6574671844200981,55.0,3683.0,7716.84,771.69369317,65,0.02172746386212735
2019-05-23 03:00:00,0.535236380585854,54.0,3940.0,7624.95,481.92779642,65,0.007655218559169927
2019-05-23 04:00:00,0.4383793718233934,68.0,3186.0,7645.0,505.47529038,65,0.010922679051893706
2019-05-23 05:00:00,0.1020408316619605,54.0,3577.0,7626.58,348.82748084,65,0.008554680821939498
2019-05-23 06:00:00,0.4630133978833342,75.0,3212.0,7672.39,370.93957741,65,0.006949822774129471
2019-05-23 07:00:00,0.4122425852074899,88.0,4361.0,7670.8,81.96613381,65,0.005414982708121827
2019-05-23 08:00:00,0.4477360197190572,91.0,6866.0,7668.54,104.10610399,65,0.005106547574247885
2019-05-23 09:00:00,0.4242223116846179,107.0,6896.0,7624.11,225.97721382,65,0.008075162275830017
2019-05-23 10:00:00,0.4354274714785373,101.0,5661.0,7648.79,324.48836706,65,0.008237296540772715
2019-05-23 11:00:00,0.4293716309358806,116.0,5981.0,7598.33,115.91287006,65,0.00552367846534519
2019-05-23 12:00:00,0.5517303424213377,127.0,8768.0,7565.77,381.13493321,65,0.004557183369502387
2019-05-23 13:00:00,0.6314859824651786,122.0,10483.0,7587.43,510.74203373,65,0.011207869331188055
2019-05-23 14:00:00,0.5683532427969272,148.0,12281.0,7630.0,319.91481732,65,0.005431301973226459
2019-05-23 15:00:00,0.6739245204970926,130.0,9919.0,7600.07,249.20510867,65,0.00460044358643376
2019-05-23 16:00:00,0.615551614978204,142.0,9618.0,7629.22,308.52048962,65,0.00775338326889477
2019-05-23 17:00:00,0.6836105847826381,123.0,9047.0,7659.92,422.23737267,65,0.006477146616626965
2019-05-23 18:00:00,0.7519791509155839,120.0,15323.0,7730.96,553.99017556,65,0.005925209728803757
2019-05-23 19:00:00,0.5600894804484227,107.0,6853.0,7770.94,506.88883568,65,0.007368863702501248
2019-05-23 20:00:00,0.4296201872497544,102.0,5430.0,7833.49,509.98666069,65,0.006688994379139569
2019-05-23 21:00:00,0.620695186997032,95.0,8182.0,7786.47,501.96709443,65,0.01067617262605059
2019-05-23 22:00:00,0.5045868864408325,78.0,5223.0,7771.7,178.39842405,65,0.0054026866297518005
2019-05-23 23:00:00,0.4611247643501374,79.0,13691.0,7793.48,167.63634118000002,65,0.006350868287335262
2019-05-24 00:00:00,0.4395300638704015,54.0,4953.0,7885.47,518.57470277,64,0.006655551965279711
2019-05-24 01:00:00,0.7117908473358662,56.0,4815.0,7922.23,256.57495271,64,0.011262948952188915
2019-05-24 02:00:00,0.7793196086704895,60.0,7206.0,7906.47,560.41813241,64,0.008734702617211513
2019-05-24 03:00:00,0.6179449846274906,62.0,3180.0,7880.22,346.47314111000003,64,0.007551652734339785
2019-05-24 04:00:00,0.7389681487032783,63.0,8180.0,7877.07,289.2140336,64,0.0048870659233146915
2019-05-24 05:00:00,0.7695085729118328,56.0,4086.0,7850.85,238.32751778,64,0.00831358036467843
2019-05-24 06:00:00,0.6291126979381969,110.0,9189.0,7864.16,285.79439214,64,0.0037338385663604717
2019-05-24 07:00:00,0.657142468382247,75.0,4918.0,7877.15,210.11646195,64,0.005156369199006826
2019-05-24 08:00:00,0.4346694254295152,83.0,8069.0,7846.79,188.3170003,64,0.005870616449850533
2019-05-24 09:00:00,0.5749043833082511,121.0,11061.0,7838.68,207.65890579,64,0.004624771659446783
2019-05-24 10:00:00,0.5914006317072067,134.0,29809.0,7882.18,149.04087055,64,0.004612128648201986
2019-05-24 11:00:00,0.4408634063040427,145.0,9388.0,7883.99,299.49926553,64,0.005298406106519059
2019-05-24 12:00:00,0.5893265428278062,128.0,8721.0,7975.3,914.26122519,64,0.011358660954895537
2019-05-24 13:00:00,0.3749123971871866,164.0,13861.0,7980.0,425.41061011,64,0.005506236492400047
2019-05-24 14:00:00,0.5026122168995009,158.0,10896.0,7994.37,452.23001554,64,0.006273107532063938
2019-05-24 15:00:00,0.6450944882808753,128.0,12837.0,8035.47,488.1424502,64,0.007584812042696359
2019-05-24 16:00:00,0.5032587299521064,137.0,12966.0,8050.89,372.78915717,64,0.004958237118559446
2019-05-24 17:00:00,0.4610032481961431,123.0,8706.0,7984.36,372.17866001,64,0.0054029524939052526
2019-05-24 18:00:00,0.3821516277600957,116.0,9997.0,8069.0,365.76686704,64,0.005201889434606902
2019-05-24 19:00:00,0.5090600426376108,129.0,10774.0,8110.99,1254.76536801,64,0.008319098215059481
2019-05-24 20:00:00,0.5927129494730702,93.0,6688.0,8100.0,818.62689768,64,0.008590652060052769
2019-05-24 21:00:00,0.3565973053856064,91.0,5613.0,8073.6,450.90932631,64,0.007518435056796822
2019-05-24 22:00:00,0.6815667470608388,82.0,3785.0,8078.97,261.6513793,64,0.004358463517940548
2019-05-24 23:00:00,0.2706840412164629,88.0,3348.0,8061.99,368.2380298,64,0.006179203735507993
2019-05-25 00:00:00,0.6710841752086047,74.0,6188.0,8122.0,207.13408149,69,0.004595820774484544
2019-05-25 01:00:00,0.6020976811897324,66.0,7396.0,8056.36,263.58894166,69,0.007155054633208616
2019-05-25 02:00:00,0.6225490882917619,55.0,7090.0,8041.83,186.98637368,69,0.005863576164269671
2019-05-25 03:00:00,0.4701790430206739,46.0,2368.0,7999.02,288.32398128,69,0.00930598408570652
2019-05-25 04:00:00,0.5229156383803587,67.0,6267.0,8005.88,220.71310794,69,0.005088870363052039
2019-05-25 05:00:00,0.801835949911072,66.0,7286.0,8051.11,260.91064196,69,0.005484323375038824
2019-05-25 06:00:00,0.3104128295441701,74.0,3516.0,8037.12,69.95792626,69,0.003973808889065803
2019-05-25 07:00:00,0.5719330988403476,85.0,4659.0,8004.02,77.3769475,69,0.004150750481607596
2019-05-25 08:00:00,0.4757287164175373,104.0,10258.0,8016.15,59.36967049,69,0.00390274760304939
2019-05-25 09:00:00,0.722530549314954,98.0,6735.0,7982.94,75.11623429,69,0.00347020959397611
2019-05-25 10:00:00,0.6036132864170805,101.0,7252.0,7971.63,143.35339702000002,69,0.006652488992295789
2019-05-25 11:00:00,0.6060592946106887,89.0,13637.0,7991.81,99.66770918,69,0.0026784023406830324
2019-05-25 12:00:00,0.5172760541952778,101.0,6095.0,8034.47,135.82913942,69,0.004572817855701375
2019-05-25 13:00:00,0.5997056887342572,92.0,3874.0,8095.06,195.78332188,69,0.007220772052841389
2019-05-25 14:00:00,0.4015865609958763,100.0,7407.0,8113.5,165.01724253,69,0.004313492055048867
2019-05-25 15:00:00,0.4792972449616345,120.0,9182.0,8115.0,344.92167707,69,0.005728463710203432
2019-05-25 16:00:00,0.5804504500369954,93.0,7460.0,8109.72,272.51543972,69,0.006111873919308547
2019-05-25 17:00:00,0.3924369748981884,85.0,7074.0,8051.59,118.02778652,69,0.006568193600521862
2019-05-25 18:00:00,0.5437229137537433,91.0,6959.0,8077.07,105.51808509,69,0.005232813883927163
2019-05-25 19:00:00,0.5980841065863434,73.0,4331.0,8065.59,112.67190177,69,0.0048849675989965395
2019-05-25 20:00:00,0.6558217757547273,71.0,6111.0,8049.89,106.8650692,69,0.005508216343183062
2019-05-25 21:00:00,0.8336078561353073,75.0,9840.0,8062.2,92.51018499,69,0.004359936504073699
2019-05-25 22:00:00,0.6740533692346853,74.0,6052.0,8047.51,195.75106921,69,0.007844668042642729
2019-05-25 23:00:00,0.7079700383466004,76.0,5229.0,8015.54,142.13026958,69,0.005132304581204576
2019-05-26 00:00:00,0.4624969721264573,54.0,3055.0,8034.32,67.68910189,67,0.004682868840924618
2019-05-26 01:00:00,0.4625380989105978,48.0,1993.0,8051.55,119.02973089,67,0.0045795083382455855
2019-05-26 02:00:00,0.5551197071010983,38.0,3516.0,8082.33,82.87230727000001,67,0.0017812439945367356
2019-05-26 03:00:00,0.5118389889183032,39.0,1754.0,8064.64,98.05528957,67,0.0048028873968265
2019-05-26 04:00:00,0.2478602888289968,39.0,3935.0,8052.37,57.30576842,67,0.0035950141638677597
2019-05-26 05:00:00,0.3613044577076605,63.0,7830.0,8038.86,53.46182894,67,0.0028258142012507013
2019-05-26 06:00:00,0.4474744388958613,70.0,5624.0,8022.39,36.95294487,67,0.004798583120855255
2019-05-26 07:00:00,0.4665458516174859,67.0,6094.0,8005.43,111.05547213,67,0.0045488362704193715
2019-05-26 08:00:00,0.3783972397764154,48.0,6613.0,8031.01,38.22912603,67,0.005350079746993999
2019-05-26 09:00:00,0.4724402787548253,69.0,3597.0,7999.99,199.3300208,67,0.004938320290203522
2019-05-26 10:00:00,0.7117293621225442,78.0,6032.0,8003.85,167.34798494,67,0.006969545045089166
2019-05-26 11:00:00,0.643827969533306,73.0,3712.0,8001.83,72.58190113,67,0.004813271919283271
2019-05-26 12:00:00,0.4286948897865837,63.0,5472.0,8013.58,38.37255109,67,0.002626399198640529
2019-05-26 13:00:00,0.4594566917912261,89.0,7232.0,8010.0,33.76378708,67,0.0019971578110702807
2019-05-26 14:00:00,0.6862592780989308,98.0,9660.0,7980.71,149.43883374,67,0.004871108797244371
2019-05-26 15:00:00,0.5499139793594957,91.0,6350.0,7936.6,321.19800247,67,0.008272735115078698
2019-05-26 16:00:00,0.8596492102044185,84.0,6861.0,7950.2,117.70620456,67,0.00539390455630471
2019-05-26 17:00:00,0.5460683903913482,222.0,15241.0,7992.77,124.0158182,67,0.00560994116743887
2019-05-26 18:00:00,0.4078344174805191,260.0,13896.0,8006.57,58.94839149,67,0.0031930949427563847
2019-05-26 19:00:00,0.5914009344416978,168.0,18194.0,8014.39,75.67228703,67,0.0043282750823875876
2019-05-26 20:00:00,0.5269459243185909,193.0,17961.0,7994.79,73.81009887,67,0.0035491499600782735
2019-05-26 21:00:00,0.653871842109567,150.0,18302.0,7995.2,112.50227656,67,0.003427262926176046
2019-05-26 22:00:00,0.4890747690707921,133.0,9345.0,8020.79,98.44072517,67,0.0022263070302232387
2019-05-26 23:00:00,0.437096144073836,124.0,8146.0,8586.88,2539.8487418,67,0.028538015060507647
2019-05-27 00:00:00,0.7774471226452272,117.0,15343.0,8579.07,1753.56929641,70,0.0206624560052334
2019-05-27 01:00:00,0.7648382884892286,103.0,15515.0,8657.53,795.82851834,70,0.010774612879570784
2019-05-27 02:00:00,0.3959553861537799,82.0,11534.0,8668.58,807.62201649,70,0.012319590779087996
2019-05-27 03:00:00,0.4348522406631317,71.0,6121.0,8733.26,689.80904791,70,0.008574071109535704
2019-05-27 04:00:00,0.4477453649255127,79.0,6101.0,8902.29,1131.86688132,70,0.011382998895417098
2019-05-27 05:00:00,0.6266314812036158,85.0,5848.0,8827.52,532.30617583,70,0.009703181167754515
2019-05-27 06:00:00,0.399274116980883,95.0,13069.0,8753.96,685.87554161,70,0.012266167174020888
2019-05-27 07:00:00,0.5612004933487783,116.0,12439.0,8773.11,423.97362439,70,0.004680353436263528
2019-05-27 08:00:00,0.5064909141194682,91.0,5829.0,8721.47,256.02685916,70,0.006374034014695753
2019-05-27 09:00:00,0.7215919679311603,75.0,6246.0,8745.1,406.75958893,70,0.004324161071617875
2019-05-27 10:00:00,0.6686205732678897,74.0,6778.0,8757.44,481.06687894,70,0.003163227987491431
2019-05-27 11:00:00,0.3661324106422246,102.0,6776.0,8778.72,445.71277142,70,0.005089335009746726
2019-05-27 12:00:00,0.5849677326134356,129.0,10014.0,8734.56,272.61976498,70,0.003757544177949562
2019-05-27 13:00:00,0.5170404387494786,142.0,9939.0,8755.52,227.12908114,70,0.0038145285765679216
2019-05-27 14:00:00,0.6838084960240035,165.0,17743.0,8745.3,321.73269463,70,0.004175744958903937
2019-05-27 15:00:00,0.483316044043148,155.0,9682.0,8714.81,311.63867816,70,0.005705565826856485
2019-05-27 16:00:00,0.4487016006711594,167.0,10556.0,8827.5,402.80446952,70,0.0077219175284876165
2019-05-27 17:00:00,0.8582838099479018,148.0,18466.0,8808.09,288.35666922,70,0.005065494376649304
2019-05-27 18:00:00,0.5456717551198144,119.0,8331.0,8794.55,231.90490918,70,0.0058284332087812606
2019-05-27 19:00:00,0.4721406754798601,126.0,12058.0,8849.01,359.72026209,70,0.009967181239341644
2019-05-27 20:00:00,0.3948738580959801,128.0,8095.0,8698.39,811.93819451,70,0.01814197599597645
2019-05-27 21:00:00,0.7081192523102874,93.0,5940.0,8706.2,290.24060897,70,0.007176976295802414
2019-05-27 22:00:00,0.3580945945081299,107.0,9942.0,8806.61,215.80185765,70,0.009248906439493294
2019-05-27 23:00:00,0.3064090305599866,88.0,4884.0,8808.53,230.73426793,70,0.005393966646309642
2019-05-28 00:00:00,0.495220604837524,104.0,10619.0,8753.38,158.10744972999998,71,0.009087850753307066
2019-05-28 01:00:00,0.4739856503691996,88.0,3599.0,8823.55,104.56531308,71,0.006256515334550531
2019-05-28 02:00:00,0.4299503809666222,72.0,4881.0,8810.8,126.13401566,71,0.005578712736645432
2019-05-28 03:00:00,0.53533457802451,73.0,5675.0,8770.73,231.00811571,71,0.007321977813467246
2019-05-28 04:00:00,0.7532078300243115,59.0,3576.0,8757.9,223.98887212,71,0.005828638171779682
2019-05-28 05:00:00,0.5677657935136943,63.0,11785.0,8790.03,85.4431807,71,0.003954244060284193
2019-05-28 06:00:00,0.3108074037238105,77.0,5238.0,8783.65,171.75958978,71,0.0037074242519555913
2019-05-28 07:00:00,0.5735782459346619,103.0,10345.0,8788.54,114.3619723,71,0.0032652661737721574
2019-05-28 08:00:00,0.4685492739536864,98.0,8108.0,8781.05,68.01480273,71,0.002833447412626649
2019-05-28 09:00:00,0.6639663908445127,100.0,13082.0,8748.84,175.18738749,71,0.00639837160470724
2019-05-28 10:00:00,0.468486799060637,88.0,5351.0,8715.42,185.61991873,71,0.0037620856027835497
2019-05-28 11:00:00,0.6254763870835787,123.0,13137.0,8743.13,321.80545131,71,0.007170591334815005
2019-05-28 12:00:00,0.413120721366156,120.0,7929.0,8725.65,292.88612048,71,0.004418115511108288
2019-05-28 13:00:00,0.6546242035529476,139.0,15478.0,8723.28,261.51443732,71,0.005189926081275752
2019-05-28 14:00:00,0.5099321874369869,112.0,5979.0,8700.0,384.36454088,71,0.005535872032512992
2019-05-28 15:00:00,0.5208701886373437,149.0,10116.0,8745.96,224.35768648,71,0.004312869260600881
2019-05-28 16:00:00,0.572785427327628,159.0,11901.0,8722.27,241.51478863,71,0.004630460230308046
2019-05-28 17:00:00,0.7092313119717613,197.0,17558.0,8661.28,622.86863404,71,0.015998245188724412
2019-05-28 18:00:00,0.5760079169139781,154.0,11438.0,8699.7,339.96458206,71,0.00485059951238012
2019-05-28 19:00:00,0.4946164740347729,130.0,8338.0,8700.01,114.85944527,71,0.0025893490300769612
2019-05-28 20:00:00,0.4438749123335364,100.0,7909.0,8661.06,377.76904835,71,0.006362944776417957
2019-05-28 21:00:00,0.6136996585841082,113.0,7900.0,8747.65,402.74027728,71,0.010650757356428312
2019-05-28 22:00:00,0.4784926716406131,98.0,9521.0,8743.17,156.65537486,71,0.005547970017876222
2019-05-28 23:00:00,0.4840907785256322,80.0,3421.0,8698.78,305.58522129,71,0.01150453110043258
2019-05-29 00:00:00,0.5996164213679647,89.0,5476.0,8686.7,255.00861889,71,0.0028532170322111707
2019-05-29 01:00:00,0.5516064735003826,79.0,4469.0,8699.99,130.02392042,71,0.004174413194659602
2019-05-29 02:00:00,0.5186976250047002,69.0,4420.0,8702.97,519.27236704,71,0.0049502346222944586
2019-05-29 03:00:00,0.7560256000888956,68.0,5267.0,8717.96,168.44500726,71,0.005657656307180648
2019-05-29 04:00:00,0.3322511771304713,66.0,3519.0,8676.41,168.96485692,71,0.0037323040068462116
2019-05-29 05:00:00,-0.11373207514431,59.0,2669.0,8660.03,116.49510612,71,0.004972506719532315
2019-05-29 06:00:00,0.8520786347125942,80.0,5052.0,8633.33,171.20637113,71,0.004879344849422021
2019-05-29 07:00:00,0.8486994052481125,70.0,5684.0,8635.86,199.36530785,71,0.003922783474836438
2019-05-29 08:00:00,0.5457635307474248,115.0,10852.0,8586.1,565.96927058,71,0.012443481231909423
2019-05-29 09:00:00,0.569500505487882,120.0,10065.0,8459.2,933.26619742,71,0.011478555446840434
2019-05-29 10:00:00,0.473838605884584,92.0,5127.0,8511.45,377.21749156,71,0.007503217037421594
2019-05-29 11:00:00,0.3797898104300283,114.0,10898.0,8544.19,598.87797529,71,0.012051766254115956
2019-05-29 12:00:00,0.53337936702351,115.0,6440.0,8590.63,420.95250906,71,0.008322884281995988
2019-05-29 13:00:00,0.4530905065867965,137.0,11250.0,8621.18,364.1675665,71,0.006131189873358846
2019-05-29 14:00:00,0.6086072029912954,160.0,11203.0,8661.12,393.3899401,71,0.004971265099351274
2019-05-29 15:00:00,0.6551104147867866,153.0,14717.0,8624.15,186.41218015,71,0.0038938309098979036
2019-05-29 16:00:00,0.5766150535788618,160.0,12654.0,8645.01,170.8198825,71,0.003608996759918102
2019-05-29 17:00:00,0.7280181186352306,157.0,12947.0,8731.94,450.89457595,71,0.008937278739288925
2019-05-29 18:00:00,0.5638877446751697,131.0,9242.0,8701.16,355.05657189,71,0.005389255447115246
2019-05-29 19:00:00,0.7564305417329846,135.0,15886.0,8698.55,317.15615204,71,0.00569872366002544
2019-05-29 20:00:00,0.4054161027331618,109.0,9440.0,8728.2,320.79549276,71,0.008639791185478248
2019-05-29 21:00:00,0.5421464969202892,121.0,14466.0,8689.0,322.63974958,71,0.004812611636865628
2019-05-29 22:00:00,0.5573582151908988,104.0,5498.0,8680.48,283.97471496000003,71,0.004125319098207273
2019-05-29 23:00:00,0.5922565946864937,81.0,6891.0,8700.17,176.90102039,71,0.002109452525479138
2019-05-30 00:00:00,0.6606572318869307,95.0,5081.0,8645.42,297.82981453,73,0.008012542994229798
2019-05-30 01:00:00,0.5507812271705904,83.0,5967.0,8655.56,119.8066638,73,0.003755071462835377
2019-05-30 02:00:00,0.4272879478557381,87.0,5993.0,8670.28,134.31487247,73,0.0037411527725259453
2019-05-30 03:00:00,0.5709741669703826,79.0,5016.0,8663.41,137.78357539,73,0.005259806242802414
2019-05-30 04:00:00,0.7552053235425358,65.0,5677.0,8681.54,417.18684422,73,0.006682828741331847
2019-05-30 05:00:00,0.4646803263451119,81.0,5424.0,8633.42,483.81428343,73,0.014197834513189438
2019-05-30 06:00:00,0.4007328506807047,94.0,4706.0,8605.0,306.21023281,73,0.005980516394588956
2019-05-30 07:00:00,0.5936737393258047,80.0,7027.0,8684.14,453.6854481,73,0.005983660324534946
2019-05-30 08:00:00,0.6785022461808753,97.0,8973.0,8686.41,240.97161323,73,0.0035394520388094186
2019-05-30 09:00:00,0.3122615433607072,84.0,3700.0,8714.31,347.39594849,73,0.007716929350800541
2019-05-30 10:00:00,0.298450078670153,84.0,4183.0,8705.56,189.76478397,73,0.003381173783458839
2019-05-30 11:00:00,0.7072701961330379,124.0,19257.0,8689.99,206.92399723,73,0.003094439413872795
2019-05-30 12:00:00,0.4420333103624546,126.0,9292.0,8697.48,265.27087305,73,0.004757221788020846
2019-05-30 13:00:00,0.583562642426579,135.0,9149.0,8708.96,158.80317387,73,0.002761434127996507
2019-05-30 14:00:00,0.5155484980462031,130.0,10845.0,8717.98,354.7681365,73,0.005627749641730248
2019-05-30 15:00:00,0.6813938460111917,165.0,10313.0,8712.01,302.83285872,73,0.005215454828408509
2019-05-30 16:00:00,0.3514920841979046,345.0,30220.0,8709.3,357.92189741,73,0.005064264047834785
2019-05-30 17:00:00,0.4663917069301178,176.0,13768.0,8705.28,146.13441529,73,0.003264847315893289
2019-05-30 18:00:00,0.527290341247864,144.0,9089.0,8726.3,222.48889888,73,0.002291661029334883
2019-05-30 19:00:00,0.2815995895567691,123.0,7522.0,8941.85,1040.61537048,73,0.010416801991439408
2019-05-30 20:00:00,0.3778095629477266,99.0,5366.0,8670.16,2915.69542411,73,0.03597171281661949
2019-05-30 21:00:00,0.3632315905534338,182.0,11915.0,8615.83,1210.48424975,73,0.009935426629548735
2019-05-30 22:00:00,0.5538898239038194,100.0,6487.0,8653.56,393.3843036,73,0.004799721027327105
2019-05-30 23:00:00,0.4485042251381879,97.0,7112.0,8620.0,375.14563829,73,0.008491632431402768
2019-05-31 00:00:00,0.3708793326800365,87.0,25069.0,8457.53,915.86270701,61,0.014710709278502874
2019-05-31 01:00:00,0.2180720771326388,87.0,7265.0,8202.78,2337.57397234,61,0.0382940920572508
2019-05-31 02:00:00,0.3265864827991557,74.0,3970.0,8266.67,888.26619222,61,0.011750472789690531
2019-05-31 03:00:00,0.325678199578045,70.0,7186.0,8277.76,728.38666255,61,0.008968940704097764
2019-05-31 04:00:00,0.226253304211429,74.0,3966.0,8302.9,486.17028608,61,0.006126520235328706
2019-05-31 05:00:00,0.5746533296377846,82.0,6294.0,8330.19,291.12956411,61,0.006411120700136723
2019-05-31 06:00:00,0.5783112059620445,93.0,8111.0,8270.2,287.22339621,61,0.0055079791292340615
2019-05-31 07:00:00,0.3162448787791607,98.0,6588.0,8261.78,285.094894,61,0.0067818616362487075
2019-05-31 08:00:00,0.5595230613880022,106.0,4152.0,8150.45,420.00745044,61,0.0074121208066739415
2019-05-31 09:00:00,0.3254009992283685,98.0,4039.0,8226.08,672.53546707,61,0.009695314860161577
2019-05-31 10:00:00,0.6540250692593124,104.0,8016.0,8273.04,298.80890626,61,0.004739483635628159
2019-05-31 11:00:00,0.4994431266818361,118.0,7383.0,8303.45,384.11425863,61,0.0060020491178251765
2019-05-31 12:00:00,0.5642562083914383,129.0,13355.0,8272.87,455.21242285,61,0.004900190325829333
2019-05-31 13:00:00,0.5775096470853616,145.0,10358.0,8294.23,305.57274191,61,0.0045755912781243364
2019-05-31 14:00:00,0.6077524673525134,149.0,8230.0,8258.92,831.28977342,61,0.00642969649721526
2019-05-31 15:00:00,0.5093714197637657,153.0,9212.0,8238.0,613.04486888,61,0.008939796350357987
2019-05-31 16:00:00,0.4800696963843183,145.0,8620.0,8312.99,273.46213646,61,0.0049297925742074885
2019-05-31 17:00:00,0.5156442257032603,135.0,6701.0,8415.7,563.74050534,61,0.007589268942185198
2019-05-31 18:00:00,0.4629542166237393,110.0,7199.0,8426.77,545.57591885,61,0.008802004638286327
2019-05-31 19:00:00,0.8392988875341153,138.0,7303.0,8343.52,520.06175565,61,0.011097248487361511
2019-05-31 20:00:00,0.4377883422914071,110.0,8134.0,8390.43,613.50354572,61,0.01349972217272397
2019-05-31 21:00:00,0.6271172936030187,98.0,8523.0,8402.35,293.32730547,61,0.007254372629437929
2019-05-31 22:00:00,0.5516487222391728,86.0,5658.0,8393.93,601.67023283,61,0.008015417946395618
2019-05-31 23:00:00,0.4953183742263295,86.0,4979.0,8439.24,237.71513452,61,0.004547936170368057
2019-06-01 00:00:00,0.5186172426345719,87.0,6971.0,8498.9,305.12861005,62,0.006600467770861601
2019-06-01 01:00:00,0.5924893783934334,59.0,4215.0,8524.55,357.96862155,62,0.0056990830226138975
2019-06-01 02:00:00,0.3504807668015016,62.0,4032.0,8509.15,143.68082933,62,0.003772673317887594
2019-06-01 03:00:00,0.5540300570175385,69.0,5466.0,8547.2,171.87143982,62,0.006203457064449493
2019-06-01 04:00:00,0.4003609416461878,50.0,2210.0,8587.74,354.19749521,62,0.006890026186104615
2019-06-01 05:00:00,0.6281168432054514,25.0,1115.0,8548.95,249.38888772,62,0.005041263686324839
2019-06-01 06:00:00,0.5090681516575785,46.0,4658.0,8539.81,81.19461918,62,0.0031746978055267514
2019-06-01 07:00:00,0.5637380295546757,56.0,4488.0,8541.8,58.17151447,62,0.003034847638426086
2019-06-01 08:00:00,0.4724330569426641,57.0,5161.0,8556.6,156.161224,62,0.004029644883957471
2019-06-01 09:00:00,0.5458842211227843,64.0,3960.0,8477.27,317.21750306,62,0.005258260709012183
2019-06-01 10:00:00,0.5497792618787534,67.0,5014.0,8522.27,317.18135947,62,0.005638065526890367
2019-06-01 11:00:00,0.2244226981596418,64.0,3361.0,8542.27,314.35563875,62,0.003895894947934373
2019-06-01 12:00:00,0.3748697782108918,69.0,2759.0,8562.97,188.14157349,62,0.003838020084574398
2019-06-01 13:00:00,0.5961266543067124,106.0,10385.0,8580.55,486.22081313,62,0.005214019525985048
2019-06-01 14:00:00,0.4448134421690516,94.0,4909.0,8553.45,308.85172824,62,0.005162007098225271
2019-06-01 15:00:00,0.5213021869116089,111.0,6812.0,8578.66,145.20085353,62,0.00493215224064563
2019-06-01 16:00:00,0.528735200697681,96.0,13680.0,8556.27,131.80555895,62,0.0039617726467784725
2019-06-01 17:00:00,0.6081295014081645,105.0,8193.0,8511.46,389.28516641,62,0.0023212904267945022
2019-06-01 18:00:00,0.4976521624091547,85.0,6781.0,8481.49,256.53927327,62,0.006888106248619952
2019-06-01 19:00:00,0.3513926838337109,78.0,5011.0,8530.58,90.47862714,62,0.0035530617151587536
2019-06-01 20:00:00,0.4916556263461704,85.0,8467.0,8561.68,136.63230915,62,0.0031977081643990387
2019-06-01 21:00:00,0.6920665144907713,74.0,6013.0,8523.03,94.15886942,62,0.0034739439303517273
2019-06-01 22:00:00,0.3501707383075056,74.0,3611.0,8493.7,183.74689369,62,0.0042341204539078185
2019-06-01 23:00:00,0.7140615013588248,52.0,4970.0,8532.14,112.48685977,62,0.006110457798181632
2019-06-02 00:00:00,0.7186346233520865,69.0,5334.0,8550.41,182.34166479,63,0.0035368952986340645
2019-06-02 01:00:00,0.606662319508405,61.0,9233.0,8587.23,167.36124855,63,0.005562038513599413
2019-06-02 02:00:00,0.7567283673410277,57.0,4102.0,8582.42,262.86087067,63,0.005196264279571637
2019-06-02 03:00:00,0.4283870802449523,55.0,2384.0,8556.27,183.070755,63,0.004963719171098878
2019-06-02 04:00:00,0.8173581212904107,41.0,3222.0,8565.27,168.46036446,63,0.0038179010802628123
2019-06-02 05:00:00,0.5855214561616781,37.0,2239.0,8573.41,123.21069375,63,0.004064730816586686
2019-06-02 06:00:00,0.6574440549896133,51.0,2481.0,8562.47,38.44931142,63,0.002916130326855469
2019-06-02 07:00:00,0.874336770524862,82.0,4707.0,8558.9,36.42618288,63,0.0030818314895631107
2019-06-02 08:00:00,0.4157115216755739,80.0,6319.0,8583.11,52.96449749,63,0.002512846640330457
2019-06-02 09:00:00,0.7520895056438125,59.0,4378.0,8593.16,86.1681207,63,0.0034314175984666547
2019-06-02 10:00:00,0.6129480667353082,78.0,10342.0,8581.33,93.32665661,63,0.003294881664479851
2019-06-02 11:00:00,0.2724116972570486,94.0,7006.0,8706.31,531.2128314400001,63,0.009712995362677576
2019-06-02 12:00:00,0.1797043099652259,97.0,7727.0,8735.31,281.03789464,63,0.005835382635489339
2019-06-02 13:00:00,0.536248121776291,103.0,6695.0,8726.15,216.63361745,63,0.005122336048366824
2019-06-02 14:00:00,0.8807579522960696,103.0,5551.0,8729.5,211.35021405,63,0.003946080926326526
2019-06-02 15:00:00,0.4301325566809218,106.0,7651.0,8740.42,103.00992315,63,0.002746059430478127
2019-06-02 16:00:00,0.4945102125344272,91.0,5381.0,8805.88,578.44035428,63,0.005976270402845326
2019-06-02 17:00:00,0.4861231491531239,115.0,10346.0,8684.41,655.51830591,63,0.01320232392807231
2019-06-02 18:00:00,0.6009474383409276,96.0,5657.0,8692.95,243.31245284,63,0.004855663203219432
2019-06-02 19:00:00,0.4833036468093605,90.0,6829.0,8702.09,179.54053351,63,0.0041307977068175215
2019-06-02 20:00:00,0.8343570267216006,74.0,5938.0,8692.14,46.41493863,63,0.0050380732999914185
2019-06-02 21:00:00,0.4867237005990039,70.0,4192.0,8659.95,126.81799286,63,0.004977804014825786
2019-06-02 22:00:00,0.644836966429591,95.0,7077.0,8692.28,69.32823721,63,0.004761311643738443
2019-06-02 23:00:00,0.5474065687637985,82.0,5230.0,8680.63,34.22013874,63,0.0049648738030198345
2019-06-03 00:00:00,0.3604139794476426,62.0,3179.0,8687.74,84.75107743,66,0.0045433747138704265
2019-06-03 01:00:00,0.4608162936621594,57.0,2292.0,8716.13,86.92345648,66,0.0054885239623355155
2019-06-03 02:00:00,0.6480446453964607,74.0,3760.0,8739.94,116.27497952,66,0.00575877764092004
2019-06-03 03:00:00,0.6856239950063859,51.0,2925.0,8734.49,99.24338985,66,0.0037685106998673625
2019-06-03 04:00:00,0.4475672318563825,56.0,2663.0,8674.95,316.57705751,66,0.005466278266274621
2019-06-03 05:00:00,0.3447607588284556,48.0,2228.0,8685.17,198.35673552,66,0.008166724173992583
2019-06-03 06:00:00,0.0349291896128267,77.0,5674.0,8669.88,140.99524805,66,0.004666538066823096
2019-06-03 07:00:00,0.436334323131367,86.0,7427.0,8678.68,100.95261605,66,0.004237051563455022
2019-06-03 08:00:00,0.4771889203780345,89.0,4315.0,8683.19,70.78974955,66,0.0034994380360254844
2019-06-03 09:00:00,0.4119963103837663,74.0,2667.0,8586.94,377.57079955,66,0.00989314447005117
2019-06-03 10:00:00,0.5157550095625703,98.0,14186.0,8514.65,667.8091788700001,66,0.0122066896516735
2019-06-03 11:00:00,0.4876015693489624,85.0,6206.0,8462.32,896.53455279,66,0.01548030628048134
2019-06-03 12:00:00,0.6193311900144784,90.0,13345.0,8460.01,322.81659137,66,0.005039898616395429
2019-06-03 13:00:00,0.6447931984960311,119.0,9703.0,8466.98,466.663263,66,0.006109559255045652
2019-06-03 14:00:00,0.3971057000927582,141.0,8357.0,8536.75,298.18060763,66,0.0038866257610133547
2019-06-03 15:00:00,0.357608119631639,149.0,9604.0,8492.19,345.66187053,66,0.004629767821123854
2019-06-03 16:00:00,0.5387548227079961,127.0,6292.0,8530.0,445.67522464,66,0.009628164086571607
2019-06-03 17:00:00,0.8464107575420511,105.0,6620.0,8446.25,362.92450918,66,0.007074646125261547
2019-06-03 18:00:00,0.534679649634068,106.0,10441.0,8406.88,550.22712484,66,0.01259816210756373
2019-06-03 19:00:00,0.6998070976088547,111.0,10661.0,8478.56,946.13900246,66,0.013970799014883094
2019-06-03 20:00:00,0.6964422182459166,105.0,5527.0,8536.91,395.49446458,66,0.008739715772575178
2019-06-03 21:00:00,0.4640894955952371,109.0,6606.0,8473.71,167.72970444,66,0.005809450637586468
2019-06-03 22:00:00,0.2630941275003597,114.0,8353.0,8548.75,305.99414769,66,0.008321102814020697
2019-06-03 23:00:00,0.2514326936234425,130.0,6268.0,8567.64,136.96287844,66,0.0036989637643535965
2019-06-04 00:00:00,0.2596800147648333,188.0,12878.0,8550.77,148.47916318,42,0.0048313596915396375
2019-06-04 01:00:00,0.0918868777776358,82.0,9279.0,8495.0,209.27387734,42,0.007406785086533988
2019-06-04 02:00:00,0.2458325747383115,80.0,4893.0,8474.95,402.12623232,42,0.008246972473930038
2019-06-04 03:00:00,0.4313474051316143,80.0,3489.0,8103.64,1681.09801941,42,0.02391999464213744
2019-06-04 04:00:00,0.2392090078053372,78.0,4047.0,7947.25,2736.93005758,42,0.030906559355307346
2019-06-04 05:00:00,0.14410699858784,70.0,3667.0,7984.69,819.04531845,42,0.007815239167985233
2019-06-04 06:00:00,0.5522998695093728,83.0,4947.0,8020.0,253.51856038,42,0.007068910517200323
2019-06-04 07:00:00,0.5914626672091066,92.0,6447.0,7889.93,274.99818775,42,0.008613128543570171
2019-06-04 08:00:00,0.1164739975310103,81.0,5499.0,7944.34,464.05727829,42,0.010695690414216015
2019-06-04 09:00:00,0.3131548222578006,69.0,7338.0,7904.06,381.0990074,42,0.005698583484193319
2019-06-04 10:00:00,0.3951660571790779,89.0,9816.0,7838.62,1034.38826431,42,0.010267352769828864
2019-06-04 11:00:00,0.4867856647348637,95.0,5232.0,7858.87,880.26133818,42,0.012563445061789105
2019-06-04 12:00:00,0.5746598259149625,81.0,7101.0,7922.34,381.91810401,42,0.004834900126713442
2019-06-04 13:00:00,0.5007258383602138,95.0,14598.0,7943.0,184.67229108,42,0.007794813530556224
2019-06-04 14:00:00,0.6596078942887088,113.0,6339.0,7949.99,264.80035768,42,0.005305905434284835
2019-06-04 15:00:00,0.2496267387554328,130.0,9560.0,7903.21,240.69410471,42,0.005830056217920879
2019-06-04 16:00:00,0.3272134069340761,141.0,12513.0,7934.32,244.82199803,42,0.005871210595616041
2019-06-04 17:00:00,0.1798780453766025,129.0,11483.0,7997.73,719.31241622,42,0.0065733019745340526
2019-06-04 18:00:00,0.556962512598818,163.0,9260.0,7951.02,251.34537294,42,0.003028103253668745
2019-06-04 19:00:00,0.4022117439801559,115.0,6935.0,7933.48,373.96630467,42,0.008525648853615732
2019-06-04 20:00:00,0.3584420047477745,128.0,7459.0,7908.79,334.42175908,42,0.0063475418092192055
2019-06-04 21:00:00,0.3424665364703105,120.0,12636.0,7595.96,1330.88784076,42,0.022103974615079455
2019-06-04 22:00:00,0.3492792649466619,113.0,10305.0,7661.05,587.22182207,42,0.011651092434407522
2019-06-04 23:00:00,0.3266342906592922,68.0,3320.0,7602.6,1410.08058551,42,0.015846084676674622
2019-06-05 00:00:00,0.2556859205186026,85.0,3971.0,7645.86,456.41015489,27,0.009196000830984565
2019-06-05 01:00:00,0.2664486356762853,79.0,4473.0,7449.68,754.76726275,27,0.016788881583687413
2019-06-05 02:00:00,0.5679650610256688,80.0,4512.0,7643.81,929.84718535,27,0.015893641829899285
2019-06-05 03:00:00,0.5702326157197473,63.0,3618.0,7665.53,176.23657812,27,0.0065007016345685585
2019-06-05 04:00:00,0.7137920126899755,50.0,3374.0,7747.96,506.86219853,27,0.008884212176797655
2019-06-05 05:00:00,0.8668208154729024,57.0,3217.0,7750.63,252.09880559,27,0.005923917063090425
2019-06-05 06:00:00,0.2560867032753773,49.0,2130.0,7833.04,380.87496234,27,0.00758512065510087
2019-06-05 07:00:00,0.4170579577007204,55.0,4876.0,7793.21,172.56402055,27,0.004079197748439758
2019-06-05 08:00:00,0.4088940315093046,66.0,5882.0,7793.08,217.7036453,27,0.0059085222344869345
2019-06-05 09:00:00,0.2978562844518022,62.0,14171.0,7748.65,275.69470686,27,0.006610084749346138
2019-06-05 10:00:00,0.4139376466358972,59.0,3263.0,7751.99,295.806802,27,0.008001045805433428
2019-06-05 11:00:00,0.5831432177339223,76.0,3728.0,7821.24,401.68866826,27,0.007352040439290561
2019-06-05 12:00:00,0.6911186456511822,94.0,9310.0,7811.97,306.13752196,27,0.005646208107973391
2019-06-05 13:00:00,0.5856978192494942,90.0,5627.0,7800.28,303.37264055,27,0.006039383856481983
2019-06-05 14:00:00,0.2718631136043508,98.0,7700.0,7858.08,445.92930044,27,0.009575639420828933
2019-06-05 15:00:00,0.3573081215337649,118.0,7274.0,7784.9,491.79986391,27,0.011119939897301798
2019-06-05 16:00:00,0.4611910976949423,102.0,5394.0,7771.58,300.94008164,27,0.00703735853688846
2019-06-05 17:00:00,0.2473130736916334,106.0,7054.0,7771.95,255.27971297,27,0.004758281208840974
2019-06-05 18:00:00,0.5541327823049852,86.0,4407.0,7694.16,988.60346579,27,0.012289352828917298
2019-06-05 19:00:00,0.403149739653808,104.0,6753.0,7636.56,580.38210187,27,0.013657408671864194
2019-06-05 20:00:00,0.6466204205465056,114.0,7287.0,7754.55,343.3720373,27,0.009095194664701605
2019-06-05 21:00:00,0.5857661157273116,80.0,4621.0,7797.61,438.10454139,27,0.01014109227985153
2019-06-05 22:00:00,0.4831493211001489,67.0,3636.0,7768.04,206.63327967,27,0.006164570086605696
2019-06-05 23:00:00,0.5866328273422665,71.0,6591.0,7789.05,292.16152094,27,0.007353537331440295
2019-06-06 00:00:00,0.420562178229826,78.0,3392.0,7723.4,838.33510052,34,0.023193028274165736
2019-06-06 01:00:00,0.292817925284121,60.0,2490.0,7735.0,346.53250644,34,0.013690245539243051
2019-06-06 02:00:00,0.5518274463006527,50.0,5925.0,7785.27,256.82129541,34,0.009279627948272891
2019-06-06 03:00:00,0.6618008016220855,49.0,3522.0,7785.94,296.01310741,34,0.006271788065650151
2019-06-06 04:00:00,0.4813055044184385,49.0,4044.0,7799.38,300.331757,34,0.00683284696853468
2019-06-06 05:00:00,0.7666340979538113,51.0,2358.0,7839.35,186.9216242,34,0.007856147301152822
2019-06-06 06:00:00,0.6888591418151998,47.0,5320.0,7818.8,122.1022077,34,0.004697429693126555
2019-06-06 07:00:00,0.4451312256787562,48.0,3227.0,7855.29,87.9239051,34,0.004747528572175293
2019-06-06 08:00:00,0.3991536220947809,61.0,2404.0,7828.99,82.37897239,34,0.00429106648655773
2019-06-06 09:00:00,0.3657265969099278,52.0,3096.0,7793.42,165.68878954000002,34,0.0066361880262442805
2019-06-06 10:00:00,0.5680023219361502,67.0,4991.0,7818.01,140.7072294,34,0.002895721681215279
2019-06-06 11:00:00,0.5835542785306592,102.0,4649.0,7767.8,152.27332212,34,0.004906278907508867
2019-06-06 12:00:00,0.5406967067685579,126.0,10346.0,7808.72,197.5603847,34,0.005694930278440369
2019-06-06 13:00:00,0.2867285955000402,97.0,7036.0,7775.23,144.09314781,34,0.0034624764453432683
2019-06-06 14:00:00,0.3994104409439671,132.0,9109.0,7808.46,148.99267871,34,0.0038870891862151317
2019-06-06 15:00:00,0.3257948679931108,115.0,9538.0,7850.71,247.32730724,34,0.004001478728077336
2019-06-06 16:00:00,0.3446575801240655,120.0,6406.0,7762.1,546.8627641100001,34,0.011414508691380082
2019-06-06 17:00:00,0.5726706897068725,101.0,5080.0,7739.71,543.67759506,34,0.010148827347258976
2019-06-06 18:00:00,0.4823760974152077,125.0,10364.0,7696.53,408.82265022,34,0.013667456177272686
2019-06-06 19:00:00,0.567711442124013,132.0,11682.0,7716.07,385.0854722,34,0.004915440292976515
2019-06-06 20:00:00,0.604412002766957,106.0,7945.0,7713.23,247.89684976,34,0.004046808315116843
2019-06-06 21:00:00,0.3108346714454408,92.0,4040.0,7654.3,259.04476247,34,0.005190084016797662
2019-06-06 22:00:00,0.5440766428017381,95.0,6209.0,7595.09,2053.89378478,34,0.019217856315092322
2019-06-06 23:00:00,0.3611485364152719,75.0,4396.0,7597.75,287.19736881,34,0.005512567239905431
2019-06-07 00:00:00,0.4322409518952481,66.0,3235.0,7693.16,486.98778003,27,0.01045728923747171
2019-06-07 01:00:00,0.2396815780296345,50.0,3116.0,7743.99,440.89188519,27,0.003800392612304144
2019-06-07 02:00:00,0.2142257902630595,45.0,1947.0,7727.99,389.62850514,27,0.0025907777907888544
2019-06-07 03:00:00,0.5689879177420062,50.0,2428.0,7806.07,712.37561528,27,0.008067779706508803
2019-06-07 04:00:00,0.428462089753188,43.0,1459.0,7789.06,162.7424857,27,0.005040553951889739
2019-06-07 05:00:00,0.6952407672821127,53.0,3507.0,7799.43,345.40871597,27,0.003734665770405882
2019-06-07 06:00:00,0.3733287033168201,71.0,5800.0,7774.96,100.63317439,27,0.004263091959281858
2019-06-07 07:00:00,0.7028905164119407,81.0,4373.0,7807.88,132.54538781,27,0.004194068386000813
2019-06-07 08:00:00,0.473812465889441,79.0,4696.0,7793.79,142.66001406,27,0.0043307568133217145
2019-06-07 09:00:00,0.6111140219102853,65.0,5079.0,7811.44,678.7905681100001,27,0.0029104981588556644
2019-06-07 10:00:00,0.6212196115324632,85.0,4632.0,7930.98,866.0621075199999,27,0.010382591274207086
2019-06-07 11:00:00,0.5247768237006248,102.0,6839.0,7947.57,599.15528664,27,0.009706766772957178
2019-06-07 12:00:00,0.6466577082131282,100.0,11608.0,7977.76,334.28193097,27,0.008443302236726676
2019-06-07 13:00:00,0.6728747321259336,103.0,9234.0,7960.29,219.36363301,27,0.00544989560294312
2019-06-07 14:00:00,0.613861935136241,118.0,6846.0,7962.78,267.28062711,27,0.0029860596460357263
2019-06-07 15:00:00,0.5699246890636146,113.0,11160.0,7923.47,240.97749092,27,0.005365526792460713
2019-06-07 16:00:00,0.6470786535973222,139.0,15410.0,7926.43,203.7168917,27,0.0035183961076302385
2019-06-07 17:00:00,0.7392456790350247,114.0,8686.0,7983.61,202.22683954,27,0.005024737676539145
2019-06-07 18:00:00,0.7022678837822683,94.0,5755.0,7937.19,166.71250582,27,0.003083658054320865
2019-06-07 19:00:00,0.6537819802235978,112.0,9615.0,7942.42,728.19380219,27,0.0035387158212942583
2019-06-07 20:00:00,0.5451412432579985,110.0,9859.0,8060.81,858.81044345,27,0.013922239439624378
2019-06-07 21:00:00,0.3629006493466042,90.0,9645.0,8092.71,272.9914378,27,0.004452966992116988
2019-06-07 22:00:00,0.5286108985385408,74.0,8183.0,8089.0,272.7317366,27,0.004964979380857796
2019-06-07 23:00:00,0.4707428213123243,75.0,5386.0,7970.65,650.85499247,27,0.008766769851984003
2019-06-08 00:00:00,0.6265889682010387,58.0,6204.0,7915.0,948.75191115,62,0.013232057842023727
2019-06-08 01:00:00,0.2340585307752551,55.0,3408.0,7956.05,204.32464658,62,0.0072310010117920265
2019-06-08 02:00:00,0.137249309099309,39.0,2179.0,8026.87,270.93827833,62,0.006200622516355747
2019-06-08 03:00:00,0.3478829037476139,50.0,3495.0,8001.25,141.94125161,62,0.006949806178691971
2019-06-08 04:00:00,0.7327311523738743,42.0,5313.0,8050.62,58.17053813,62,0.0060786577294516
2019-06-08 05:00:00,0.3706795423440795,45.0,1554.0,7976.82,126.54224207,62,0.004786344451136112
2019-06-08 06:00:00,0.7380735590710051,41.0,3586.0,7985.63,140.03574721,62,0.003343756066954674
2019-06-08 07:00:00,0.2871373795503244,65.0,3017.0,7961.88,49.97798255,62,0.002607015203406195
2019-06-08 08:00:00,0.8423513845629608,61.0,5397.0,8000.0,141.7198993,62,0.0019139888097953828
2019-06-08 09:00:00,0.4758502148030694,48.0,2715.0,7969.65,250.16357126,62,0.006263171264657712
2019-06-08 10:00:00,0.5654554001929483,70.0,5917.0,7915.25,357.45029131,62,0.006112758755329181
2019-06-08 11:00:00,0.6465663125013195,60.0,4550.0,7942.89,206.70484454,62,0.005348694654407107
2019-06-08 12:00:00,0.4415890375748209,73.0,4364.0,7975.46,183.64146257,62,0.005813564104485517
2019-06-08 13:00:00,0.3565575947187137,81.0,6982.0,8002.58,69.07277963,62,0.0036081411464055557
2019-06-08 14:00:00,0.4252300610578393,109.0,7303.0,7989.72,98.38822603,62,0.0051151467132374276
2019-06-08 15:00:00,0.7112273914319611,82.0,5526.0,8017.15,61.24141651,62,0.002644703150194784
2019-06-08 16:00:00,0.6374894283959163,82.0,6689.0,7948.87,625.5069703199999,62,0.007779081683781724
2019-06-08 17:00:00,0.7441613904038752,85.0,5343.0,7970.7,55.22879,62,0.0048221112727746636
2019-06-08 18:00:00,0.5618850319235309,72.0,5021.0,7936.7,77.00729721,62,0.0047331436326882165
2019-06-08 19:00:00,0.9760593447637068,78.0,5610.0,7941.78,338.59983896,62,0.008000665547286156
2019-06-08 20:00:00,0.654455639060671,56.0,4591.0,7853.18,631.31606305,62,0.009477067649692777
2019-06-08 21:00:00,0.1822097149938293,92.0,6824.0,7844.53,664.06758739,62,0.007300599348061904
2019-06-08 22:00:00,0.5507064769108415,50.0,2857.0,7835.18,338.00338975,62,0.006513707727370317
2019-06-08 23:00:00,0.6233125116131522,57.0,8294.0,7834.93,66.41130989,62,0.0031002330325251098
2019-06-09 00:00:00,0.42801891009573,44.0,3813.0,7874.16,73.45179922,62,0.0019951986524199836
2019-06-09 01:00:00,0.7142771364697986,51.0,4110.0,7885.06,137.450402,62,0.004158499961353822
2019-06-09 02:00:00,0.4904494210837163,64.0,2069.0,7935.9,72.47119596,62,0.0037915992262331677
2019-06-09 03:00:00,0.3810753615680951,41.0,1370.0,7932.27,47.49192255,62,0.0039832562180164115
2019-06-09 04:00:00,0.9533493683904914,43.0,4209.0,7903.91,69.61507518,62,0.007038656518468263
2019-06-09 05:00:00,0.7645450388915707,41.0,1546.0,7895.59,55.89332866,62,0.00509455501448339
2019-06-09 06:00:00,0.5375214079883879,40.0,3778.0,7865.69,94.19965538,62,0.0029818824117157122
2019-06-09 07:00:00,0.4770305600053149,46.0,1396.0,7892.67,49.01047366,62,0.0036283227323970746
2019-06-09 08:00:00,0.6467358794512625,63.0,4580.0,7900.22,23.37220497,62,0.0028570122772521088
2019-06-09 09:00:00,0.5652910639203836,83.0,7007.0,7905.63,32.3123349,62,0.0022208910272207153
2019-06-09 10:00:00,0.6719439426653829,50.0,4988.0,7890.45,56.71445044,62,0.002944603206337329
2019-06-09 11:00:00,0.6527727421570935,53.0,7137.0,7914.38,90.53654391,62,0.005028541449553713
2019-06-09 12:00:00,0.3763629518139755,75.0,3463.0,7920.1,45.06644222,62,0.004553718653358493
2019-06-09 13:00:00,0.5661234814125458,86.0,5625.0,7900.03,54.468074130000005,62,0.003323130976551482
2019-06-09 14:00:00,0.500707713108467,79.0,5239.0,7895.43,62.15414551,62,0.003380027592420306
2019-06-09 15:00:00,0.3914613795224544,83.0,6897.0,7875.06,112.31836548,62,0.003960347475699071
2019-06-09 16:00:00,0.5929088095067473,91.0,5018.0,7763.05,569.24657886,62,0.010636400637163992
2019-06-09 17:00:00,0.327092648715683,85.0,3922.0,7764.78,323.21188124,62,0.007320712079348089
2019-06-09 18:00:00,0.5688970788707188,96.0,6275.0,7783.07,234.98366848,62,0.007539773826477826
2019-06-09 19:00:00,0.2923027957751523,81.0,5632.0,7746.91,87.11741,62,0.003264058828464819
2019-06-09 20:00:00,0.5604107223993964,82.0,7991.0,7652.09,442.56557065,62,0.011149703342561202
2019-06-09 21:00:00,0.6873571194847333,69.0,7864.0,7651.62,214.805325,62,0.0078072167646215385
2019-06-09 22:00:00,0.2714030235938116,63.0,4089.0,7686.19,91.74782541,62,0.004475551395375832
2019-06-09 23:00:00,0.3362293081973296,56.0,4054.0,7748.57,283.55222258,62,0.005463094748464124
2019-06-10 00:00:00,0.395996933618737,68.0,2146.0,7720.04,112.46560494,46,0.004878377674488576
2019-06-10 01:00:00,0.768278025936573,47.0,2547.0,7638.0,177.41216786,46,0.009864765477745598
2019-06-10 02:00:00,0.5450508430611685,51.0,2581.0,7588.82,455.50506436,46,0.01110389593840354
2019-06-10 03:00:00,0.3521929666382233,39.0,1503.0,7632.99,157.57369156,46,0.009512764017506717
2019-06-10 04:00:00,0.4646854840074866,42.0,2399.0,7601.09,390.40977015,46,0.010926343620202918
2019-06-10 05:00:00,0.519813124619923,38.0,2125.0,7620.55,131.72363851,46,0.007599697462290835
2019-06-10 06:00:00,0.5876603506032454,66.0,4740.0,7643.45,125.11168269,46,0.006309056639738402
2019-06-10 07:00:00,0.4820130422761647,75.0,4389.0,7660.92,86.88012119,46,0.004265052427040908
2019-06-10 08:00:00,0.9065102784212414,76.0,4885.0,7650.14,53.95530932,46,0.005067250758675958
2019-06-10 09:00:00,0.7292883938255943,95.0,9647.0,7640.75,88.11390394,46,0.0033238824126003985
2019-06-10 10:00:00,0.6672678142360906,62.0,3829.0,7707.0,509.9269512400001,46,0.00679623634623801
2019-06-10 11:00:00,0.6326353305382962,115.0,10363.0,7715.93,410.81093756,46,0.004362695994746505
2019-06-10 12:00:00,0.3869980394709956,126.0,12374.0,7723.16,72.05075668,46,0.003347848028233635
2019-06-10 13:00:00,0.5562630444924591,131.0,13926.0,7711.97,232.05871256,46,0.0028428643558676006
2019-06-10 14:00:00,0.6873897477447748,120.0,8450.0,7667.45,599.22658785,46,0.005317822805883235
2019-06-10 15:00:00,0.5879014047896425,134.0,17104.0,7943.08,948.1342356,46,0.02498950755983437
2019-06-10 16:00:00,0.6288344283421088,103.0,5883.0,7996.01,871.29304045,46,0.012878418764706055
2019-06-10 17:00:00,0.7038836282213977,118.0,7851.0,7947.72,387.3445946,46,0.006412608541673988
2019-06-10 18:00:00,0.5343147425915157,110.0,8800.0,7953.24,318.37717033,46,0.003849810967854467
2019-06-10 19:00:00,0.5858288269567858,127.0,8697.0,7947.0,354.30053092,46,0.006232935620041971
2019-06-10 20:00:00,0.4269908295055278,100.0,8450.0,7942.43,304.20446747,46,0.006995475752323481
2019-06-10 21:00:00,0.4920100549357538,78.0,5961.0,7945.0,186.51387662,46,0.003692589740383623
2019-06-10 22:00:00,0.5272562987075612,100.0,11700.0,7960.0,114.8602756,46,0.00457291952307681
2019-06-10 23:00:00,0.5849851313313652,83.0,3743.0,7979.84,183.2728435,46,0.006610602631020745
2019-06-11 00:00:00,0.8373079640143516,69.0,4465.0,7945.74,238.83872706,61,0.0090710393979283
2019-06-11 01:00:00,0.6757816725809377,48.0,3848.0,7951.6,219.79407763,61,0.004433257030018615
2019-06-11 02:00:00,0.6208201995741601,52.0,3022.0,7954.62,186.76103458,61,0.0046549163904815285
2019-06-11 03:00:00,0.4265620673263786,57.0,2610.0,8021.1,136.6310515,61,0.005242444828876141
2019-06-11 04:00:00,0.5538545875611021,45.0,2907.0,8001.95,269.654514,61,0.008490472036120935
2019-06-11 05:00:00,0.4508930702012786,50.0,14407.0,7975.0,130.34314962,61,0.003426732587762426
2019-06-11 06:00:00,0.8668649478977521,54.0,2507.0,7963.37,83.04706949,61,0.004275671759785809
2019-06-11 07:00:00,0.925893300500008,79.0,6980.0,7969.07,60.48323926,61,0.0027079993135326235
2019-06-11 08:00:00,0.4053774277024977,58.0,2860.0,7948.63,71.19727123,61,0.002108219858358937
2019-06-11 09:00:00,0.7909369923887415,88.0,8566.0,7956.96,278.86345281,61,0.0033047718982226323
2019-06-11 10:00:00,0.5020594779668042,99.0,7487.0,7937.05,138.22933472,61,0.0028945931439480865
2019-06-11 11:00:00,0.4901608906371103,76.0,6445.0,7942.71,279.92425461,61,0.004906197857779263
2019-06-11 12:00:00,0.3572246900059049,107.0,7543.0,7960.41,150.48092337,61,0.0031428577000064866
2019-06-11 13:00:00,0.5349322197582953,95.0,6108.0,7934.3,188.62546549,61,0.0035545809898364315
2019-06-11 14:00:00,0.3535105124740724,132.0,7688.0,7825.67,604.7575455699999,61,0.013457358359496093
2019-06-11 15:00:00,0.5644486249648912,99.0,6828.0,7794.0,314.3419803,61,0.008603515192560002
2019-06-11 16:00:00,0.70938714951251,116.0,8822.0,7791.72,135.19894261,61,0.004199939277395627
2019-06-11 17:00:00,0.4580944936582063,89.0,5947.0,7815.71,337.65438119000004,61,0.002940458853379631
2019-06-11 18:00:00,0.5918733186350096,116.0,10149.0,7797.42,256.65397591,61,0.006973898198754228
2019-06-11 19:00:00,0.4978385351615425,114.0,7182.0,7790.65,187.2284407,61,0.004741417888849893
2019-06-11 20:00:00,0.7878813933130164,107.0,5268.0,7864.59,654.0378907,61,0.01481139362577429
2019-06-11 21:00:00,0.6831803311737008,64.0,3008.0,7887.67,272.23731905,61,0.006087104860589404
2019-06-11 22:00:00,0.5717191062439347,82.0,5383.0,7886.36,169.9399494,61,0.0058461367491627276
2019-06-11 23:00:00,0.5380919962369904,48.0,2562.0,7898.3,117.41001575,61,0.003803585536231764
2019-06-12 00:00:00,0.5567815326218732,75.0,3114.0,7933.0,494.54742462,60,0.007903611550160774
2019-06-12 01:00:00,0.6729187395478289,50.0,2293.0,7912.87,119.39906894,60,0.0034806934728091937
2019-06-12 02:00:00,0.5459620821044175,71.0,5093.0,7912.79,95.77057302,60,0.0031667831100223925
2019-06-12 03:00:00,0.5318774535785281,70.0,4938.0,7919.1,142.66185535,60,0.003214003781366622
2019-06-12 04:00:00,0.7379172037650983,59.0,3543.0,7832.62,310.85979543,60,0.006954170508146597
2019-06-12 05:00:00,0.8014824558423073,65.0,2585.0,7859.65,138.06442552,60,0.00452637922495964
2019-06-12 06:00:00,0.688302659127335,60.0,3608.0,8030.85,608.05475859,60,0.012083244067540138
2019-06-12 07:00:00,0.598864984436836,93.0,8130.0,7991.83,607.4377849,60,0.011112926554615465
2019-06-12 08:00:00,0.6163277634424716,91.0,5421.0,7993.88,165.49238402,60,0.004264548023513461
2019-06-12 09:00:00,0.5005044430028339,96.0,5707.0,7977.02,135.70109753,60,0.003996833769981392
2019-06-12 10:00:00,0.7967553866897166,68.0,4179.0,7953.74,163.02382201,60,0.002325732092894655
2019-06-12 11:00:00,0.5160890032125643,90.0,7454.0,8001.47,200.30691495,60,0.0040990990263721425
2019-06-12 12:00:00,0.6181092704948673,112.0,12252.0,7978.92,109.71088998,60,0.003658710497349349
2019-06-12 13:00:00,0.5949341150682643,116.0,9242.0,7968.28,505.63179974,60,0.006615169573345196
2019-06-12 14:00:00,0.6008572064689086,127.0,9977.0,7990.0,581.4043593600001,60,0.008991602558177266
2019-06-12 15:00:00,0.5289263854030736,167.0,11429.0,7998.74,279.30534525,60,0.0050325475074418195
2019-06-12 16:00:00,0.62751784360177,163.0,8413.0,8011.73,278.4678025,60,0.006123521145400203
2019-06-12 17:00:00,0.4135036903357039,117.0,7444.0,8016.06,198.87897311,60,0.003917334782011785
2019-06-12 18:00:00,0.3830973431292038,113.0,5031.0,8021.29,616.80804803,60,0.010731243152484193
2019-06-12 19:00:00,0.6925089137749005,104.0,7070.0,8191.52,1527.56770567,60,0.017048509041764196
2019-06-12 20:00:00,0.4284149584035954,124.0,10355.0,8175.0,657.58204861,60,0.004935946700273928
2019-06-12 21:00:00,0.7499888313798432,89.0,5639.0,8160.0,457.86567232,60,0.005666064204726871
2019-06-12 22:00:00,0.493552260598131,80.0,3973.0,8149.4,102.01573715,60,0.0027255865312512126
2019-06-12 23:00:00,0.5658617844169757,87.0,9843.0,8175.0,162.88134896,60,0.0036484296213642018
2019-06-13 00:00:00,0.5032245384197405,69.0,4879.0,8121.72,312.45250629,63,0.006306558088653651
2019-06-13 01:00:00,0.7263938797627312,53.0,1981.0,8158.38,60.07424966,63,0.003079945452831795
2019-06-13 02:00:00,0.1493178461590644,50.0,5213.0,8160.88,160.91890422,63,0.0034101627094093494
2019-06-13 03:00:00,0.2405417296033001,53.0,2161.0,8176.27,236.65612307,63,0.0047342271217174995
2019-06-13 04:00:00,0.605225225820618,47.0,2254.0,8169.9,657.92494069,63,0.0048499084285380635
2019-06-13 05:00:00,0.7516394548517563,57.0,6937.0,8140.94,109.97032485,63,0.003572276617781009
2019-06-13 06:00:00,0.3822558227484807,66.0,4608.0,8098.08,149.58863637,63,0.002222988079404126
2019-06-13 07:00:00,0.7618589785844327,78.0,6943.0,8118.55,231.65207349,63,0.007293868022038642
2019-06-13 08:00:00,0.4596380714599228,83.0,7153.0,8138.46,124.99327055,63,0.00436666688911188
2019-06-13 09:00:00,0.6773194735449972,88.0,7577.0,8127.41,159.04443771,63,0.0024312537127092956
2019-06-13 10:00:00,0.5935443974754849,101.0,6916.0,8123.42,128.40712631,63,0.0036949560348182877
2019-06-13 11:00:00,0.5913950996136564,108.0,7427.0,8132.26,149.94035645,63,0.0027727926129389757
2019-06-13 12:00:00,0.5603031255493793,98.0,4307.0,8131.55,230.06386884,63,0.003469709530687459
2019-06-13 13:00:00,0.5813139887085382,151.0,15066.0,8109.6,318.90598388,63,0.005502221317375692
2019-06-13 14:00:00,0.6292000786486663,129.0,11538.0,8096.58,332.95313266,63,0.003860352269264419
2019-06-13 15:00:00,0.3140931586407804,125.0,7832.0,8125.0,281.89194428,63,0.001966159894419204
2019-06-13 16:00:00,0.2740299085358327,94.0,4839.0,8113.25,482.37129083,63,0.00920066202501879
2019-06-13 17:00:00,0.8476541758605213,115.0,8904.0,8155.92,529.64942808,63,0.007129690229960728
2019-06-13 18:00:00,0.5764559534102229,106.0,6683.0,8158.21,101.84939484,63,0.0033673518405986477
2019-06-13 19:00:00,0.6873870687351953,169.0,13445.0,8193.75,420.50144877,63,0.006043677675989287
2019-06-13 20:00:00,0.5430831317722163,104.0,6218.0,8174.1,135.01546141,63,0.003184485688713369
2019-06-13 21:00:00,0.4966052412438086,123.0,8564.0,8189.46,162.71486493999998,63,0.0016210817201080796
2019-06-13 22:00:00,0.628457037194665,69.0,8149.0,8278.95,760.74721872,63,0.006882199870941782
2019-06-13 23:00:00,0.5024889986357344,69.0,3553.0,8244.48,507.02810478,63,0.005598659596471437
2019-06-14 00:00:00,0.440339635937048,70.0,6944.0,8257.44,204.67271066,67,0.004327343682125745
2019-06-14 01:00:00,0.8030541976823811,51.0,3475.0,8327.58,332.43949478,67,0.0038548436260132245
2019-06-14 02:00:00,0.4393874511302675,51.0,4478.0,8258.74,529.92898468,67,0.006391901327305246
2019-06-14 03:00:00,0.4014041737830082,46.0,2167.0,8238.0,195.54589238,67,0.005824746653845635
2019-06-14 04:00:00,0.1410001146995065,45.0,1869.0,8221.88,139.23483211,67,0.0038652964760020887
2019-06-14 05:00:00,0.8821613650597914,48.0,3998.0,8193.82,232.168259,67,0.004721677695559032
2019-06-14 06:00:00,1.06199453205616,72.0,5958.0,8205.69,242.06122347,67,0.002319242108622456
2019-06-14 07:00:00,0.3664616752074494,87.0,14626.0,8210.41,114.48104977,67,0.002753071273114253
2019-06-14 08:00:00,0.8970883719997499,84.0,7171.0,8243.55,101.13239565,67,0.003652953484141692
2019-06-14 09:00:00,0.2870114191575032,75.0,4840.0,8236.54,107.64615694,67,0.00273502823883778
2019-06-14 10:00:00,0.6382966645239018,90.0,6700.0,8226.58,348.63761238,67,0.0028070184869241964
2019-06-14 11:00:00,0.4404876077345436,95.0,12474.0,8264.58,309.10434894,67,0.00199590603742486
2019-06-14 12:00:00,0.4299834941626073,112.0,14730.0,8291.0,362.46104229,67,0.0063139172513639675
2019-06-14 13:00:00,0.6966736253144459,183.0,14902.0,8305.0,530.8891999699999,67,0.004327649063792758
2019-06-14 14:00:00,0.646547204867096,145.0,10546.0,8301.4,401.82287369,67,0.0036344259250987907
2019-06-14 15:00:00,0.5186743019398637,148.0,11701.0,8277.07,252.58185183,67,0.0035377398695300346
2019-06-14 16:00:00,0.385936362601283,110.0,6558.0,8366.0,645.77717147,67,0.006240448048930129
2019-06-14 17:00:00,0.4102171211981547,101.0,7440.0,8404.42,577.03706055,67,0.00791055062191563
2019-06-14 18:00:00,0.7167819891622724,100.0,8734.0,8400.84,420.52371454,67,0.004693196356716379
2019-06-14 19:00:00,0.4291006284297949,91.0,5523.0,8415.54,625.60780159,67,0.006257061948260029
2019-06-14 20:00:00,0.5828512392703415,111.0,8825.0,8363.21,352.77434954,67,0.005327675895387464
2019-06-14 21:00:00,0.416960138619438,160.0,11848.0,8398.85,157.36878759,67,0.002795474794824494
2019-06-14 22:00:00,0.207439015945381,105.0,6056.0,8421.88,73.5001456,67,0.0031074675999982937
2019-06-14 23:00:00,0.5505230381885359,97.0,6916.0,8416.01,155.15778853,67,0.005854857467600405
2019-06-15 00:00:00,0.7648701232093029,75.0,5735.0,8452.0,192.12435874,75,0.003822463642162831
2019-06-15 01:00:00,0.6046414842541855,66.0,3604.0,8627.93,1550.20425462,75,0.011284067497054948
2019-06-15 02:00:00,0.4494469447808132,77.0,5004.0,8671.29,464.7697337,75,0.00555343383630096
2019-06-15 03:00:00,0.3658791962570647,51.0,2651.0,8697.54,321.18429379,75,0.007767311257304568
2019-06-15 04:00:00,0.2673903755542994,37.0,2962.0,8634.1,189.87973352,75,0.0050606105828274305
2019-06-15 05:00:00,0.4365404446454953,64.0,3950.0,8634.18,244.95217641,75,0.003743819222066627
2019-06-15 06:00:00,0.5089399005911129,58.0,2992.0,8668.95,351.73118151,75,0.004938539130602146
2019-06-15 07:00:00,0.8865056032171347,62.0,3585.0,8646.1,153.37043356,75,0.0033627682461990463
2019-06-15 08:00:00,0.6675568466686842,86.0,9911.0,8650.22,79.47381535,75,0.0026925940628828946
2019-06-15 09:00:00,0.6229450465027953,68.0,4311.0,8708.34,186.60008513,75,0.003736401658670927
2019-06-15 10:00:00,0.581487274507651,70.0,4568.0,8694.32,423.37484216,75,0.007351954919470103
2019-06-15 11:00:00,0.6175994400177821,83.0,6128.0,8712.65,266.52213411,75,0.005208955772479835
2019-06-15 12:00:00,0.4462215040938115,85.0,3587.0,8695.0,141.30896513,75,0.0034311896748126353
2019-06-15 13:00:00,0.7104648804718594,96.0,8009.0,8659.5,118.15341391,75,0.0014645270645844435
2019-06-15 14:00:00,0.4600995577921663,93.0,7424.0,8684.85,157.49996670000002,75,0.004238390657920562
2019-06-15 15:00:00,0.8595119302432388,119.0,9286.0,8670.98,108.85741613,75,0.002515484467233455
2019-06-15 16:00:00,0.6529671257222062,120.0,12956.0,8642.17,160.98948686,75,0.0030943628673843863
2019-06-15 17:00:00,0.6254682052224892,123.0,13964.0,8662.39,145.41866156,75,0.0025371216250706396
2019-06-15 18:00:00,0.6313534423716043,126.0,9112.0,8708.44,125.07069778,75,0.005100492903737421
2019-06-15 19:00:00,0.5353741861795129,123.0,10118.0,8790.27,461.55548182,75,0.008518444219643522
2019-06-15 20:00:00,0.6575173822508912,89.0,8044.0,8861.22,487.42480243,75,0.009949200064703564
2019-06-15 21:00:00,0.6229167986769467,80.0,5944.0,8822.25,364.92970822,75,0.006181679461260375
2019-06-15 22:00:00,0.6646147054769913,70.0,7321.0,8823.71,231.63769688,75,0.0048064581535843445
2019-06-15 23:00:00,0.3602147168977187,79.0,9141.0,8859.88,168.13182192,75,0.004431368683309462
2019-06-16 00:00:00,0.460024742212093,55.0,2573.0,8803.26,307.9856101,80,0.007055192512348492
2019-06-16 01:00:00,0.6703173331759631,117.0,13249.0,8826.05,91.72619269,80,0.003985759603907005
2019-06-16 02:00:00,0.8984015173473692,111.0,8823.0,8828.35,113.15398147,80,0.003630797884337206
2019-06-16 03:00:00,0.3242464824608705,57.0,2309.0,8857.19,196.00476375,80,0.003648737986820736
2019-06-16 04:00:00,0.5019003772693235,68.0,6835.0,8834.78,183.06634074,80,0.004293534683271208
2019-06-16 05:00:00,0.6383672718124678,152.0,23905.0,8966.94,1090.31802005,80,0.014183315278688512
2019-06-16 06:00:00,0.2616038449036166,145.0,14099.0,8976.07,454.51146635,80,0.005569652211805533
2019-06-16 07:00:00,0.4200906983144875,85.0,6513.0,9014.6,245.70163217,80,0.003731227394874004
2019-06-16 08:00:00,0.5283832763657049,124.0,7801.0,9098.69,499.55889859,80,0.010629065368344414
2019-06-16 09:00:00,0.4766090613730852,104.0,6820.0,9335.73,1589.4445957,80,0.01127975511802215
2019-06-16 10:00:00,0.4857072479063786,95.0,6864.0,9333.0,884.3472993,80,0.013065732710100397
2019-06-16 11:00:00,0.6569295757508009,92.0,8025.0,9335.0,664.73847576,80,0.005562123707845219
2019-06-16 12:00:00,0.6765856313917226,92.0,10809.0,9093.3,1624.30189913,80,0.0268339677640349
2019-06-16 13:00:00,0.4917763650982339,116.0,7407.0,9126.32,1027.9307035,80,0.011359587412531914
2019-06-16 14:00:00,0.4496101638597873,153.0,10610.0,9143.83,482.53124981,80,0.007793549447467912
2019-06-16 15:00:00,0.8492848396503107,122.0,11956.0,9138.72,630.00749894,80,0.007981399999513148
2019-06-16 16:00:00,0.6934633461388972,128.0,8441.0,9074.27,307.82650307,80,0.006140065144118053
2019-06-16 17:00:00,0.7362354167113369,116.0,11110.0,9246.57,784.91168561,80,0.015109987939216321
2019-06-16 18:00:00,0.6840779650055306,101.0,8525.0,9260.47,619.39053475,80,0.007866019065778189
2019-06-16 19:00:00,0.5137269055520551,102.0,21695.0,9240.83,356.38732034000003,80,0.009404727380660284
2019-06-16 20:00:00,0.3877034550175928,120.0,6559.0,9195.74,183.18812555,80,0.006409159718514396
2019-06-16 21:00:00,0.5127416369078999,110.0,11421.0,9053.38,682.24659049,80,0.013337474490833702
2019-06-16 22:00:00,0.4207577229628493,107.0,21821.0,9062.77,476.32896349,80,0.008224034369619776
2019-06-16 23:00:00,0.2824124986290477,113.0,17917.0,8915.91,598.67148395,80,0.010965596905486453
2019-06-17 00:00:00,0.4919524451536384,130.0,9551.0,8934.21,603.05327652,84,0.011786380040907303
2019-06-17 01:00:00,0.41319803555812,134.0,28369.0,9028.89,470.90903783,84,0.005878649935237054
2019-06-17 02:00:00,0.3658605468593101,116.0,15011.0,9063.63,202.18705026,84,0.00483235909550209
2019-06-17 03:00:00,0.4340524527408239,90.0,9275.0,8974.19,357.29470423,84,0.006614791189028278
2019-06-17 04:00:00,0.4391951246155057,75.0,3154.0,9191.13,581.08032503,84,0.009445451336247634
2019-06-17 05:00:00,0.6723118610155849,65.0,4905.0,9143.28,216.90583125,84,0.0065773104110332095
2019-06-17 06:00:00,0.4725410992334028,58.0,4072.0,9090.84,227.7676471,84,0.006579875391777368
2019-06-17 07:00:00,0.8399771028887736,100.0,9872.0,9176.22,164.75015848,84,0.003152184686045387
2019-06-17 08:00:00,0.4220292472801019,96.0,9420.0,9194.41,646.08414638,84,0.007953119969861151
2019-06-17 09:00:00,0.4419678622263639,111.0,11319.0,9187.18,574.81542566,84,0.005217921191977064
2019-06-17 10:00:00,0.2565649667805249,116.0,9451.0,9151.67,710.3276727,84,0.006579206451469226
2019-06-17 11:00:00,0.4241141187999545,175.0,19459.0,9166.45,356.27682091,84,0.005012501128301404
2019-06-17 12:00:00,0.4772960080045778,135.0,12145.0,9211.94,296.62908352,84,0.0036278622494992827
2019-06-17 13:00:00,0.4782867429049242,180.0,17102.0,9197.39,545.97281429,84,0.0073926514065057675
2019-06-17 14:00:00,0.6628180933378252,162.0,17727.0,9284.8,717.71157722,84,0.00962912023493208
2019-06-17 15:00:00,0.5432317395046365,145.0,11478.0,9297.6,756.78519212,84,0.006409885076465056
2019-06-17 16:00:00,0.6632387563854736,164.0,17326.0,9303.34,1214.73163432,84,0.012187174746758522
2019-06-17 17:00:00,0.6631186004434663,157.0,14017.0,9286.51,360.85876887,84,0.004474936733341933
2019-06-17 18:00:00,0.6652366402114931,118.0,6952.0,9399.28,506.19257471,84,0.008335100219601141
2019-06-17 19:00:00,0.5876841679913679,160.0,13694.0,9183.67,949.7234647,84,0.02311552059861966
2019-06-17 20:00:00,0.5156713463988668,123.0,9194.0,9225.84,312.90012681,84,0.005986042683928285
2019-06-17 21:00:00,0.5691875330905293,157.0,15409.0,9258.82,204.74963936,84,0.004247955412753749
2019-06-17 22:00:00,0.4335427568871997,109.0,7191.0,9283.14,247.5560657,84,0.005909924859834864
2019-06-17 23:00:00,0.6539912137225155,116.0,11121.0,9313.19,360.50345868,84,0.00919402283809726
2019-06-18 00:00:00,0.6860224254806216,64.0,3302.0,9272.76,637.33698286,83,0.014411788175185614
2019-06-18 01:00:00,0.451971603866077,68.0,8844.0,9295.55,325.83498965,83,0.006624097314917928
2019-06-18 02:00:00,0.5677788870363872,66.0,3490.0,9357.38,577.39050514,83,0.007779190870534071
2019-06-18 03:00:00,0.6183670773121128,47.0,2757.0,9333.48,1268.075792,83,0.015783746940149706
2019-06-18 04:00:00,0.5584619637597513,49.0,6250.0,9304.3,151.94737387,83,0.005666577197781016
2019-06-18 05:00:00,0.364757577739657,55.0,3132.0,9301.49,261.91603211,83,0.0067800202087647
2019-06-18 06:00:00,0.5697640535535979,61.0,3325.0,9251.28,362.73832134,83,0.003445868662533264
2019-06-18 07:00:00,0.5876155142972018,65.0,3624.0,9263.4,216.72327425,83,0.005261833957419043
2019-06-18 08:00:00,0.5880617392767731,113.0,9212.0,9256.36,119.12042722,83,0.004688914199362208
2019-06-18 09:00:00,0.8577086867377803,160.0,13090.0,9165.7,642.25940068,83,0.009932798831670385
2019-06-18 10:00:00,0.659448203847782,137.0,6940.0,9187.72,202.42525324,83,0.005499659188337715
2019-06-18 11:00:00,0.8315693232427226,163.0,9934.0,9126.38,642.46458111,83,0.012151511438988434
2019-06-18 12:00:00,0.5354900355366632,190.0,23600.0,9179.34,297.50698534,83,0.005026465156482508
2019-06-18 13:00:00,0.6927047309454121,226.0,13495.0,9225.36,513.35598524,83,0.005104115238788523
2019-06-18 14:00:00,0.7817151094298941,215.0,21123.0,9235.65,302.8137064,83,0.004820495837742781
2019-06-18 15:00:00,0.5135677832582549,176.0,16409.0,9178.42,320.74688189,83,0.0047777774159337835
2019-06-18 16:00:00,0.6003213198519975,187.0,15418.0,9174.78,519.86864545,83,0.008660089048487555
2019-06-18 17:00:00,0.5544783371841239,180.0,12530.0,9170.82,1067.93307835,83,0.004685189943896741
2019-06-18 18:00:00,0.7918326533339984,150.0,13578.0,9122.58,919.16728732,83,0.005494274543719925
2019-06-18 19:00:00,0.773347372159027,143.0,14066.0,9080.73,1001.30467973,83,0.016038864499860018
2019-06-18 20:00:00,0.5206087428266031,129.0,12246.0,8996.17,425.58742547,83,0.011991665222216933
2019-06-18 21:00:00,0.5852322138072557,134.0,11787.0,9056.77,480.06184771,83,0.009881378853130403
2019-06-18 22:00:00,0.7916229716632237,113.0,8159.0,9110.8,739.3466225,83,0.007832346782880606
2019-06-18 23:00:00,0.7670613632173948,101.0,6531.0,9075.33,977.11516392,83,0.007215194970695622
2019-06-19 00:00:00,0.6639388975933341,72.0,6732.0,9131.16,240.12053564,82,0.006526968347224564
2019-06-19 01:00:00,0.7249100761132797,65.0,4124.0,9015.0,370.39385419,82,0.006827447119118259
2019-06-19 02:00:00,0.4110725715517686,80.0,3490.0,9009.12,281.64475444,82,0.008204093787851365
2019-06-19 03:00:00,0.7117801198649157,71.0,4431.0,9078.84,270.89182557,82,0.009460903195804013
2019-06-19 04:00:00,0.8637509589493468,69.0,4190.0,9167.05,227.10408997,82,0.008880254367775026
2019-06-19 05:00:00,0.8082673324828777,71.0,7506.0,9142.36,152.36891912,82,0.0029016521510667795
2019-06-19 06:00:00,0.8431647247293591,100.0,16488.0,9144.24,82.44769402,82,0.002889787112654636
2019-06-19 07:00:00,0.7354512767547262,94.0,10387.0,9140.92,85.75379138,82,0.003753914163826758
2019-06-19 08:00:00,0.742755301424288,85.0,6389.0,9169.76,216.60069824,82,0.005262386850918058
2019-06-19 09:00:00,0.4438704476340973,100.0,6741.0,9171.36,115.02803763,82,0.0032124619725459047
2019-06-19 10:00:00,0.6322667374046672,84.0,4804.0,9147.51,168.25416411999998,82,0.002981360036831971
2019-06-19 11:00:00,0.6645797276650314,108.0,8307.0,9178.88,144.2806301,82,0.003619427291298332
2019-06-19 12:00:00,0.4303482470112543,119.0,16873.0,9171.86,90.32433961,82,0.002960422298104721
2019-06-19 13:00:00,0.6430273060576548,133.0,13886.0,9111.0,231.95433767,82,0.004205674381320584
2019-06-19 14:00:00,0.5684242692862095,160.0,9125.0,9135.71,307.61416611,82,0.0045132906799153
2019-06-19 15:00:00,0.5326559480713152,125.0,18660.0,9142.57,150.25168369,82,0.003341472236220848
2019-06-19 16:00:00,0.5681989320469234,123.0,7225.0,9083.47,233.02363283,82,0.006629585969318035
2019-06-19 17:00:00,0.5054389648046345,104.0,6758.0,9132.72,306.8982465,82,0.007909402256428583
2019-06-19 18:00:00,0.8402063873999243,123.0,9333.0,9069.93,198.03830248,82,0.004773788492563116
2019-06-19 19:00:00,0.7166773543395959,120.0,16222.0,9100.76,361.02058968,82,0.00642844540672408
2019-06-19 20:00:00,0.8201100594665942,119.0,8539.0,9141.59,201.72471435,82,0.005638958357492445
2019-06-19 21:00:00,0.3351680985069593,91.0,6831.0,9142.05,89.46642129,82,0.0036359423913392497
2019-06-19 22:00:00,0.6611086794644555,125.0,10902.0,9117.84,138.36824073,82,0.002600400735698175
2019-06-19 23:00:00,0.786159489549768,98.0,16554.0,9147.38,124.1677549,82,0.002278081557569352
2019-06-20 00:00:00,0.347781224834723,89.0,6556.0,9172.17,249.27846786,81,0.004280120928150394
2019-06-20 01:00:00,0.3061288982135283,81.0,3379.0,9240.0,237.40774071,81,0.0076521874958173095
2019-06-20 02:00:00,0.5083702853713515,73.0,6236.0,9264.06,296.26724546,81,0.004068913575358679
2019-06-20 03:00:00,0.7621987333562399,79.0,9458.0,9278.27,279.6159346,81,0.0056708258141911026
2019-06-20 04:00:00,0.4001880096748847,69.0,5134.0,9262.38,66.67120247,81,0.0034001035515094586
2019-06-20 05:00:00,0.5433389414860949,85.0,4940.0,9274.71,181.74651171,81,0.0035235099702617843
2019-06-20 06:00:00,0.4875443093724872,73.0,10421.0,9340.82,179.06666131,81,0.0037476240792850184
2019-06-20 07:00:00,0.464630738612406,63.0,3327.0,9340.5,247.50294984,81,0.002723263785617955
2019-06-20 08:00:00,0.5522676587428524,76.0,6128.0,9312.97,172.82145336,81,0.0049324129217509765
2019-06-20 09:00:00,0.6075803358672285,86.0,11568.0,9289.99,266.96271454,81,0.002686615071035776
2019-06-20 10:00:00,0.6163748887808415,77.0,6912.0,9301.99,126.07696168,81,0.001727246259839841
2019-06-20 11:00:00,0.5956545557929971,103.0,8852.0,9279.41,462.36991768,81,0.005701323698732082
2019-06-20 12:00:00,0.5310394617098084,118.0,8854.0,9234.99,419.51340417,81,0.004065633616815536
2019-06-20 13:00:00,0.5376054496028274,145.0,8133.0,9236.18,447.96582719,81,0.003581440678066057
2019-06-20 14:00:00,0.3195653673717529,122.0,8999.0,9245.0,181.35339162,81,0.0034342004470638344
2019-06-20 15:00:00,0.6257848284285842,145.0,10573.0,9269.3,187.50964474,81,0.004019431876739183
2019-06-20 16:00:00,0.3174868335621736,131.0,9508.0,9280.6,180.02420902,81,0.0028682327463651503
2019-06-20 17:00:00,0.4310055511717203,140.0,10851.0,9326.0,368.99961308,81,0.004577620779466601
2019-06-20 18:00:00,0.6683542983485563,130.0,9911.0,9370.94,267.94028577,81,0.003954210634752646
2019-06-20 19:00:00,0.6497838268057351,155.0,14277.0,9390.0,477.95197147,81,0.00862337853921088
2019-06-20 20:00:00,0.5195822219354211,217.0,19350.0,9370.37,348.20412932,81,0.00751947105993752
2019-06-20 21:00:00,0.5721331999751292,151.0,11026.0,9368.0,388.93037819,81,0.006109575324450268
2019-06-20 22:00:00,0.645004053763539,120.0,7841.0,9428.82,456.15690481,81,0.00898897239206523
2019-06-20 23:00:00,0.4972536801152062,103.0,9077.0,9541.4,518.99200619,81,0.008614675007473623
2019-06-21 00:00:00,0.3681497702721405,82.0,6514.0,9569.82,938.17149145,84,0.006950828519897196
2019-06-21 01:00:00,0.5391032157224768,159.0,12832.0,9517.76,341.49078156,84,0.007309396089720527
2019-06-21 02:00:00,0.3873970097900848,162.0,16694.0,9558.17,346.12219189,84,0.008804975139619647
2019-06-21 03:00:00,0.6080303541097535,98.0,8126.0,9534.99,297.77123632,84,0.005559438257140498
2019-06-21 04:00:00,0.7248061416767979,74.0,7402.0,9579.92,161.7690054,84,0.003162866705045444
2019-06-21 05:00:00,0.4051948816961072,77.0,3599.0,9736.96,908.79180318,84,0.00982950021118272
2019-06-21 06:00:00,0.3705379565395862,88.0,12668.0,9710.29,624.37738253,84,0.010582151312026425
2019-06-21 07:00:00,0.57657161724925,111.0,8898.0,9751.09,264.14293369,84,0.005690755924709288
2019-06-21 08:00:00,0.5226033679957864,105.0,9770.0,9741.27,216.00613452,84,0.00368638791195166
2019-06-21 09:00:00,0.6404969168566761,129.0,11889.0,9759.44,261.12882049,84,0.004087276722884178
2019-06-21 10:00:00,0.6635694679179058,118.0,12279.0,9692.9,293.96409459,84,0.0060210061595329465
2019-06-21 11:00:00,0.6302263366199629,152.0,9080.0,9755.0,264.35439796000003,84,0.0047254087983413465
2019-06-21 12:00:00,0.6020811445498401,180.0,19995.0,9728.11,318.34336614,84,0.003029960643934266
2019-06-21 13:00:00,0.5567280861802818,222.0,20830.0,9797.03,667.72035692,84,0.008915948789750298
2019-06-21 14:00:00,0.4668930276925999,154.0,11597.0,9783.19,748.51247898,84,0.005957078510650253
2019-06-21 15:00:00,0.5229062767066229,141.0,15046.0,9832.91,625.5591034,84,0.006108316688326481
2019-06-21 16:00:00,0.5121307017057072,144.0,12125.0,9837.32,299.64679353,84,0.005987522900246879
2019-06-21 17:00:00,0.4770514976507752,153.0,8464.0,9766.48,1317.22359291,84,0.016663938631178075
2019-06-21 18:00:00,0.5511528835080775,166.0,11741.0,9820.54,702.23705185,84,0.006095288686231283
2019-06-21 19:00:00,0.4774346936745944,144.0,8774.0,9805.0,622.96488885,84,0.005591123583857345
2019-06-21 20:00:00,0.6459050808044127,146.0,10386.0,9875.0,654.42079815,84,0.005220151953036529
2019-06-21 21:00:00,0.3509820828302377,115.0,9769.0,9920.85,575.8500449,84,0.0067422631720866774
2019-06-21 22:00:00,0.249640473235369,114.0,5103.0,9928.47,415.44633381,84,0.0055628135674503434
2019-06-21 23:00:00,0.7477860491384534,377.0,47597.0,9906.8,463.93458924,84,0.00736622040183529
2019-06-22 00:00:00,0.7058522035447184,291.0,33788.0,9938.42,212.74943852,83,0.006343567772351985
2019-06-22 01:00:00,0.7289893039177741,233.0,29532.0,9920.0,213.54892682,83,0.004853493562802162
2019-06-22 02:00:00,0.6466628368342161,266.0,33141.0,9916.17,502.10780077,83,0.005713605583510765
2019-06-22 03:00:00,0.6083016930211835,205.0,41913.0,10222.12,1218.29949709,83,0.012048866213857175
2019-06-22 04:00:00,0.836097911507282,149.0,15854.0,10159.01,489.36626073,83,0.010405955844204224
2019-06-22 05:00:00,0.7139431727338796,140.0,17672.0,10488.11,684.2200513600001,83,0.011950895296070033
2019-06-22 06:00:00,0.531421384998564,148.0,13521.0,10743.04,1282.22694352,83,0.02665567815678294
2019-06-22 07:00:00,0.6419110960233751,176.0,48949.0,10572.49,779.35134669,83,0.02262962216887251
2019-06-22 08:00:00,0.5366931099943296,153.0,13594.0,10649.99,593.29294888,83,0.013254229405488021
2019-06-22 09:00:00,0.5655663115373833,162.0,10822.0,10741.02,532.60158639,83,0.0045570238096294185
2019-06-22 10:00:00,0.4824654419151267,175.0,16415.0,10785.28,350.1636588,83,0.007175257179632092
2019-06-22 11:00:00,0.6360235784708183,164.0,12553.0,10661.97,385.43663976,83,0.006270031985542557
2019-06-22 12:00:00,0.6266582952501035,295.0,35414.0,10797.0,189.29541143,83,0.009891569149950609
2019-06-22 13:00:00,0.6131208583722388,318.0,45475.0,10945.69,305.86480763,83,0.009258948767106655
2019-06-22 14:00:00,0.5230869797029142,299.0,29219.0,10927.94,295.08739616,83,0.0057760299082110205
2019-06-22 15:00:00,0.4665042228835381,226.0,19679.0,10879.85,331.52624084,83,0.008535879825158854
2019-06-22 16:00:00,0.561630573626654,227.0,17810.0,11126.06,1113.48485807,83,0.01512527390529202
2019-06-22 17:00:00,0.4052245845491908,164.0,12938.0,11116.65,605.69467544,83,0.008820167211349081
2019-06-22 18:00:00,0.6290015292535172,154.0,12192.0,10775.0,1772.06336737,83,0.05749601042862144
2019-06-22 19:00:00,0.7422164978929654,138.0,14102.0,10807.32,461.7415215,83,0.01221745671310741
2019-06-22 20:00:00,0.3812098979949359,129.0,9061.0,10899.34,389.64585836,83,0.010350752737807806
2019-06-22 21:00:00,0.6142041793431038,123.0,6765.0,10701.56,577.29199079,83,0.01576347515470573
2019-06-22 22:00:00,0.5549912046802715,100.0,6759.0,10610.34,424.67105128,83,0.01465479039929903
2019-06-22 23:00:00,0.4963341529030962,98.0,7096.0,10666.01,619.16984531,83,0.017559857558544344
2019-06-23 00:00:00,0.5558656167597221,96.0,7951.0,10616.65,292.46990867,84,0.009485794040684826
2019-06-23 01:00:00,0.6877784088498272,83.0,7063.0,10564.7,270.63347438,84,0.008292280751091287
2019-06-23 02:00:00,0.636510391485481,86.0,6707.0,10480.88,565.54154231,84,0.012743489846137757
2019-06-23 03:00:00,0.8502056476901205,82.0,10587.0,10661.3,398.45893655,84,0.014291231923571755
2019-06-23 04:00:00,0.5982020185175624,60.0,4040.0,10810.38,332.05740908,84,0.01207724135011992
2019-06-23 05:00:00,0.501135573927336,70.0,6184.0,10828.57,189.05789292,84,0.010379313071291956
2019-06-23 06:00:00,0.2921535055856701,87.0,5533.0,10660.0,190.25546082,84,0.008026566378905581
2019-06-23 07:00:00,0.309757501318995,70.0,3985.0,10756.63,171.02447125,84,0.008095448453293594
2019-06-23 08:00:00,0.735414955587721,81.0,8364.0,10690.33,127.90737956,84,0.005535710647336702
2019-06-23 09:00:00,0.4150475164730514,72.0,3389.0,10745.99,198.24035743,84,0.007821487649057584
2019-06-23 10:00:00,0.4754991925074544,101.0,4577.0,10705.0,91.3418647,84,0.0049511132721157605
2019-06-23 11:00:00,0.6103784251172959,90.0,5222.0,10662.33,104.59748985,84,0.005149077014655202
2019-06-23 12:00:00,0.561958278848769,108.0,9109.0,10659.99,122.59530109,84,0.006475020505836555
2019-06-23 13:00:00,0.77415546244007,96.0,7985.0,10619.6,220.46314797,84,0.008449015262909733
2019-06-23 14:00:00,0.5012974653709942,123.0,6872.0,10508.9,339.27706926,84,0.007215637682376798
2019-06-23 15:00:00,0.3883929478655834,116.0,7918.0,10554.02,181.36721087,84,0.008735385120079667
2019-06-23 16:00:00,0.8228038772296306,135.0,12842.0,10679.92,228.66354985,84,0.008384186602826442
2019-06-23 17:00:00,0.3899122961430663,135.0,7224.0,10607.51,196.20367266,84,0.006215962476606616
2019-06-23 18:00:00,0.6139196048694266,108.0,10222.0,10703.74,225.45708215,84,0.00758250872893036
2019-06-23 19:00:00,0.4817262335069531,119.0,7367.0,10727.19,187.58742062,84,0.005379804083721352
2019-06-23 20:00:00,0.6855030776871983,130.0,11901.0,10681.13,206.15743575,84,0.0059486821070761494
2019-06-23 21:00:00,0.6668903212984665,167.0,13122.0,10711.59,172.58725273,84,0.005477349519056807
2019-06-23 22:00:00,0.6285496867821405,145.0,13955.0,10839.32,476.06143526,84,0.006717125863302095
2019-06-23 23:00:00,0.3397748634643163,85.0,7282.0,10972.59,434.76784783,84,0.009266348319864129
2019-06-24 00:00:00,0.5168542741099716,102.0,6728.0,11027.29,694.38474518,80,0.00853514507238541
2019-06-24 01:00:00,0.4646097737107155,83.0,6843.0,10888.39,1160.56026646,80,0.026988853148760646
2019-06-24 02:00:00,0.4564246869901647,62.0,3992.0,10857.44,699.31971195,80,0.016914835380506154
2019-06-24 03:00:00,0.5729219191401229,53.0,4901.0,10831.95,320.71033636,80,0.009633072805952868
2019-06-24 04:00:00,0.4393049671347657,71.0,4713.0,10650.0,718.3321329300001,80,0.01642498962247892
2019-06-24 05:00:00,0.1534098774326135,59.0,2601.0,10631.54,303.88265029,80,0.009578851749810527
2019-06-24 06:00:00,0.625141483773073,100.0,15541.0,10630.31,341.9513063,80,0.006861116314573264
2019-06-24 07:00:00,0.4498764746849846,91.0,5830.0,10643.45,138.02957279,80,0.005456215920499486
2019-06-24 08:00:00,0.4684324650735156,131.0,8524.0,10780.14,239.03095477,80,0.00926427379043593
2019-06-24 09:00:00,0.6260890376637586,99.0,8251.0,10791.05,308.15615914,80,0.0061869443203241385
2019-06-24 10:00:00,0.6600603270877295,111.0,7583.0,10707.84,375.82046746,80,0.005620061925126835
2019-06-24 11:00:00,0.6150061291692687,138.0,29905.0,10766.42,183.5133716,80,0.005290884675514675
2019-06-24 12:00:00,0.6136171441600378,154.0,23205.0,10876.47,232.89352658,80,0.004638308232543416
2019-06-24 13:00:00,0.7644700811154572,191.0,21519.0,10876.26,423.134152,80,0.0080147123919086
2019-06-24 14:00:00,0.7318023268227649,171.0,15498.0,10871.59,406.99993793,80,0.006823099548386178
2019-06-24 15:00:00,0.4121378663107673,168.0,13038.0,10881.26,454.3516473,80,0.0077118276132361035
2019-06-24 16:00:00,0.442619275870722,172.0,11013.0,10863.1,387.18685382,80,0.006235152198302581
2019-06-24 17:00:00,0.575425575744844,156.0,10848.0,10851.54,271.13526315,80,0.008728611399173344
2019-06-24 18:00:00,0.5808106079201807,169.0,12561.0,10936.08,421.69188734,80,0.006397141388622384
2019-06-24 19:00:00,0.9687978651728392,137.0,13718.0,10910.01,263.92750011,80,0.007079323188775761
2019-06-24 20:00:00,0.597911765692338,141.0,6490.0,11006.64,472.87471216,80,0.01074839090761996
2019-06-24 21:00:00,0.5069781524908313,106.0,7662.0,11021.23,183.92051061,80,0.005083415144145474
2019-06-24 22:00:00,0.5554602271716061,116.0,8070.0,10965.44,379.76210063,80,0.007135692163377588
2019-06-24 23:00:00,0.4631816549611803,89.0,5491.0,10895.6,666.68680636,80,0.013275772540233053
2019-06-25 00:00:00,0.3781222695122178,88.0,5871.0,10849.67,373.5786164,87,0.009013886528243085
2019-06-25 01:00:00,0.2073345278721909,68.0,2403.0,10930.01,195.52860765,87,0.004754129498857514
2019-06-25 02:00:00,0.4003111267731866,91.0,4930.0,10996.35,310.58236102,87,0.00713369140466525
2019-06-25 03:00:00,0.6286017428742705,96.0,5775.0,11029.63,194.42271264,87,0.00681065716772602
2019-06-25 04:00:00,0.3876506779175803,71.0,5789.0,11044.02,308.3851572,87,0.008077322492381658
2019-06-25 05:00:00,0.4200337564670564,93.0,7215.0,11118.82,119.42375931,87,0.004114283989854721
2019-06-25 06:00:00,0.699511656792452,128.0,10179.0,11132.27,360.44010836,87,0.00951996522481238
2019-06-25 07:00:00,0.8229291597468669,117.0,7946.0,11136.71,248.38778224,87,0.006956353386171679
2019-06-25 08:00:00,0.6414236026980428,144.0,15075.0,11207.34,434.11071694,87,0.0059757379315708995
2019-06-25 09:00:00,0.5309898784933421,130.0,14773.0,11296.7,1260.40141464,87,0.008027409682396602
2019-06-25 10:00:00,0.4834820857179294,141.0,10055.0,11259.51,1043.13285643,87,0.009307583378495219
2019-06-25 11:00:00,0.5129897996284257,184.0,18992.0,11352.01,479.26944998,87,0.006085402112295202
2019-06-25 12:00:00,0.393056124195369,173.0,20547.0,11286.55,308.22943383,87,0.007186406290237693
2019-06-25 13:00:00,0.6655762956640038,181.0,17020.0,11335.98,320.82558353,87,0.004589805432315376
2019-06-25 14:00:00,0.532492358397889,195.0,16392.0,11405.01,417.21591244,87,0.007496529123419359
2019-06-25 15:00:00,0.4896263966512499,202.0,26935.0,11385.81,670.13413093,87,0.009880139373267984
2019-06-25 16:00:00,0.3657511092830935,182.0,13604.0,11200.11,1210.66122263,87,0.01961778542015328
2019-06-25 17:00:00,0.5646393834400997,179.0,13200.0,11297.18,465.83372627,87,0.006485169113645789
2019-06-25 18:00:00,0.5839271508601571,189.0,18259.0,11274.41,370.13924058,87,0.006502351812470164
2019-06-25 19:00:00,0.6188486878469923,184.0,16031.0,11350.01,414.91925819,87,0.007798884768798481
2019-06-25 20:00:00,0.593864391310965,156.0,11033.0,11334.51,491.16052221,87,0.00627735385728366
2019-06-25 21:00:00,0.5239020535706769,147.0,10467.0,11333.05,639.47428602,87,0.011137328791624995
2019-06-25 22:00:00,0.443357169400463,209.0,21746.0,11379.52,375.68808525,87,0.005703618065382768
2019-06-25 23:00:00,0.4413768239014076,181.0,11337.0,11364.48,151.33100986,87,0.003980384812972341
2019-06-26 00:00:00,0.5494621358135565,211.0,23203.0,11359.8,190.32474475,95,0.004503196512564417
2019-06-26 01:00:00,0.569698118816791,190.0,18402.0,11555.0,610.85515211,95,0.008524149531135408
2019-06-26 02:00:00,0.6204987047792647,121.0,6947.0,11658.55,635.96257055,95,0.010339527859680104
2019-06-26 03:00:00,0.6346408445053543,268.0,25077.0,11751.01,607.26563442,95,0.01095826741122073
2019-06-26 04:00:00,0.5546508744120117,235.0,17269.0,11923.29,1308.02341287,95,0.017473907886391683
2019-06-26 05:00:00,0.5157909962054341,293.0,27732.0,11876.93,502.31404886,95,0.00923107199623652
2019-06-26 06:00:00,0.6512723114379018,193.0,17245.0,11895.43,284.81490542,95,0.0077764534490722325
2019-06-26 07:00:00,0.6415143968161113,214.0,22138.0,12248.92,1326.79038741,95,0.011097627583156007
2019-06-26 08:00:00,0.5094687329316369,203.0,14391.0,12438.75,1080.52861647,95,0.01586935298333984
2019-06-26 09:00:00,0.4918109425901956,204.0,14993.0,12424.32,1959.52423827,95,0.0317701953275195
2019-06-26 10:00:00,0.5188488217807966,156.0,12915.0,12723.0,728.60739046,95,0.011870373960860001
2019-06-26 11:00:00,0.7011389858034647,223.0,23836.0,12440.0,1046.39954673,95,0.011902175640664871
2019-06-26 12:00:00,0.6896265554999432,212.0,16103.0,12561.7,798.81273744,95,0.006711809186308863
2019-06-26 13:00:00,0.581297103618224,287.0,27039.0,12327.47,1637.71077457,95,0.02056727551616892
2019-06-26 14:00:00,0.4391417060385115,305.0,22720.0,12616.6,927.38069788,95,0.018072130787416256
2019-06-26 15:00:00,0.4833978858720279,245.0,14635.0,12635.57,411.34081152,95,0.004747686455048094
2019-06-26 16:00:00,0.5811355927421703,419.0,37075.0,12820.54,1115.89783001,95,0.014113078308454248
2019-06-26 17:00:00,0.5620213718590137,394.0,59790.0,12896.07,1452.74437458,95,0.009798277242510802
2019-06-26 18:00:00,0.5020015234965715,400.0,34122.0,12769.36,1524.46536401,95,0.01318349096541284
2019-06-26 19:00:00,0.5364835226502502,374.0,36268.0,12840.0,1239.42279809,95,0.008900285042072485
2019-06-26 20:00:00,0.2977969141577083,410.0,44727.0,13564.05,3285.50673215,95,0.02493195995588623
2019-06-26 21:00:00,0.3275397505888863,398.0,38916.0,13449.47,1695.13251493,95,0.022661428578550677
2019-06-26 22:00:00,0.4152753019666207,227.0,13963.0,13805.0,2661.81318567,95,0.021643057018742137
2019-06-26 23:00:00,0.4734185485251057,173.0,13779.0,13837.96,1747.67094855,95,0.015788403434750943
2019-06-27 00:00:00,0.7018579806972165,140.0,16885.0,12725.0,4550.51666968,92,0.09653717367654982
2019-06-27 01:00:00,0.5336549089401884,108.0,6993.0,12461.63,3790.11222913,92,0.05633029849232709
2019-06-27 02:00:00,0.5859539392138009,98.0,6836.0,12428.99,985.70843567,92,0.02556298987145404
2019-06-27 03:00:00,0.482221630203749,116.0,7134.0,12920.54,1426.56377542,92,0.0185374548468847
2019-06-27 04:00:00,0.5354588817937027,81.0,4144.0,13097.09,1322.06739211,92,0.033957802496901404
2019-06-27 05:00:00,0.6126832987678327,96.0,6370.0,12711.46,1556.41156266,92,0.04453990674944088
2019-06-27 06:00:00,0.3187626229092432,114.0,8331.0,12756.1,633.04003349,92,0.02066233970716528
2019-06-27 07:00:00,0.4487219855545703,127.0,15977.0,12805.34,283.53801786,92,0.01307163937358989
2019-06-27 08:00:00,0.2654670834823064,140.0,11809.0,12849.69,567.07492625,92,0.011959128657994705
2019-06-27 09:00:00,0.2044809807982184,141.0,8913.0,12802.78,624.94715495,92,0.015283801782904585
2019-06-27 10:00:00,0.0929038853915829,140.0,9524.0,12364.95,1515.96472205,92,0.03520427196195347
2019-06-27 11:00:00,0.3762354772799898,148.0,9585.0,12347.63,975.02530665,92,0.017105942039063373
2019-06-27 12:00:00,0.5669283909779432,164.0,16295.0,11847.1,1471.77464628,92,0.021111936073768656
2019-06-27 13:00:00,0.3729375285580631,201.0,30366.0,11776.94,4351.86974392,92,0.04604896614974186
2019-06-27 14:00:00,0.4440363955568381,194.0,18092.0,11709.98,1463.06340461,92,0.022570725809906326
2019-06-27 15:00:00,0.378008038544927,195.0,13631.0,12078.66,1178.17215452,92,0.015544390412091933
2019-06-27 16:00:00,0.1132857339420573,233.0,12881.0,11695.14,923.31745469,92,0.02649927744069434
2019-06-27 17:00:00,0.2860561542166461,283.0,22490.0,11607.65,1252.68182176,92,0.0173717834210233
2019-06-27 18:00:00,0.5213216663928827,251.0,23535.0,11912.46,2048.3657966,92,0.031195150291171175
2019-06-27 19:00:00,0.4902735791892018,198.0,13539.0,11632.09,990.30832705,92,0.019795427820843453
2019-06-27 20:00:00,0.3308091195721357,168.0,12779.0,10907.52,2853.43551561,92,0.044423567644061315
2019-06-27 21:00:00,0.3891438502571945,178.0,9526.0,10806.65,3669.88434106,92,0.036350496431712676
2019-06-27 22:00:00,0.3900898351556593,119.0,7747.0,10998.07,1251.12566548,92,0.023092244428180954
2019-06-27 23:00:00,0.4382863089711354,127.0,7038.0,10818.1,1414.11818024,92,0.02574486824982541
2019-06-28 00:00:00,0.6664731215231186,102.0,6009.0,10668.77,2101.11304641,62,0.03753496467920966
2019-06-28 01:00:00,0.4449248972109896,95.0,16669.0,10715.14,1410.84100538,62,0.029900212880055135
2019-06-28 02:00:00,0.4969366965329576,82.0,5522.0,11100.0,1205.22929065,62,0.016142096889414884
2019-06-28 03:00:00,0.3861758085099725,81.0,4852.0,11153.74,1043.59104295,62,0.024376754018725764
2019-06-28 04:00:00,0.3191979527112599,63.0,2806.0,11463.5,703.40993931,62,0.020874970542283166
2019-06-28 05:00:00,0.3974599453773089,65.0,2127.0,11246.32,982.23149481,62,0.018891594595627895
2019-06-28 06:00:00,0.3692101966437061,90.0,7647.0,10939.29,596.49024319,62,0.0207080414480166
2019-06-28 07:00:00,0.557260470262507,98.0,10773.0,11103.0,671.39623673,62,0.017672403395161653
2019-06-28 08:00:00,0.5442199963791087,127.0,9821.0,11014.82,559.53000573,62,0.01873154035751361
2019-06-28 09:00:00,0.3929397312395219,107.0,6596.0,11112.91,757.46002085,62,0.02349553383483442
2019-06-28 10:00:00,0.563460442244757,102.0,8041.0,11307.27,961.07522888,62,0.01903918234229164
2019-06-28 11:00:00,0.5250664262596512,135.0,16621.0,11253.07,1403.89865366,62,0.021415804554430214
2019-06-28 12:00:00,0.3766362658469084,159.0,15758.0,11653.97,802.87840928,62,0.01936097468472096
2019-06-28 13:00:00,0.4012198934816384,169.0,14131.0,11870.02,1266.40804274,62,0.010623242474980142
2019-06-28 14:00:00,0.5632841387332893,175.0,16585.0,11840.62,1005.24781837,62,0.018464828086711686
2019-06-28 15:00:00,0.5457263395038928,168.0,10804.0,12075.08,813.13306966,62,0.017811766308316487
2019-06-28 16:00:00,0.5470082821369456,161.0,14331.0,11633.3,1335.37767427,62,0.02276921710635413
2019-06-28 17:00:00,0.465889692734617,153.0,15061.0,11871.5,996.64533072,62,0.017544471959633906
2019-06-28 18:00:00,0.4707840181664371,132.0,7357.0,11708.0,803.56993937,62,0.010509282129216454
2019-06-28 19:00:00,0.4194288699991403,176.0,11390.0,11896.29,595.13606429,62,0.01335440598446594
2019-06-28 20:00:00,0.3342008984361333,162.0,9196.0,11900.1,549.78303505,62,0.01563309185596624
2019-06-28 21:00:00,0.5747284659065048,130.0,10376.0,11824.63,373.9236121,62,0.010051094609380517
2019-06-28 22:00:00,0.3183919146278312,92.0,5861.0,11917.72,289.69630306,62,0.009841095520038689
2019-06-28 23:00:00,0.4896710283221827,115.0,6878.0,12320.0,942.53637152,62,0.01470892296915956
2019-06-29 00:00:00,0.4685297862786734,76.0,5717.0,12200.39,1085.4313817,74,0.01664641716401616
2019-06-29 01:00:00,0.4614478083762591,85.0,5384.0,12278.42,564.08477819,74,0.007517069598508219
2019-06-29 02:00:00,0.543816367256212,97.0,6939.0,12301.73,378.65056684,74,0.011174864825146449
2019-06-29 03:00:00,0.7239328147939321,62.0,5170.0,12354.43,280.1073674,74,0.010753904145638683
2019-06-29 04:00:00,0.2725565476599684,80.0,8172.0,12200.0,471.72381816,74,0.012485199964452423
2019-06-29 05:00:00,0.2985524418937655,55.0,4208.0,11882.29,462.54099624,74,0.020538011400655296
2019-06-29 06:00:00,0.9981777742825207,56.0,6380.0,11715.59,1708.4825429,74,0.02160482233730859
2019-06-29 07:00:00,0.451892570406492,45.0,1409.0,11463.33,705.61586562,74,0.016126365242691214
2019-06-29 08:00:00,0.3493617441213717,61.0,1755.0,11612.05,547.50217983,74,0.018404368065323435
2019-06-29 09:00:00,0.4134726909564939,91.0,4236.0,11513.25,525.40045029,74,0.01239171048588735
2019-06-29 10:00:00,0.6288067770588601,97.0,5619.0,11780.86,922.2869071,74,0.018644184176933302
2019-06-29 11:00:00,0.3965984184189611,94.0,7729.0,11834.84,496.52372575,74,0.011942414593515112
2019-06-29 12:00:00,0.6406729887474206,112.0,9841.0,11630.4,304.42160638,74,0.010433400859078663
2019-06-29 13:00:00,0.6869701835422306,113.0,9745.0,11584.54,245.11716891,74,0.010732401635490777
2019-06-29 14:00:00,0.6541753522048793,130.0,11452.0,11789.71,372.35982471,74,0.015397273769372662
2019-06-29 15:00:00,0.4789417167216873,112.0,5677.0,11934.92,471.76449938,74,0.01197373860736438
2019-06-29 16:00:00,0.5485840089524305,86.0,9484.0,12047.44,523.30516789,74,0.0076588571967640025
2019-06-29 17:00:00,0.4262585945435449,141.0,7958.0,11976.58,393.07133184,74,0.01545605354125385
2019-06-29 18:00:00,0.4878975058069896,108.0,10219.0,11916.83,435.57777376,74,0.01227121411330885
2019-06-29 19:00:00,0.5962849403019688,108.0,10978.0,11869.16,441.75206913,74,0.0143632803634943
2019-06-29 20:00:00,0.6657264413011399,107.0,9980.0,11807.78,659.40961756,74,0.021060092196946024
2019-06-29 21:00:00,0.2579344982705389,94.0,7122.0,11963.59,280.85865051,74,0.014157122935217424
2019-06-29 22:00:00,0.4794512401111004,95.0,3407.0,11944.53,697.85740705,74,0.021007108903511495
2019-06-29 23:00:00,0.6789523879409718,82.0,7157.0,11851.93,133.54036299,74,0.007572320037951341
2019-06-30 00:00:00,0.5262586124801533,69.0,5843.0,12125.69,608.26068414,78,0.018938667410224926
2019-06-30 01:00:00,0.567682064760206,63.0,4626.0,11946.02,514.44328169,78,0.018440390945853365
2019-06-30 02:00:00,0.5069508139442656,58.0,2406.0,12021.16,110.91239708,78,0.008905518100026513
2019-06-30 03:00:00,0.4533813861139335,76.0,6487.0,11858.62,233.26903161,78,0.012286179254302846
2019-06-30 04:00:00,0.4533016077266018,73.0,10689.0,12112.24,232.52925352,78,0.009502210581225775
2019-06-30 05:00:00,0.3397631951396214,59.0,2277.0,12083.82,138.33652845,78,0.007749892057735055
2019-06-30 06:00:00,0.4072955816060835,47.0,2830.0,12066.9,88.44300202000001,78,0.004845102740183342
2019-06-30 07:00:00,0.5243202580557054,70.0,3775.0,12126.26,204.44245954,78,0.012148964918020725
2019-06-30 08:00:00,0.6667224655473747,86.0,4584.0,12028.03,201.55786235,78,0.006173590710767786
2019-06-30 09:00:00,0.5026380906650906,88.0,10218.0,11951.0,269.93486692,78,0.014962880869818198
2019-06-30 10:00:00,0.5759909085431211,100.0,7193.0,11886.98,160.85265385,78,0.008686068996699214
2019-06-30 11:00:00,0.4181984743132492,88.0,5473.0,11682.42,955.94426278,78,0.01403770441440094
2019-06-30 12:00:00,0.5297228335404734,90.0,7751.0,11759.46,125.64210539,78,0.00813830463702469
2019-06-30 13:00:00,0.5442272588203316,109.0,7188.0,11750.86,205.29922025,78,0.009615935848033047
2019-06-30 14:00:00,0.3630144968666534,120.0,7939.0,11487.06,1124.23349021,78,0.018664708564242568
2019-06-30 15:00:00,0.3751601051918237,149.0,7532.0,11508.5,336.32132155,78,0.00791984250408024
2019-06-30 16:00:00,0.2800440199967579,164.0,10431.0,11545.65,246.21655783,78,0.008359900290587193
2019-06-30 17:00:00,0.5909425271376262,125.0,7782.0,11072.52,1204.87530192,78,0.029888734360453036
2019-06-30 18:00:00,0.6732642293284492,112.0,10182.0,11145.54,1242.07534813,78,0.020103065974159774
2019-06-30 19:00:00,0.3853442973618862,101.0,4597.0,11047.42,295.4920618,78,0.006485107843297437
2019-06-30 20:00:00,0.4187220015711462,117.0,6906.0,11197.01,1399.5144881,78,0.027217614532360147
2019-06-30 21:00:00,0.5330997135933231,92.0,6048.0,11278.19,529.47746191,78,0.010196105636767578
2019-06-30 22:00:00,0.4025044851977962,92.0,3175.0,11178.26,507.12256026,78,0.007962403628135521
2019-06-30 23:00:00,0.2096020562958865,81.0,3552.0,11231.06,389.9588605,78,0.013566411473502519
2019-07-01 00:00:00,0.3783275080000184,89.0,6597.0,11380.0,372.47161889,65,0.015314569693092972
2019-07-01 01:00:00,0.5737615576343885,94.0,9480.0,11262.6,295.52232285,65,0.009875793401563979
2019-07-01 02:00:00,0.4516767365333688,95.0,4745.0,10911.33,963.54387079,65,0.02274367599443753
2019-07-01 03:00:00,0.5104590105113173,81.0,3865.0,10760.1,1152.81024296,65,0.02067852224081837
2019-07-01 04:00:00,0.4036762857689553,62.0,3048.0,11009.19,1179.2858175,65,0.0227853766280279
2019-07-01 05:00:00,0.481824841367157,53.0,2388.0,10884.35,593.28771852,65,0.010782003263535072
2019-07-01 06:00:00,0.5958383671295723,93.0,8160.0,10984.73,547.70942965,65,0.015820150518922833
2019-07-01 07:00:00,0.354639497512242,114.0,9277.0,11070.0,503.19619725,65,0.015446342766428653
2019-07-01 08:00:00,0.4620190640949703,110.0,8360.0,11055.38,724.24745393,65,0.007241149584674344
2019-07-01 09:00:00,0.4803089555259255,111.0,8179.0,10979.51,1321.52662461,65,0.01593346269433365
2019-07-01 10:00:00,0.7612980266433366,117.0,14170.0,10864.95,678.2013564,65,0.01239738879556839
2019-07-01 11:00:00,0.7047751760157012,135.0,9936.0,10886.78,503.09245612,65,0.014137739612819927
2019-07-01 12:00:00,0.5121725300559012,171.0,16147.0,11066.96,715.4803608,65,0.0098835744562395
2019-07-01 13:00:00,0.5280987361583083,151.0,14196.0,11014.05,1193.20508315,65,0.009415042750132779
2019-07-01 14:00:00,0.4545559866227915,158.0,12149.0,10908.35,1415.57613974,65,0.016487941700324846
2019-07-01 15:00:00,0.3912681799413826,223.0,16636.0,10947.92,306.49302993,65,0.008186391157362792
2019-07-01 16:00:00,0.4707576852384044,155.0,8532.0,10600.04,1550.17060034,65,0.027230027243606913
2019-07-01 17:00:00,0.6005281770426557,127.0,12789.0,10519.39,850.37810629,65,0.010436465858397333
2019-07-01 18:00:00,0.6029021942119992,117.0,11236.0,10189.59,1409.19149579,65,0.02613162132494315
2019-07-01 19:00:00,0.3471370238247044,135.0,9869.0,10351.0,2522.45423283,65,0.026402412673333455
2019-07-01 20:00:00,0.5682824405322379,145.0,9725.0,10279.9,1235.4808033,65,0.01379544569705113
2019-07-01 21:00:00,0.48043626498231,104.0,10486.0,10255.02,727.66314221,65,0.016763069509474895
2019-07-01 22:00:00,0.4090100449398,85.0,4613.0,10262.73,646.12332132,65,0.011695542422533128
2019-07-01 23:00:00,0.5076100403898623,80.0,5384.0,10189.99,1548.12392218,65,0.020593271928497147
2019-07-02 00:00:00,0.5462021181753604,82.0,9651.0,10471.52,1047.8652436,63,0.018766841065675232
2019-07-02 01:00:00,0.3031834656425287,76.0,2958.0,10560.24,409.53121668,63,0.011172072594503547
2019-07-02 02:00:00,0.7702728194051431,90.0,8317.0,10455.33,667.8901118800001,63,0.008128594580562745
2019-07-02 03:00:00,0.3773930701688482,80.0,3745.0,10577.43,621.26324002,63,0.01095929364524768
2019-07-02 04:00:00,0.1849269548561759,101.0,6112.0,10320.0,588.49095978,63,0.0169205916664766
2019-07-02 05:00:00,0.5513094141348864,118.0,15582.0,10223.75,300.16584639,63,0.01393082125079263
2019-07-02 06:00:00,0.4371076734535706,136.0,11212.0,10233.31,474.04833175,63,0.011187498804359833
2019-07-02 07:00:00,0.6002359367147057,95.0,8269.0,10298.31,438.20954127,63,0.006971922098712086
2019-07-02 08:00:00,0.5136391456465048,107.0,7565.0,9904.04,2746.47581369,63,0.03205778039178567
2019-07-02 09:00:00,0.3622221446491894,117.0,9409.0,9791.31,805.83325634,63,0.014096236589401782
2019-07-02 10:00:00,0.3156695428004916,92.0,7197.0,9772.69,953.34595088,63,0.012109491684634245
2019-07-02 11:00:00,0.2650726433169057,121.0,6550.0,9838.05,766.47433814,63,0.00918519984633246
2019-07-02 12:00:00,0.5782267076051869,145.0,11673.0,10193.56,1616.31939193,63,0.024240798442934013
2019-07-02 13:00:00,0.5945751299978632,145.0,10399.0,10156.67,792.59082388,63,0.013981460425007097
2019-07-02 14:00:00,0.4008612355927247,198.0,18675.0,10026.5,480.92498047,63,0.015182927397538527
2019-07-02 15:00:00,0.433731925042636,160.0,24658.0,9952.31,2337.53938408,63,0.041015928356900364
2019-07-02 16:00:00,0.3477037543842714,152.0,10890.0,10013.44,742.96952126,63,0.017996422671523217
2019-07-02 17:00:00,0.5077186814509803,133.0,8705.0,9930.96,487.05728322,63,0.016805670408282087
2019-07-02 18:00:00,0.6266365082567783,164.0,13920.0,10532.0,1454.1522446,63,0.022734571796072505
2019-07-02 19:00:00,0.8076277284995576,133.0,13040.0,10601.1,1402.06151596,63,0.01778075496037187
2019-07-02 20:00:00,0.6580466198178565,139.0,23413.0,10499.69,629.13868098,63,0.012994675468868084
2019-07-02 21:00:00,0.5475561708305019,111.0,9674.0,10725.0,638.90775156,63,0.011534701409792486
2019-07-02 22:00:00,0.4718607384212087,108.0,8577.0,10699.99,467.45904018,63,0.009447549570386893
2019-07-02 23:00:00,0.5211292633654171,81.0,4725.0,10774.83,600.76733833,63,0.01176860909989975
2019-07-03 00:00:00,0.6500464648815216,138.0,20021.0,10716.28,533.64777076,79,0.01557844041334681
2019-07-03 01:00:00,0.478946611709195,95.0,6932.0,10675.94,410.84294474,79,0.012132733800451111
2019-07-03 02:00:00,0.4729436026149997,90.0,5343.0,10798.69,310.43622485,79,0.011138340600499152
2019-07-03 03:00:00,0.7716220811910306,89.0,6701.0,10828.9,307.38761791,79,0.010380614096309023
2019-07-03 04:00:00,0.4245450152551848,78.0,5357.0,11257.69,1410.07288866,79,0.01724632304848012
2019-07-03 05:00:00,0.3781142673032669,71.0,4789.0,11355.29,1114.39015798,79,0.014348167792571021
2019-07-03 06:00:00,0.6444328482582621,93.0,10581.0,11170.59,1533.3254291,79,0.013017665893209747
2019-07-03 07:00:00,0.6497199879202629,113.0,9493.0,11330.46,748.00919973,79,0.013905899235310772
2019-07-03 08:00:00,0.475963141835841,97.0,8150.0,11285.0,541.84043107,79,0.011122991192172388
2019-07-03 09:00:00,0.4045267011037131,102.0,8370.0,11494.4,1161.93344561,79,0.017165162675943833
2019-07-03 10:00:00,0.3219786229853281,93.0,5836.0,11462.53,371.54793182,79,0.01134990611348226
2019-07-03 11:00:00,0.5745708931427822,120.0,11925.0,11262.44,1041.7548212,79,0.010701064710978663
2019-07-03 12:00:00,0.6381779070804342,134.0,11432.0,11065.21,825.06418817,79,0.014552892373138835
2019-07-03 13:00:00,0.3954087324040679,150.0,11032.0,11260.0,953.62544305,79,0.018144559414332417
2019-07-03 14:00:00,0.5807018205676768,143.0,15472.0,11356.41,809.22566532,79,0.01146235085434153
2019-07-03 15:00:00,0.5533708865004884,150.0,12362.0,11221.41,377.46915529,79,0.016263214556473466
2019-07-03 16:00:00,0.7733409503916333,143.0,9422.0,11403.16,393.58220733,79,0.010878432845974926
2019-07-03 17:00:00,0.5618908413134315,132.0,9181.0,11271.29,627.67603894,79,0.014753912543000562
2019-07-03 18:00:00,0.5955452819356603,154.0,11198.0,11396.71,726.65054777,79,0.015543608264728823
2019-07-03 19:00:00,0.5585860882819709,109.0,7865.0,11449.49,464.90314792,79,0.009696362922480172
2019-07-03 20:00:00,0.4844569240807013,142.0,7838.0,11197.95,1074.56556573,79,0.015887532800633108
2019-07-03 21:00:00,0.3879467155246823,93.0,3814.0,11179.15,1111.70943149,79,0.012078765069990472
2019-07-03 22:00:00,0.6452098676766751,159.0,8774.0,11253.19,614.44966428,79,0.015083609826971973
2019-07-03 23:00:00,0.5925448005097522,122.0,7082.0,11277.25,238.529219,79,0.010470584694560029
2019-07-04 00:00:00,0.5921583991953476,104.0,9665.0,11386.09,339.26733253,76,0.01320215072004434
2019-07-04 01:00:00,0.6939991091481726,99.0,11013.0,11407.72,211.77169736,76,0.006605625210355043
2019-07-04 02:00:00,0.4540562918533813,80.0,3556.0,11914.07,1792.91929751,76,0.025590079651602135
2019-07-04 03:00:00,0.4923006280511667,85.0,5058.0,11967.43,905.57185081,76,0.010814609143549803
2019-07-04 04:00:00,0.3437966840039543,73.0,3301.0,11831.56,667.6667709200001,76,0.014079634555662569
2019-07-04 05:00:00,0.3976430431695002,72.0,10033.0,11903.0,630.74785556,76,0.009047320808225817
2019-07-04 06:00:00,0.6870920212056018,83.0,5901.0,11913.0,542.50477783,76,0.005765085058157515
2019-07-04 07:00:00,0.4197998992748966,88.0,4775.0,11894.69,302.39352267,76,0.007704161081112335
2019-07-04 08:00:00,0.3603213195508817,86.0,5658.0,11678.7,456.00919288,76,0.011171399987336132
2019-07-04 09:00:00,0.1843070596838535,92.0,7515.0,11711.03,337.26006677000004,76,0.007214330524797337
2019-07-04 10:00:00,0.3520452935960944,86.0,3575.0,11780.04,432.7976148,76,0.008602093010813112
2019-07-04 11:00:00,0.4716354867916257,88.0,6218.0,11709.32,631.87545153,76,0.010043127469346203
2019-07-04 12:00:00,0.6597989993513926,107.0,8410.0,11780.38,379.78890551,76,0.008981448167705124
2019-07-04 13:00:00,0.4317674305356329,111.0,6733.0,11667.5,633.81922613,76,0.00824271054229867
2019-07-04 14:00:00,0.5791775083247429,108.0,5155.0,11620.0,502.2426101,76,0.011362964151585869
2019-07-04 15:00:00,0.5134050191597628,125.0,8899.0,11745.0,402.65781174,76,0.009665277444186202
2019-07-04 16:00:00,0.5600369353049669,126.0,7787.0,11793.04,393.72466859,76,0.007797484047120449
2019-07-04 17:00:00,0.5636717897727976,121.0,7685.0,11878.12,541.96495734,76,0.007886448599528275
2019-07-04 18:00:00,0.5598209015215042,107.0,6396.0,11887.47,495.92006294,76,0.007013109813720014
2019-07-04 19:00:00,0.619103675618963,143.0,17641.0,11770.4,425.5625803,76,0.010037411064128704
2019-07-04 20:00:00,0.978448378822804,100.0,11366.0,11783.64,368.2916094,76,0.010843844025242865
2019-07-04 21:00:00,0.3553551995865973,89.0,8594.0,11878.25,253.07041223,76,0.005149452672556824
2019-07-04 22:00:00,0.3471193514391325,60.0,4330.0,11847.57,152.13950631,76,0.005818983250538879
2019-07-04 23:00:00,0.433149141679122,62.0,3795.0,11865.79,106.57357111,76,0.007262444517705548
2019-07-05 00:00:00,0.3101124142445606,86.0,8658.0,11730.14,674.14240936,67,0.0193778552292145
2019-07-05 01:00:00,0.5680604748308888,64.0,3876.0,11561.88,239.82197682,67,0.007298253083159357
2019-07-05 02:00:00,0.1935325040090769,70.0,5731.0,11621.2,214.17918209,67,0.009069032378105838
2019-07-05 03:00:00,0.2763423855187477,60.0,5087.0,11146.34,1400.13946083,67,0.026624774234118572
2019-07-05 04:00:00,0.7236522228209071,54.0,3520.0,11166.25,707.91249277,67,0.01618496470765334
2019-07-05 05:00:00,0.9175058098784908,66.0,7602.0,11203.66,229.05449535,67,0.007124588326798274
2019-07-05 06:00:00,0.6542284476879909,86.0,6592.0,11112.84,213.24584509,67,0.010330132411116627
2019-07-05 07:00:00,0.5932880751615301,118.0,22128.0,11138.0,231.4032007,67,0.007975623628508777
2019-07-05 08:00:00,0.4123390640632489,95.0,6125.0,11177.09,289.40832161000003,67,0.010915825780887378
2019-07-05 09:00:00,0.4865164541593329,96.0,7638.0,11131.64,328.70375991000003,67,0.004377655471377638
2019-07-05 10:00:00,0.7075816410775905,83.0,8130.0,10830.0,967.9036888,67,0.015423433123790591
2019-07-05 11:00:00,0.4231724895719645,85.0,6089.0,10979.82,851.36756163,67,0.011323613986866755
2019-07-05 12:00:00,0.5820942638825816,97.0,5288.0,10897.36,412.05282319,67,0.00871826230383369
2019-07-05 13:00:00,0.5417217055233774,90.0,5018.0,11228.78,678.19346892,67,0.012284130155489995
2019-07-05 14:00:00,0.5923482933799931,114.0,10465.0,11297.51,716.86501727,67,0.010661938268877479
2019-07-05 15:00:00,0.8478006711672245,135.0,14580.0,11211.76,357.58346445,67,0.005823006173981825
2019-07-05 16:00:00,0.5516217683792475,119.0,10787.0,11191.34,295.04867745,67,0.008638539179235696
2019-07-05 17:00:00,0.53730316618952,120.0,8002.0,11173.49,363.24439914,67,0.00621490574376518
2019-07-05 18:00:00,0.6262213037206409,101.0,7093.0,11365.48,842.68452849,67,0.012926972656464758
2019-07-05 19:00:00,0.6301034303445097,94.0,5295.0,11264.69,541.97371646,67,0.011906141407337147
2019-07-05 20:00:00,0.4687344032867567,108.0,7007.0,11165.21,323.7688565,67,0.006893299166210008
2019-07-05 21:00:00,0.2337352029399292,90.0,8563.0,11304.1,606.03277183,67,0.017023702358053786
2019-07-05 22:00:00,0.3406413717376638,73.0,3737.0,11233.74,482.22048415,67,0.011702993534932057
2019-07-05 23:00:00,0.6870036679038237,89.0,5807.0,11124.82,483.76039483,67,0.011569057002342908
2019-07-06 00:00:00,0.6115447873263522,91.0,4894.0,11035.33,970.77328851,72,0.02321873654923313
2019-07-06 01:00:00,0.5367678950552455,70.0,4766.0,11084.56,248.08707964,72,0.010736697500681769
2019-07-06 02:00:00,0.4639162957408166,58.0,3148.0,10955.25,407.38546798,72,0.012672682004697691
2019-07-06 03:00:00,0.5363631064953185,36.0,1193.0,10997.84,344.76414503,72,0.015226011419429404
2019-07-06 04:00:00,0.73765720325382,71.0,5195.0,11476.64,857.8462976000001,72,0.016287433904380852
2019-07-06 05:00:00,0.5468991770047145,62.0,4395.0,11399.99,161.64681296999998,72,0.007252222087893833
2019-07-06 06:00:00,0.7490850955121624,60.0,5349.0,11375.0,81.67197505,72,0.007384224756290961
2019-07-06 07:00:00,0.8243073631773571,55.0,3924.0,11515.06,251.2996029,72,0.010004539440361568
2019-07-06 08:00:00,0.7141132432252456,45.0,3303.0,11437.58,483.21552205,72,0.012836205587223986
2019-07-06 09:00:00,0.2861177793094806,73.0,4017.0,11349.93,263.14497788,72,0.012893639081929599
2019-07-06 10:00:00,0.721987225925449,74.0,4326.0,11409.92,225.20782041,72,0.009207499980506517
2019-07-06 11:00:00,0.5558042796792048,83.0,6743.0,11448.05,675.3790354,72,0.00736958310670732
2019-07-06 12:00:00,0.3479736553921587,90.0,5368.0,11343.76,592.67079806,72,0.01589237111796907
2019-07-06 13:00:00,0.358992538315575,60.0,2915.0,11428.94,369.12277452,72,0.004859786754940194
2019-07-06 14:00:00,0.539836335462955,98.0,7713.0,11378.99,105.42422596,72,0.0076428799851036
2019-07-06 15:00:00,0.5031966272970683,106.0,6301.0,11416.13,94.32332871,72,0.007183345448073549
2019-07-06 16:00:00,0.6545251392567395,82.0,4955.0,11453.71,439.0174813,72,0.01159902533567873
2019-07-06 17:00:00,0.5751152447166915,88.0,5867.0,11394.31,237.15020895,72,0.006779093851780824
2019-07-06 18:00:00,0.7193794517755085,94.0,8837.0,11445.51,170.58129639,72,0.004537789203721002
2019-07-06 19:00:00,0.5775229670642456,97.0,6129.0,11624.36,612.84065942,72,0.012836814526655922
2019-07-06 20:00:00,0.5672967930080794,69.0,3970.0,11597.96,286.11480626,72,0.010776685595518169
2019-07-06 21:00:00,0.1371977409546994,45.0,2751.0,11586.63,230.07422682,72,0.005419529363547505
2019-07-06 22:00:00,0.5481891057279882,65.0,3363.0,11488.59,291.48068267,72,0.010477407370365533
2019-07-06 23:00:00,0.195516241381436,51.0,2341.0,11521.41,130.13457112,72,0.004532976535679628
2019-07-07 00:00:00,0.5596068499549894,65.0,2037.0,11457.74,158.12439847,67,0.004461336294806719
2019-07-07 01:00:00,0.4708711888569519,62.0,3609.0,11168.97,711.64353694,67,0.018349586644542556
2019-07-07 02:00:00,1.207854332286148,42.0,7236.0,11232.1,339.61021411,67,0.011420929681124034
2019-07-07 03:00:00,0.4660668264891728,50.0,3006.0,11240.0,124.45341416,67,0.005967916264214471
2019-07-07 04:00:00,0.3100491451727499,36.0,4085.0,11194.23,264.70517008,67,0.010010026326009138
2019-07-07 05:00:00,0.899142302761086,37.0,2633.0,11232.15,115.70626909,67,0.006817193745360268
2019-07-07 06:00:00,0.3849982237813737,32.0,1285.0,11185.3,190.99405556,67,0.007446015154805614
2019-07-07 07:00:00,0.4760030143230581,49.0,5378.0,11153.07,159.93169006,67,0.008029974324330792
2019-07-07 08:00:00,0.5782093444328125,62.0,4533.0,11281.47,210.53594509,67,0.009321077182731107
2019-07-07 09:00:00,0.3734562798478718,49.0,3210.0,11231.3,187.15893296,67,0.006565654003332675
2019-07-07 10:00:00,0.7922124274036608,68.0,7020.0,11181.0,165.54601591999997,67,0.006075339059303242
2019-07-07 11:00:00,0.5194716544562166,84.0,5184.0,11195.9,109.88497288,67,0.005236750735288801
2019-07-07 12:00:00,0.496787510711721,74.0,7877.0,11199.84,193.30479762,67,0.006272476741575771
2019-07-07 13:00:00,0.5110209893501414,75.0,2664.0,11240.78,93.95243007,67,0.005657037866652558
2019-07-07 14:00:00,0.2610840473417197,75.0,6168.0,11280.3,176.21062399000002,67,0.0051656796248933535
2019-07-07 15:00:00,0.4404382672873961,87.0,4671.0,11349.0,494.58646382,67,0.007207902641295314
2019-07-07 16:00:00,0.5131635619669492,96.0,6766.0,11354.91,626.91672756,67,0.008081857872980734
2019-07-07 17:00:00,0.7337441739948671,115.0,7977.0,11374.05,337.52293496,67,0.003411834300778465
2019-07-07 18:00:00,0.7288655093813416,111.0,7318.0,11344.33,135.19815854,67,0.005540370567420575
2019-07-07 19:00:00,0.5339737841803639,111.0,8118.0,11252.25,444.4366115,67,0.013991196717376222
2019-07-07 20:00:00,0.5473545223952494,85.0,5497.0,11199.0,323.13071973,67,0.006459132709755315
2019-07-07 21:00:00,0.4128313012186436,81.0,5658.0,11480.52,657.46709182,67,0.016537516220380584
2019-07-07 22:00:00,0.3657386561378133,79.0,5968.0,11470.0,222.75816973,67,0.006939678785082774
2019-07-07 23:00:00,0.2239871292732569,72.0,3335.0,11550.0,521.3741982500001,67,0.011223019983590736
2019-07-08 00:00:00,0.3374597449913774,55.0,3521.0,11518.59,511.09946607,74,0.012697748321366525
2019-07-08 01:00:00,0.4979539710900695,65.0,2649.0,11545.45,217.61835303,74,0.005222646880169316
2019-07-08 02:00:00,0.6259951341799315,83.0,5044.0,11432.9,265.64198637,74,0.014824516088742455
2019-07-08 03:00:00,0.3727588597507582,55.0,4328.0,11469.96,57.37368245,74,0.00482835346396278
2019-07-08 04:00:00,0.7716023477570191,42.0,1555.0,11421.43,87.09840267,74,0.008489327021492025
2019-07-08 05:00:00,0.4281791578882858,58.0,3616.0,11460.64,162.04409893,74,0.005770992731365649
2019-07-08 06:00:00,0.5268554074900899,55.0,2552.0,11401.69,62.35825864,74,0.00501094960545831
2019-07-08 07:00:00,0.5858187541608652,80.0,5891.0,11404.89,115.54225258,74,0.0068451108821437085
2019-07-08 08:00:00,0.4519035042630382,100.0,12129.0,11489.9,100.59870808,74,0.0039112176180692475
2019-07-08 09:00:00,0.5240537696199977,129.0,10710.0,11474.15,130.70712715,74,0.0029899560915606594
2019-07-08 10:00:00,0.3584213963285901,131.0,8951.0,11430.0,103.7225024,74,0.0025657913698147773
2019-07-08 11:00:00,0.5112357874701167,125.0,13874.0,11476.89,156.03364615,74,0.004766121294789405
2019-07-08 12:00:00,0.323144676831576,138.0,12232.0,11790.0,590.47766217,74,0.017036758916086626
2019-07-08 13:00:00,0.3695860107496383,115.0,11811.0,11862.84,1216.05184965,74,0.008448726370832209
2019-07-08 14:00:00,0.3963657837605923,152.0,15691.0,11924.0,691.12616337,74,0.007477259859499929
2019-07-08 15:00:00,0.3971414067526009,133.0,23488.0,11942.11,1043.52569211,74,0.008007467624573926
2019-07-08 16:00:00,0.6881747381793724,133.0,8758.0,11889.85,688.35449339,74,0.007038318017204141
2019-07-08 17:00:00,0.6674317849753376,116.0,8604.0,11894.43,336.51609104,74,0.0048677990611776245
2019-07-08 18:00:00,0.5500001670954376,129.0,7454.0,11896.87,391.06076361,74,0.0035578068477600325
2019-07-08 19:00:00,0.5668763932396209,157.0,9791.0,11886.8,524.54210341,74,0.005124119683857933
2019-07-08 20:00:00,0.4292953910483869,171.0,12347.0,11872.41,780.22252242,74,0.007662288580816028
2019-07-08 21:00:00,0.6936994245111986,149.0,13495.0,11891.27,325.30878852,74,0.004257605656463002
2019-07-08 22:00:00,0.384526306110766,136.0,11759.0,11888.0,320.94973988,74,0.004223244810505942
2019-07-08 23:00:00,0.6401460366745901,91.0,6165.0,12215.21,1827.21676251,74,0.013763267045665915
2019-07-09 00:00:00,0.3895378581014269,77.0,6082.0,12217.75,1090.08309161,84,0.009799549858181844
2019-07-09 01:00:00,0.4361549180536565,88.0,6027.0,12347.17,462.9989748,84,0.007032875881829579
2019-07-09 02:00:00,0.5489244968104079,116.0,7896.0,12328.96,362.5470765,84,0.005204817780212326
2019-07-09 03:00:00,0.6703949275982568,90.0,8047.0,12286.14,332.81412303,84,0.007927620327724833
2019-07-09 04:00:00,0.4003873796835058,61.0,5259.0,12270.13,435.80623941,84,0.005002022184251223
2019-07-09 05:00:00,0.3362789385086133,83.0,8478.0,12548.94,844.6241146,84,0.012073619777980011
2019-07-09 06:00:00,0.7069674478945871,88.0,8745.0,12664.23,1115.18257215,84,0.009636001724339037
2019-07-09 07:00:00,0.4263371614049356,95.0,9925.0,12677.98,986.78441173,84,0.01633665968127784
2019-07-09 08:00:00,0.339163858029916,92.0,6985.0,12730.1,487.27401133,84,0.009004084297465995
2019-07-09 09:00:00,0.6857775654120919,112.0,8336.0,12682.52,407.37043946,84,0.006791903305919545
2019-07-09 10:00:00,0.2518860517777715,126.0,7785.0,12763.65,530.87645908,84,0.008796833579691911
2019-07-09 11:00:00,0.6620612721394152,134.0,19449.0,12454.76,1238.1317437,84,0.02124777270779053
2019-07-09 12:00:00,0.7188334982478284,123.0,13478.0,12574.28,635.03662141,84,0.006796735847171523
2019-07-09 13:00:00,0.5343130753329473,116.0,8600.0,12698.79,285.59390898,84,0.00951451869485192
2019-07-09 14:00:00,0.6711305984206443,145.0,10658.0,12305.47,1985.34582933,84,0.032825814626722676
2019-07-09 15:00:00,0.2831106333993847,128.0,8442.0,12315.95,699.65204894,84,0.009086113051381395
2019-07-09 16:00:00,0.5598464797110514,153.0,12662.0,12398.65,411.48273438,84,0.006399122245544093
2019-07-09 17:00:00,0.5375087483390922,159.0,12503.0,12394.12,971.28021745,84,0.008100834592203031
2019-07-09 18:00:00,0.6053729895276305,92.0,8102.0,12317.61,849.96366616,84,0.009766464663086399
2019-07-09 19:00:00,0.6076375357012176,128.0,15747.0,12397.75,596.8640833000001,84,0.013732758084465736
2019-07-09 20:00:00,0.3023640206058127,128.0,5776.0,12560.57,497.78931356,84,0.00917283536448197
2019-07-09 21:00:00,0.611070676086779,118.0,9906.0,12562.42,290.34024896,84,0.006497969529723847
2019-07-09 22:00:00,0.7703305222491725,121.0,10828.0,12590.86,290.58262142,84,0.006220261778498246
2019-07-09 23:00:00,0.4372525003572117,98.0,4999.0,12510.0,646.00143924,84,0.020211452126252413
2019-07-10 00:00:00,0.7215247939961127,127.0,9486.0,12405.19,236.53726063,83,0.009593306871309439
2019-07-10 01:00:00,0.2654539947014325,114.0,6287.0,12562.12,302.52652682,83,0.015109776509938451
2019-07-10 02:00:00,0.5375566461586689,162.0,18066.0,12580.68,206.15678041,83,0.009424039762578482
2019-07-10 03:00:00,0.6488947821643873,120.0,8859.0,12567.23,164.34909145,83,0.006645181824044329
2019-07-10 04:00:00,0.5333355614546141,98.0,4233.0,12873.74,829.54144023,83,0.014544172708089605
2019-07-10 05:00:00,0.5344243217867095,79.0,5135.0,12909.88,878.90484095,83,0.008355017397556164
2019-07-10 06:00:00,0.5589674238089837,106.0,8166.0,13059.04,942.26723149,83,0.009806350077696197
2019-07-10 07:00:00,0.5033050354666978,120.0,8755.0,12979.19,848.71416807,83,0.01459240001524656
2019-07-10 08:00:00,0.5001494734705525,113.0,8602.0,13027.34,520.82980544,83,0.009719083667518504
2019-07-10 09:00:00,0.3892492370551377,134.0,9198.0,13047.07,181.71772828,83,0.005726495307047222
2019-07-10 10:00:00,0.5560224517313687,112.0,10667.0,12967.37,352.65375682,83,0.006137008671010775
2019-07-10 11:00:00,0.8610981731551164,123.0,12935.0,12876.0,613.66705487,83,0.010542874862533125
2019-07-10 12:00:00,0.5903663581035249,171.0,17956.0,12946.77,375.32638254,83,0.0073821129247908035
2019-07-10 13:00:00,0.4431134810958961,181.0,21325.0,12975.59,320.35601782,83,0.0064377263349142625
2019-07-10 14:00:00,0.4230341327805131,193.0,19487.0,13004.61,246.57159915,83,0.0075802633564891475
2019-07-10 15:00:00,0.1925799751689725,212.0,17239.0,13005.2,815.68432176,83,0.010126052142162887
2019-07-10 16:00:00,0.6826446347573836,184.0,15570.0,13060.49,511.17352873,83,0.009000702896101115
2019-07-10 17:00:00,0.3088715162438245,151.0,9200.0,13066.97,605.3157412200001,83,0.00913915157282997
2019-07-10 18:00:00,0.5799347274566118,132.0,10111.0,12500.0,1981.27476361,83,0.017850641080338348
2019-07-10 19:00:00,0.6129785963406477,156.0,20979.0,12381.0,3096.7812477,83,0.02318311550073029
2019-07-10 20:00:00,0.2515997658133147,165.0,9750.0,12303.6,795.68519102,83,0.012357628723069575
2019-07-10 21:00:00,0.4259127098401509,124.0,10824.0,12292.42,731.53329371,83,0.0166321086280386
2019-07-10 22:00:00,0.2950361557225398,114.0,5211.0,12216.69,378.93937631,83,0.009074711264329379
2019-07-10 23:00:00,0.91645209637577,78.0,4392.0,12050.0,857.92977489,83,0.020699236099995747
2019-07-11 00:00:00,0.5761600288477233,86.0,5692.0,11783.47,1527.12493371,62,0.02523443673547575
2019-07-11 01:00:00,0.3119627920115282,72.0,4803.0,11935.45,1204.81011734,62,0.02319721691536924
2019-07-11 02:00:00,0.6036750595802302,62.0,3807.0,12085.69,880.03787508,62,0.020009293721901595
2019-07-11 03:00:00,0.5961987882244966,69.0,4588.0,12098.95,341.54975823,62,0.009717253610110978
2019-07-11 04:00:00,0.257151972248615,96.0,7435.0,11915.51,750.39588939,62,0.016969621303250998
2019-07-11 05:00:00,0.548441872748054,88.0,8135.0,11970.0,232.18381273,62,0.013194497437914673
2019-07-11 06:00:00,0.4918130131372168,81.0,5870.0,11975.0,206.27807618,62,0.011114024275914293
2019-07-11 07:00:00,0.5166495637137317,96.0,12286.0,11696.06,731.20228853,62,0.018828118082166688
2019-07-11 08:00:00,0.5201734354046578,81.0,6932.0,11383.77,2686.74717875,62,0.03098932693794448
2019-07-11 09:00:00,0.5259083459558889,87.0,4770.0,11460.82,589.46578335,62,0.013266857393599892
2019-07-11 10:00:00,0.1717419608138654,101.0,6109.0,11568.44,706.00655465,62,0.009466377872993167
2019-07-11 11:00:00,0.5415501274628769,123.0,9105.0,11611.69,628.75033942,62,0.011885877876003125
2019-07-11 12:00:00,0.4161059790030914,117.0,8455.0,11438.35,601.60635093,62,0.013529627135534959
2019-07-11 13:00:00,0.4504996632571161,131.0,8947.0,11479.96,641.88044597,62,0.011661458971773748
2019-07-11 14:00:00,0.4009205060523249,115.0,7484.0,11466.36,603.53745616,62,0.014235003488254629
2019-07-11 15:00:00,0.4637423246637285,94.0,6594.0,11608.2,642.99022458,62,0.009432358398997934
2019-07-11 16:00:00,0.2336627868965592,103.0,10584.0,11591.8,775.43793044,62,0.010735915869633168
2019-07-11 17:00:00,0.4272426725848941,112.0,6491.0,11638.23,557.08695708,62,0.0077694244049242465
2019-07-11 18:00:00,0.3448297684610466,97.0,7799.0,11777.38,989.7959487,62,0.012649247333369003
2019-07-11 19:00:00,0.6281960826441619,27.0,4708.0,11536.91,1051.25239633,62,0.017605813107287475
2019-07-11 20:00:00,0.2971662254320887,124.0,7651.0,11716.61,717.14878318,62,0.01768153335167875
2019-07-11 21:00:00,0.2490194708905141,93.0,3825.0,11712.31,409.60166189,62,0.007028863251037203
2019-07-11 22:00:00,0.3735264740685766,79.0,7050.0,11678.51,480.68124285,62,0.008167733618419272
2019-07-11 23:00:00,0.6597273145443528,53.0,3198.0,11594.73,556.76313155,62,0.008895903367506964
2019-07-12 00:00:00,0.423244161644741,673.0,85838.0,11153.45,2386.57118585,33,0.036270350118292286
2019-07-12 01:00:00,0.5226716942810483,416.0,61442.0,11296.44,707.50529813,33,0.0162047488505804
2019-07-12 02:00:00,0.3001563474280059,253.0,46251.0,11325.4,433.4752909,33,0.011137126437753686
2019-07-12 03:00:00,0.3896871409703338,163.0,21126.0,11349.24,382.32177289,33,0.011402175760499877
2019-07-12 04:00:00,0.5215199088987829,124.0,5276.0,11465.0,549.73927187,33,0.019335019865802727
2019-07-12 05:00:00,0.551904762072325,103.0,5884.0,11424.31,214.52576995,33,0.010466140931224489
2019-07-12 06:00:00,0.453681344366356,124.0,8299.0,11370.99,248.73994167,33,0.006865061627084563
2019-07-12 07:00:00,0.3963267728252541,137.0,12948.0,11195.16,525.24745409,33,0.013371857144100587
2019-07-12 08:00:00,0.5707907920385079,134.0,7326.0,11321.83,618.33657715,33,0.014084766706639502
2019-07-12 09:00:00,0.5996701013071779,147.0,14146.0,11385.05,460.9485926,33,0.009150369167792702
2019-07-12 10:00:00,0.4566260720014111,125.0,12603.0,11432.85,347.77316897000003,33,0.006129518522534535
2019-07-12 11:00:00,0.5304389776464261,137.0,10149.0,11677.59,1273.89089673,33,0.012962996830849635
2019-07-12 12:00:00,0.5597449102908107,189.0,25879.0,11610.0,394.1859775,33,0.008253843495003238
2019-07-12 13:00:00,0.4984545311502283,188.0,11034.0,11687.0,177.79103891,33,0.0034653565841295925
2019-07-12 14:00:00,0.5737181162389766,175.0,17410.0,11677.5,460.78654714,33,0.011246357185500882
2019-07-12 15:00:00,0.3268190515926218,169.0,26760.0,11700.02,182.38074948,33,0.0048615647939143315
2019-07-12 16:00:00,0.3076648722170955,146.0,19167.0,11679.58,461.63658093,33,0.00997318907128566
2019-07-12 17:00:00,0.642162840314749,144.0,9478.0,11676.79,209.04717358,33,0.006691749957321105
2019-07-12 18:00:00,0.6659524968911011,105.0,11238.0,11641.34,251.01548539,33,0.0073689795636204735
2019-07-12 19:00:00,0.5583911071297014,120.0,8230.0,11524.84,615.84152671,33,0.007546008059147346
2019-07-12 20:00:00,0.3920518110035052,130.0,11508.0,11558.42,442.57845151,33,0.010337141673983504
2019-07-12 21:00:00,0.3699682573293746,120.0,8947.0,11638.6,232.91893377,33,0.006305996810419896
2019-07-12 22:00:00,0.3960492000943678,108.0,6231.0,11609.25,252.97880381,33,0.008014058919684583
2019-07-12 23:00:00,0.4887649367575212,95.0,6240.0,11637.24,186.77171843,33,0.005392941894137975
2019-07-13 00:00:00,0.641371224755692,94.0,6622.0,11919.05,579.2909764999999,65,0.009826536348748274
2019-07-13 01:00:00,0.5947532458545594,69.0,5134.0,11805.25,283.55546614,65,0.008163821511789085
2019-07-13 02:00:00,0.5030947405071464,53.0,2523.0,11814.23,126.8455049,65,0.006142188020212721
2019-07-13 03:00:00,0.2791380302376668,63.0,6182.0,11808.91,79.8528222,65,0.005491889223850733
2019-07-13 04:00:00,0.6951881147736663,49.0,5350.0,11771.11,102.92229721,65,0.006262339278973947
2019-07-13 05:00:00,0.1872479753242966,63.0,4930.0,11716.18,182.59911402,65,0.008109157455912014
2019-07-13 06:00:00,0.3457848886870461,42.0,3396.0,11693.15,57.5156861,65,0.005336732389247801
2019-07-13 07:00:00,0.5098109581972649,68.0,4773.0,11629.0,266.12379849,65,0.009882167726046689
2019-07-13 08:00:00,0.5140997794293538,62.0,4082.0,11646.39,154.27612297,65,0.007051030447193788
2019-07-13 09:00:00,0.3038264098925727,53.0,2104.0,11680.0,70.95382976,65,0.00409274228962076
2019-07-13 10:00:00,0.3865164637881807,82.0,5756.0,11579.85,66.03743522,65,0.0029038068459310657
2019-07-13 11:00:00,0.4353368894818762,84.0,4177.0,11509.59,807.63493127,65,0.005758501920107582
2019-07-13 12:00:00,0.2929669479803514,77.0,7350.0,11565.19,225.97445878,65,0.007455661663306911
2019-07-13 13:00:00,0.3471101106476423,110.0,9375.0,11542.93,180.38189024,65,0.009864513018073302
2019-07-13 14:00:00,0.3050818579086405,106.0,3909.0,11312.41,921.21775612,65,0.013802858638108222
2019-07-13 15:00:00,0.8914150157628115,83.0,7567.0,11309.38,523.39587577,65,0.009111948684147634
2019-07-13 16:00:00,0.4466138768596692,90.0,4905.0,11327.33,298.49965152,65,0.008510698421549326
2019-07-13 17:00:00,0.6830146396413916,89.0,4322.0,11370.38,214.41597994,65,0.008778514221004313
2019-07-13 18:00:00,0.3790125734847768,80.0,5351.0,11339.5,287.35859045,65,0.0079400998188226
2019-07-13 19:00:00,0.3524796459853443,98.0,7892.0,11416.09,183.82323891,65,0.008904454848659161
2019-07-13 20:00:00,0.2920353243736904,111.0,9401.0,11334.04,128.14125496,65,0.008161092301513692
2019-07-13 21:00:00,0.5048649363036685,105.0,5459.0,11350.36,268.6646524,65,0.0114963120372444
2019-07-13 22:00:00,0.4090697631034298,122.0,6408.0,11136.95,955.9737331,65,0.014707707525468596
2019-07-13 23:00:00,0.3887877336496794,86.0,7280.0,11198.99,508.39079409,65,0.012935010262174404
2019-07-14 00:00:00,0.5079405309122613,83.0,9278.0,10918.43,1446.73243286,61,0.018053247001061635
2019-07-14 01:00:00,0.4077276039202661,55.0,3042.0,11032.97,487.57501724,61,0.012533159210895858
2019-07-14 02:00:00,0.5928570628089671,69.0,5366.0,11285.82,842.35714401,61,0.027498630175070548
2019-07-14 03:00:00,0.786787734964371,47.0,2943.0,11378.79,210.38772892,61,0.009575056500248933
2019-07-14 04:00:00,0.3505607027903702,40.0,2417.0,11330.66,139.91378149,61,0.008177688811984364
2019-07-14 05:00:00,0.4225316070663151,43.0,3257.0,11397.49,191.83627699,61,0.01134319779000529
2019-07-14 06:00:00,0.4919076867825731,46.0,3778.0,11344.0,83.60187707,61,0.008496143593163244
2019-07-14 07:00:00,0.3270725459474746,47.0,1912.0,11290.03,43.98782468,61,0.004364471170484802
2019-07-14 08:00:00,0.616471528405684,63.0,5216.0,11189.81,124.1997495,61,0.010466980700854476
2019-07-14 09:00:00,0.2935820829462733,69.0,15406.0,11243.77,156.39196274,61,0.005518566125897483
2019-07-14 10:00:00,0.1872916163089261,89.0,3404.0,11229.96,118.95450019,61,0.006650522950952388
2019-07-14 11:00:00,0.2998685195169161,83.0,4222.0,11139.92,267.99984818,61,0.007549315545522478
2019-07-14 12:00:00,0.4184339987286031,117.0,11636.0,11085.31,120.20624762,61,0.006795410650855019
2019-07-14 13:00:00,0.6558592282530888,127.0,10933.0,10834.35,1246.85413943,61,0.02840158588003572
2019-07-14 14:00:00,0.2249105154179754,114.0,12136.0,10733.58,1172.29738623,61,0.0185974671106691
2019-07-14 15:00:00,0.3212056697168777,134.0,7174.0,10671.14,676.41784073,61,0.01631963607572081
2019-07-14 16:00:00,0.371890157612943,144.0,7514.0,10703.17,707.63912422,61,0.014300287042252323
2019-07-14 17:00:00,0.6690035823588385,123.0,7364.0,10664.87,504.89421227,61,0.01604652939468853
2019-07-14 18:00:00,0.68226518978406,106.0,10311.0,10621.97,416.06489397,61,0.01207125464232119
2019-07-14 19:00:00,0.7819557461594141,133.0,11016.0,10425.71,1501.81182891,61,0.022575031112126612
2019-07-14 20:00:00,0.351797810648386,109.0,9225.0,10576.85,842.7602537,61,0.015412063458286279
2019-07-14 21:00:00,0.4517591911893129,118.0,9237.0,10576.45,341.01022378,61,0.01000013025336658
2019-07-14 22:00:00,0.4736750419167148,83.0,4607.0,10476.18,536.99068043,61,0.01905852099653011
2019-07-14 23:00:00,0.372111061591461,84.0,6518.0,10491.31,329.87927795,61,0.010207953954583446
2019-07-15 00:00:00,-0.1122724462155286,147.0,9314.0,10638.0,481.64075529,16,0.02347908330556798
2019-07-15 01:00:00,0.3992441682715404,89.0,8232.0,10637.4,222.87820522,16,0.011163290395494458
2019-07-15 02:00:00,0.5088800056492973,85.0,4396.0,10499.51,497.58289253,16,0.009118383290708909
2019-07-15 03:00:00,0.3159005998696946,68.0,4393.0,10191.87,1444.59445451,16,0.021028670214256934
2019-07-15 04:00:00,0.224265697112488,59.0,3501.0,10009.02,2504.67080411,16,0.0183264397568757
2019-07-15 05:00:00,0.6031059501624164,63.0,4177.0,10044.53,395.73188518,16,0.011354319257428275
2019-07-15 06:00:00,0.0896895557347157,56.0,3515.0,10102.58,520.6799359400001,16,0.017353277739139628
2019-07-15 07:00:00,0.5266020702725519,58.0,4020.0,10270.64,814.31786964,16,0.011360936732531933
2019-07-15 08:00:00,0.42822374853615,74.0,7050.0,10145.15,237.16990939,16,0.007438926834280571
2019-07-15 09:00:00,0.3956076653635575,88.0,8377.0,10170.87,344.83684868,16,0.009128500387731766
2019-07-15 10:00:00,0.4364900285248292,81.0,7456.0,10174.68,392.84566998,16,0.010180509193491538
2019-07-15 11:00:00,0.3398397571566557,83.0,6803.0,10345.29,1065.73198631,16,0.008325654885180524
2019-07-15 12:00:00,0.4286882642729442,113.0,13026.0,10202.04,543.6351061,16,0.009652222733786775
2019-07-15 13:00:00,0.4984815072423684,142.0,10041.0,10330.52,496.82532897,16,0.015440074736764833
2019-07-15 14:00:00,0.3256701928371342,130.0,10171.0,10304.13,241.31951953,16,0.007541979608715731
2019-07-15 15:00:00,0.3735833389530116,116.0,6270.0,10309.99,485.0053463,16,0.008873317705463726
2019-07-15 16:00:00,0.5082914768009378,105.0,7281.0,10055.92,988.95586449,16,0.012626108195644473
2019-07-15 17:00:00,0.3208921555408449,120.0,7041.0,10386.45,856.73516834,16,0.014531896719694334
2019-07-15 18:00:00,0.5130070592471081,341.0,45212.0,10569.88,1160.74383854,16,0.00873096293664823
2019-07-15 19:00:00,0.5501587591402931,195.0,15855.0,10573.43,327.00048334,16,0.008773837199947855
2019-07-15 20:00:00,0.2427319895442619,165.0,8505.0,10652.92,585.67235872,16,0.012441085337590477
2019-07-15 21:00:00,0.4903219521402364,143.0,15366.0,10442.84,493.15298156,16,0.010034177063728469
2019-07-15 22:00:00,0.7455810695520069,96.0,5030.0,10920.73,1752.10002606,16,0.02612971108326715
2019-07-15 23:00:00,0.2857330738989937,114.0,6989.0,10861.16,390.84515127,16,0.006864340594929574
2019-07-16 00:00:00,0.27911776916121,81.0,3112.0,10820.0,263.21645423,34,0.011272306146524136
2019-07-16 01:00:00,0.3596732752776685,94.0,6308.0,10737.18,216.10792538,34,0.00963369352004321
2019-07-16 02:00:00,0.5536197363525569,78.0,5941.0,10938.18,263.99639341,34,0.007134733256879203
2019-07-16 03:00:00,0.505960713828827,55.0,3925.0,10850.0,706.73032859,34,0.014211323262787045
2019-07-16 04:00:00,0.3271801987723053,47.0,2284.0,10925.06,199.6924582,34,0.00778415012651124
2019-07-16 05:00:00,0.6727816042478739,59.0,4030.0,10940.42,307.51785494,34,0.008604201598814093
2019-07-16 06:00:00,0.5036896925100781,67.0,3018.0,10789.54,316.220794,34,0.011223804503660343
2019-07-16 07:00:00,0.1089747444046302,78.0,4223.0,10730.45,219.53360906,34,0.013196309246782816
2019-07-16 08:00:00,0.3939015539014923,66.0,2783.0,10775.98,194.31147112,34,0.009863944194883765
2019-07-16 09:00:00,0.4567638953880558,86.0,7846.0,10782.98,268.73689487,34,0.009599522485436902
2019-07-16 10:00:00,0.4313366503728378,90.0,9454.0,10702.23,257.61741565,34,0.00815967257669041
2019-07-16 11:00:00,0.435772352815971,88.0,4538.0,10755.7,820.74562566,34,0.01993044985056918
2019-07-16 12:00:00,0.4893682117108416,112.0,16440.0,10823.68,259.12896559,34,0.008422934865391692
2019-07-16 13:00:00,0.4982478288210273,126.0,9685.0,10701.41,429.64228989,34,0.013738322006780995
2019-07-16 14:00:00,0.5783626142916898,136.0,11318.0,10700.03,247.97179888,34,0.008001186598809301
2019-07-16 15:00:00,0.4014771589781875,125.0,12025.0,10714.33,228.51892608,34,0.011547064877315952
2019-07-16 16:00:00,0.2644713530279729,176.0,14323.0,10514.71,491.62942015,34,0.015120082980769663
2019-07-16 17:00:00,0.2756978218598239,252.0,20360.0,10407.83,681.85211984,34,0.011865976414904398
2019-07-16 18:00:00,0.6134383548240818,170.0,16111.0,10428.79,633.19930563,34,0.010064593924230501
2019-07-16 19:00:00,0.5832093378546078,139.0,17053.0,10520.3,445.23110084,34,0.010713857136547492
2019-07-16 20:00:00,0.554072982091923,133.0,7044.0,9903.47,3540.73524563,34,0.03080384107290529
2019-07-16 21:00:00,0.3762407009585117,129.0,8560.0,9679.0,4372.69284049,34,0.02958310804528203
2019-07-16 22:00:00,0.2622256424580763,111.0,6588.0,9590.32,1434.73789735,34,0.014217168909787676
2019-07-16 23:00:00,0.380427428240661,113.0,11973.0,9693.17,992.00125983,34,0.009253665874751378
2019-07-17 00:00:00,0.3793033925918019,87.0,8930.0,9600.94,1302.3836233,19,0.014727636067177618
2019-07-17 01:00:00,0.3169118487314154,78.0,3517.0,9635.96,1513.42342731,19,0.02285166956902135
2019-07-17 02:00:00,0.4075204241666287,86.0,9869.0,9475.73,881.41500315,19,0.01038754144617222
2019-07-17 03:00:00,0.6298202226113776,53.0,8012.0,9412.81,722.08813255,19,0.012452051657320776
2019-07-17 04:00:00,0.4173144840360437,60.0,3822.0,9498.77,590.96141225,19,0.01332075844219075
2019-07-17 05:00:00,0.7794823531992823,60.0,3757.0,9482.58,519.06035558,19,0.00863406538297298
2019-07-17 06:00:00,0.2733868062041597,70.0,2682.0,9359.43,1182.07332648,19,0.016722857403589374
2019-07-17 07:00:00,0.3864959840147125,79.0,5682.0,9405.05,378.54173679,19,0.009853826076851736
2019-07-17 08:00:00,0.1728852544987466,99.0,5458.0,9454.18,506.24397115,19,0.01545929248460001
2019-07-17 09:00:00,0.5359696180717474,101.0,6082.0,9566.72,477.29256971,19,0.008929679535489485
2019-07-17 10:00:00,0.6421099586224742,103.0,7435.0,9521.02,427.93537581,19,0.005567022124458108
2019-07-17 11:00:00,0.2206202197380584,126.0,9285.0,9570.0,429.76840499,19,0.01219877827110536
2019-07-17 12:00:00,0.2596719631708267,145.0,17247.0,9520.62,324.11215684,19,0.008214105456190182
2019-07-17 13:00:00,0.7043942847688917,151.0,13038.0,9462.6,591.32449077,19,0.01220564878355481
2019-07-17 14:00:00,0.7955268930152866,162.0,12481.0,9371.72,1325.58979813,19,0.015588086707468118
2019-07-17 15:00:00,0.6243734694817893,198.0,15743.0,9169.7,1624.6272801,19,0.024213391045198096
2019-07-17 16:00:00,0.5926071600479861,153.0,10441.0,9469.5,1716.66905743,19,0.025241878857135292
2019-07-17 17:00:00,0.6476849373604187,132.0,9804.0,9511.19,858.32278001,19,0.009091798773651264
2019-07-17 18:00:00,0.6739753770474844,141.0,8676.0,9699.12,1114.77928791,19,0.012089432150220772
2019-07-17 19:00:00,0.8461988191155827,160.0,31371.0,9744.68,787.25930349,19,0.01395408531147037
2019-07-17 20:00:00,0.6597400847838201,162.0,14698.0,9721.35,641.52539254,19,0.015022362289010622
2019-07-17 21:00:00,0.5087801543624804,160.0,19963.0,9804.32,531.98650953,19,0.014303435154636729
2019-07-17 22:00:00,0.7799053473385245,81.0,10559.0,9958.83,556.19676944,19,0.013247887712049695
2019-07-17 23:00:00,0.5297624355952117,117.0,7899.0,9753.75,697.51586675,19,0.014015594849404052
2019-07-18 00:00:00,0.2880818422925201,83.0,4848.0,9690.24,464.7093945,40,0.010725064678760252
2019-07-18 01:00:00,0.548882647233355,80.0,6691.0,9825.85,515.59072477,40,0.021224333660840016
2019-07-18 02:00:00,0.4085049962679618,80.0,5287.0,9743.44,335.71997221000004,40,0.015522052243105803
2019-07-18 03:00:00,0.3611057507659874,55.0,3016.0,9699.35,394.97932214,40,0.007502818585818065
2019-07-18 04:00:00,0.5956311495618438,55.0,6133.0,9625.35,440.69607971,40,0.009655927926900388
2019-07-18 05:00:00,0.4745512476587656,72.0,5875.0,9789.73,357.24586262,40,0.011435385516388936
2019-07-18 06:00:00,0.5794078708959948,78.0,4850.0,9804.75,168.1652854,40,0.007661122235239946
2019-07-18 07:00:00,0.5430668568033087,91.0,6992.0,9729.16,260.28018141,40,0.01062662004286064
2019-07-18 08:00:00,0.8179347249347892,98.0,7409.0,9920.93,260.63524018,40,0.013814031536866899
2019-07-18 09:00:00,0.8259882714350388,78.0,7312.0,9845.0,229.17305018,40,0.006060042647855792
2019-07-18 10:00:00,0.5332411310251787,78.0,5195.0,9902.56,1030.20184485,40,0.01516044437874129
2019-07-18 11:00:00,0.5670352239607207,122.0,19340.0,9807.95,581.57713715,40,0.007703545986349617
2019-07-18 12:00:00,0.5219889489917702,146.0,16179.0,9724.53,308.76875261,40,0.010256765636958973
2019-07-18 13:00:00,0.4753005417994729,174.0,12830.0,9744.9,287.69239219,40,0.00855964041190475
2019-07-18 14:00:00,0.5683743587219369,248.0,21016.0,9850.64,251.63476354,40,0.010102170454371609
2019-07-18 15:00:00,0.518219281587185,214.0,18684.0,9780.44,271.40384545,40,0.006649297819270483
2019-07-18 16:00:00,0.4660619511682137,172.0,10919.0,9396.78,2267.41718153,40,0.022876695892070243
2019-07-18 17:00:00,0.554302022895338,135.0,7637.0,9413.1,470.50080445,40,0.010328075564371651
2019-07-18 18:00:00,0.7100140011785386,133.0,16874.0,10307.18,3395.76647102,40,0.05663596584610211
2019-07-18 19:00:00,0.4634674834742274,136.0,13189.0,10456.25,2267.2965027,40,0.012662730803258925
2019-07-18 20:00:00,0.7062246538865884,149.0,13341.0,10508.94,2024.48947495,40,0.019058388978290625
2019-07-18 21:00:00,0.5881564195426355,99.0,6427.0,10545.83,599.82201667,40,0.01075400604559953
2019-07-18 22:00:00,0.5147675240721413,105.0,7751.0,10518.61,659.1435803100001,40,0.017349877328422594
2019-07-18 23:00:00,0.7304931822466332,104.0,7957.0,10530.0,530.98462255,40,0.011733936569588613
2019-07-19 00:00:00,0.4374680988985208,105.0,15317.0,10625.62,417.57953626,42,0.008994696845313196
2019-07-19 01:00:00,0.6702132311392246,80.0,6004.0,10610.75,304.32556913,42,0.014381038383195136
2019-07-19 02:00:00,0.6665705781525024,73.0,9556.0,10619.8,222.98068294,42,0.007621393216397447
2019-07-19 03:00:00,0.5608470856996157,65.0,4249.0,10648.6,681.76129805,42,0.012615783308640056
2019-07-19 04:00:00,0.3599405062859023,57.0,5113.0,10675.84,256.96784323,42,0.007545767499037119
2019-07-19 05:00:00,0.5221670626743097,52.0,5213.0,10588.36,302.56808846,42,0.009764555568105605
2019-07-19 06:00:00,0.9556319250471348,78.0,5014.0,10623.81,416.23237225,42,0.011635860328177166
2019-07-19 07:00:00,0.7294549405463865,102.0,17215.0,10599.7,188.89467554,42,0.008772779615106932
2019-07-19 08:00:00,0.4856351994753491,96.0,8188.0,10478.39,357.2921621,42,0.007543446861535823
2019-07-19 09:00:00,0.6938385099292811,116.0,9286.0,10541.68,673.3141420000001,42,0.010968134519889752
2019-07-19 10:00:00,0.581745795865287,87.0,8107.0,10508.03,391.56182362,42,0.007347274991511727
2019-07-19 11:00:00,0.4899276677704908,107.0,10766.0,10630.04,508.17339255,42,0.013499964091915685
2019-07-19 12:00:00,0.6051535122716041,114.0,11935.0,10367.56,2252.19670033,42,0.0337685259903459
2019-07-19 13:00:00,0.6897928079348221,161.0,14022.0,10357.26,703.16115134,42,0.00982642457455155
2019-07-19 14:00:00,0.7073097605141541,133.0,10385.0,10345.07,808.0259081300001,42,0.010220372984635979
2019-07-19 15:00:00,0.4194158704282677,146.0,11696.0,10284.33,393.94051604,42,0.009090906235502226
2019-07-19 16:00:00,0.781460662961004,134.0,7904.0,10502.32,1089.52699911,42,0.027411188795076227
2019-07-19 17:00:00,0.4542835102616894,119.0,7448.0,10309.44,1945.66380334,42,0.025388366419246442
2019-07-19 18:00:00,0.6993543853676235,91.0,10070.0,10325.87,841.63236665,42,0.01360988379563741
2019-07-19 19:00:00,0.9184462848629912,120.0,13939.0,10409.25,562.37338971,42,0.005972491224186555
2019-07-19 20:00:00,0.4891608936363786,98.0,10744.0,10382.25,355.24041356,42,0.00913042993026124
2019-07-19 21:00:00,0.4390548238099527,76.0,6917.0,10427.69,234.34955741,42,0.008092584046394555
2019-07-19 22:00:00,0.3215349876359084,81.0,5224.0,10391.97,217.76312272,42,0.008237346763693138
2019-07-19 23:00:00,0.6779672788972114,69.0,4917.0,10407.4,244.28947577,42,0.0053570244328548546
2019-07-20 00:00:00,0.7050041833028095,64.0,3961.0,10535.45,415.6583456,34,0.005680784335997819
2019-07-20 01:00:00,0.447253058817383,63.0,3327.0,10565.04,226.10258657,34,0.005888213872062604
2019-07-20 02:00:00,0.5810175267426734,59.0,4344.0,10487.4,231.36746977,34,0.00748288904160916
2019-07-20 03:00:00,0.3878359123451605,63.0,5935.0,10535.43,171.16016138,34,0.006142626741442105
2019-07-20 04:00:00,0.789625219618596,52.0,2970.0,10468.52,323.05360504,34,0.01192912835756704
2019-07-20 05:00:00,0.7985049936546543,42.0,2840.0,10449.97,217.96627018,34,0.009814338819024743
2019-07-20 06:00:00,0.7205997973400046,46.0,2894.0,10522.4,95.57401839,34,0.005417411493879685
2019-07-20 07:00:00,0.6844222321931513,60.0,5424.0,10535.29,117.99005159,34,0.004761626800081031
2019-07-20 08:00:00,0.6181774117283323,71.0,5483.0,10628.52,287.35333457,34,0.010071787828952754
2019-07-20 09:00:00,0.314155357954831,56.0,4424.0,10600.0,151.09911475,34,0.004573027270721918
2019-07-20 10:00:00,0.5142866947594289,49.0,2613.0,10636.15,91.91343089,34,0.002866651317674675
2019-07-20 11:00:00,0.9840220149153948,85.0,15717.0,10587.73,454.33782219,34,0.014755729542429104
2019-07-20 12:00:00,0.6739606755536504,70.0,7229.0,10569.66,101.75852055,34,0.004520656574783803
2019-07-20 13:00:00,0.2827542057490069,107.0,8955.0,10589.2,140.05466553,34,0.004399351248469777
2019-07-20 14:00:00,0.5499603414055023,104.0,8341.0,10599.2,149.90177081,34,0.0060283452803694335
2019-07-20 15:00:00,0.6512095315167042,113.0,7210.0,10597.86,630.51836677,34,0.012231153170063278
2019-07-20 16:00:00,0.624167902063067,126.0,10358.0,10531.4,261.83698662,34,0.007246956484421764
2019-07-20 17:00:00,0.860684918420939,138.0,12645.0,10554.33,1552.31977539,34,0.0199117398006649
2019-07-20 18:00:00,0.7193430907732223,116.0,10254.0,10628.24,361.04027385,34,0.004379054951643806
2019-07-20 19:00:00,0.97765619793585,94.0,9572.0,10657.15,377.45207785,34,0.006556745157127767
2019-07-20 20:00:00,0.4734803852295238,119.0,7605.0,10821.07,1218.449921,34,0.01663008465799168
2019-07-20 21:00:00,0.8064438219409592,98.0,8122.0,10909.41,1342.57525693,34,0.015435519539412215
2019-07-20 22:00:00,0.8545323645868713,80.0,7187.0,10944.04,202.20383982,34,0.004701985979966563
2019-07-20 23:00:00,0.1613200534297771,84.0,9599.0,10930.0,147.94368009,34,0.0033793622927732075
2019-07-21 00:00:00,0.2288533901659976,67.0,4117.0,10948.26,89.43391167,42,0.004397959612960608
2019-07-21 01:00:00,0.2636378584261095,59.0,3885.0,10960.98,117.92976067,42,0.004116050826161751
2019-07-21 02:00:00,0.3665101846757353,34.0,849.0,11009.59,263.15403656,42,0.004530207506032444
2019-07-21 03:00:00,0.4689164039174162,42.0,1782.0,10750.11,1268.81339111,42,0.027303122647613667
2019-07-21 04:00:00,0.605117115392758,48.0,2598.0,10806.21,453.94322411,42,0.010197657964522475
2019-07-21 05:00:00,0.6147057095778046,36.0,1817.0,10808.83,193.58968949,42,0.003994140555296276
2019-07-21 06:00:00,0.8191779387499335,38.0,4831.0,10669.64,588.71938658,42,0.010144089167559765
2019-07-21 07:00:00,0.8034180753823253,58.0,5807.0,10599.02,215.47751621,42,0.007697592708513708
2019-07-21 08:00:00,0.8220630374662086,53.0,4370.0,10656.25,208.2293449,42,0.00738934069241182
2019-07-21 09:00:00,0.8902390399663351,43.0,2742.0,10583.71,99.2035278,42,0.0057509831254943375
2019-07-21 10:00:00,0.5241719855469966,79.0,3618.0,10595.64,209.39588455,42,0.006845869237332827
2019-07-21 11:00:00,0.4860200326588206,70.0,4970.0,10613.67,47.39539859,42,0.004228514535464286
2019-07-21 12:00:00,0.3427259696210687,89.0,5148.0,10680.8,385.59360205,42,0.016522812907092815
2019-07-21 13:00:00,0.4453555938277606,72.0,4904.0,10691.18,109.36793307,42,0.004242970518379001
2019-07-21 14:00:00,0.3741923257471466,124.0,8226.0,10551.83,445.71676027,42,0.009687379581570845
2019-07-21 15:00:00,0.7000664225543742,95.0,7672.0,10590.0,87.18657466,42,0.006629863459890912
2019-07-21 16:00:00,0.6711960148717343,98.0,7196.0,10572.46,88.16577803,42,0.004426086690761339
2019-07-21 17:00:00,0.5925033204671047,103.0,6288.0,10541.43,154.40860564,42,0.008144188793512674
2019-07-21 18:00:00,0.5709228965385568,85.0,8850.0,10417.79,508.87085739,42,0.012753593428601013
2019-07-21 19:00:00,0.2761868012613381,87.0,4400.0,10460.88,255.2812831,42,0.007722953371181114
2019-07-21 20:00:00,0.443515329165686,94.0,5414.0,10384.85,146.70798659,42,0.006479636517598754
2019-07-21 21:00:00,0.4277490379076663,70.0,5115.0,10413.66,146.29246240999998,42,0.007575795258368372
2019-07-21 22:00:00,0.3213613495242339,69.0,2895.0,10501.21,166.97805284,42,0.00866676307016861
2019-07-21 23:00:00,0.5739271517916147,59.0,3348.0,10420.9,408.78814349,42,0.01251374638239242
2019-07-22 00:00:00,0.4263081435154007,74.0,4373.0,10518.19,161.84747373,42,0.005340954122574004
2019-07-22 01:00:00,0.3785704767695704,66.0,3856.0,10566.81,275.69968679000004,42,0.0053566596969052355
2019-07-22 02:00:00,0.8056373914187936,48.0,3320.0,10553.04,203.52543377,42,0.009180081091317904
2019-07-22 03:00:00,0.5128867146535114,64.0,2576.0,10600.24,67.77716058,42,0.006636341223576669
2019-07-22 04:00:00,0.5651409902881771,61.0,4699.0,10607.82,307.74988075,42,0.00844845752996531
2019-07-22 05:00:00,0.3829584025097798,45.0,1934.0,10598.1,102.35949791,42,0.003943933557625736
2019-07-22 06:00:00,0.416793024969767,63.0,3501.0,10630.75,64.32668407,42,0.005117944119224155
2019-07-22 07:00:00,0.9320593836587792,79.0,6821.0,10630.28,102.58683896,42,0.003107691014579685
2019-07-22 08:00:00,0.4231615281773624,91.0,6398.0,10562.14,328.05084547,42,0.007690416675416033
2019-07-22 09:00:00,0.4172294871829028,82.0,9907.0,10607.88,167.25255252,42,0.005839658785742294
2019-07-22 10:00:00,0.5320000919438042,80.0,6197.0,10602.5,359.49291005,42,0.00481975987156041
2019-07-22 11:00:00,0.5273597288704233,93.0,9406.0,10600.0,366.7775569,42,0.003510124604315484
2019-07-22 12:00:00,0.5794177274402879,98.0,5504.0,10559.75,251.52282566,42,0.005878612093548765
2019-07-22 13:00:00,0.5689855799169862,134.0,13001.0,10453.83,582.00218455,42,0.00624440230678259
2019-07-22 14:00:00,0.6288165728919962,115.0,14850.0,10488.4,431.80298764,42,0.006150834839885082
2019-07-22 15:00:00,0.4171076488597359,122.0,9281.0,10554.13,348.28926685,42,0.011217815347867621
2019-07-22 16:00:00,0.6383485041253103,129.0,11405.0,10524.61,92.8532599,42,0.0076610037419586096
2019-07-22 17:00:00,0.2547342021640331,109.0,8251.0,10506.05,175.42309605,42,0.005054699808629236
2019-07-22 18:00:00,0.4790764126719,111.0,9932.0,10196.31,1410.52477611,42,0.020697723287664036
2019-07-22 19:00:00,0.5283752493048732,123.0,18536.0,10223.9,739.60835458,42,0.012007021343265905
2019-07-22 20:00:00,0.1491334710715575,123.0,9164.0,10222.97,176.10026432,42,0.005745284710115136
2019-07-22 21:00:00,0.4004108986037155,80.0,6342.0,10337.46,578.25664288,42,0.015004157087276222
2019-07-22 22:00:00,0.6553511763640308,80.0,3586.0,10273.79,249.00297983,42,0.0056578160803622875
2019-07-22 23:00:00,0.7488204737507639,70.0,10708.0,10145.84,1475.46307031,42,0.016699403289754514
2019-07-23 00:00:00,0.7724826398501239,71.0,5702.0,10317.46,593.04484323,40,0.016385107009031022
2019-07-23 01:00:00,0.7119858135918024,46.0,3247.0,10272.01,165.87802611,40,0.010760225325845427
2019-07-23 02:00:00,0.5351053558524226,56.0,3230.0,10286.19,196.88836616,40,0.009049900765522994
2019-07-23 03:00:00,0.5991040211543772,50.0,2254.0,10328.83,106.0487315,40,0.0045223293901802755
2019-07-23 04:00:00,0.5146854281282056,41.0,1514.0,10243.0,229.42868453,40,0.008438421659623456
2019-07-23 05:00:00,0.4096364250095954,49.0,5323.0,10202.34,136.57465542,40,0.002683151368362292
2019-07-23 06:00:00,0.1904708754856888,76.0,5318.0,10271.67,217.31079288,40,0.004328653458210018
2019-07-23 07:00:00,0.5110050563413252,87.0,9896.0,10236.38,113.90251111,40,0.0039251869811110845
2019-07-23 08:00:00,0.5167704227378862,78.0,5375.0,10213.87,218.42444934,40,0.00375896876067919
2019-07-23 09:00:00,0.5079477981182771,77.0,6855.0,10140.0,247.58736047,40,0.00942776059798706
2019-07-23 10:00:00,0.3111808587845655,92.0,4435.0,10021.2,803.73717233,40,0.014392509377231699
2019-07-23 11:00:00,0.2379969132539316,84.0,5481.0,10014.88,854.14750004,40,0.01780993700246677
2019-07-23 12:00:00,0.4422593107172271,108.0,7399.0,9939.21,937.77246785,40,0.011989117523845296
2019-07-23 13:00:00,0.372785640547017,115.0,7454.0,9963.72,446.74123019,40,0.006647664405436176
2019-07-23 14:00:00,0.654107808934962,120.0,12836.0,9981.8,864.9410318299999,40,0.01082317293145646
2019-07-23 15:00:00,0.4231478814264697,98.0,5675.0,10013.31,241.58564577,40,0.006031025509077392
2019-07-23 16:00:00,0.5750113134590951,125.0,13777.0,9977.37,141.10466962,40,0.006034462201436095
2019-07-23 17:00:00,0.2417892371848368,93.0,5664.0,9957.47,365.25929877,40,0.0093309966219203
2019-07-23 18:00:00,0.5528136018330427,92.0,7168.0,9976.43,288.63258809,40,0.008600418068391185
2019-07-23 19:00:00,0.3834371576301474,91.0,9403.0,9941.75,417.14003131,40,0.010324017073615523
2019-07-23 20:00:00,0.594979913631795,95.0,7974.0,9986.41,183.31893776,40,0.006944807186526745
2019-07-23 21:00:00,0.6582088333884684,109.0,7378.0,10007.67,195.88671812,40,0.004947094886429777
2019-07-23 22:00:00,0.3949789785361257,96.0,14074.0,10095.43,578.30728411,40,0.00990603231645038
2019-07-23 23:00:00,0.0365353756845147,81.0,4336.0,10133.07,179.19723011,40,0.004232321770746541
2019-07-24 00:00:00,0.2059149183824881,95.0,7956.0,10144.99,267.72235257,20,0.006100574149130073
2019-07-24 01:00:00,0.3229367352128324,73.0,4846.0,10126.66,155.48008558,20,0.004970880851367989
2019-07-24 02:00:00,0.5918381797996823,75.0,6378.0,10029.14,167.31851513,20,0.007274274951914926
2019-07-24 03:00:00,0.7070212162157457,46.0,3526.0,9847.02,789.32761328,20,0.011777294582888774
2019-07-24 04:00:00,-0.0781264575419892,41.0,2964.0,9679.4,910.29365639,20,0.014375680642442363
2019-07-24 05:00:00,0.931226020179036,45.0,3224.0,9689.0,263.183919,20,0.004789770238795008
2019-07-24 06:00:00,0.3161602007206304,78.0,4665.0,9690.62,360.63282906,20,0.008080447536741097
2019-07-24 07:00:00,0.5218555585799931,93.0,7421.0,9636.85,98.53587448,20,0.004662940873775593
2019-07-24 08:00:00,0.2242365930426567,77.0,4109.0,9624.18,273.66367837,20,0.006782479156095357
2019-07-24 09:00:00,0.3342062595289269,80.0,6455.0,9692.51,399.02534602,20,0.011176282336686843
2019-07-24 10:00:00,0.54937015039457,80.0,4062.0,9695.13,612.57298134,20,0.006319650811848351
2019-07-24 11:00:00,0.614489617266432,108.0,11827.0,9698.69,375.89541236,20,0.005660600385304589
2019-07-24 12:00:00,0.3680867884811267,124.0,14645.0,9742.93,277.31540095,20,0.006147681570584102
2019-07-24 13:00:00,0.4569363238468517,160.0,12368.0,9753.47,407.50536483,20,0.0044693751419712805
2019-07-24 14:00:00,0.4771547753636542,130.0,8436.0,9700.32,260.01548562,20,0.007715067594780602
2019-07-24 15:00:00,0.5254160527333158,131.0,8823.0,9716.07,266.1358846,20,0.011044456163448284
2019-07-24 16:00:00,0.3522519532952435,136.0,11054.0,9741.98,322.48615966,20,0.006250561090635945
2019-07-24 17:00:00,0.8598589777469451,129.0,30745.0,9707.76,429.1417053,20,0.009328876692952931
2019-07-24 18:00:00,0.4865031734226447,133.0,9458.0,9855.23,979.02476927,20,0.010538630113652843
2019-07-24 19:00:00,0.4928905210658482,135.0,11702.0,9901.0,585.87234161,20,0.004943018598636586
2019-07-24 20:00:00,0.7070176865767545,118.0,13421.0,9562.17,920.48998093,20,0.01795717904097303
2019-07-24 21:00:00,0.5081350006602956,89.0,6501.0,9606.2,285.27113144,20,0.007276411069795339
2019-07-24 22:00:00,0.6093951595987894,101.0,8854.0,9633.22,117.44206035,20,0.005089448231598488
2019-07-24 23:00:00,0.5981581375874392,67.0,6371.0,9648.44,359.24333201,20,0.01064837055996528
2019-07-25 00:00:00,0.6699434047133294,94.0,5047.0,9669.95,277.96733394,42,0.012640149636205985
2019-07-25 01:00:00,0.4836963830432138,79.0,7174.0,9780.0,181.11924828,42,0.007939183931270372
2019-07-25 02:00:00,0.5456048972199836,76.0,5070.0,9777.27,337.11192112000003,42,0.006548547037903636
2019-07-25 03:00:00,0.295543007929946,42.0,3094.0,9763.67,133.39938324,42,0.006091548130279651
2019-07-25 04:00:00,0.4757748158607894,54.0,3767.0,10104.98,794.10797854,42,0.02281930604562759
2019-07-25 05:00:00,0.858193753792887,59.0,6478.0,10101.63,233.68701528,42,0.00724066031318064
2019-07-25 06:00:00,0.4981175298250724,78.0,6571.0,10098.86,212.39835113,42,0.0055529147624003095
2019-07-25 07:00:00,0.6181418054656045,63.0,6667.0,10106.93,151.34972103,42,0.003890556393692385
2019-07-25 08:00:00,0.6089387733352065,68.0,5462.0,10075.97,174.76282573,42,0.006201578003952442
2019-07-25 09:00:00,0.4880141194817332,75.0,7662.0,10079.35,101.17520097,42,0.00351763306080903
2019-07-25 10:00:00,0.2093830245718346,67.0,4310.0,10099.58,111.9980815,42,0.0045613677000501595
2019-07-25 11:00:00,0.4023571726014669,79.0,6648.0,10079.97,160.65013423,42,0.004816532767218012
2019-07-25 12:00:00,0.669700560840263,117.0,10846.0,10104.98,130.66949268,42,0.0038953144914661694
2019-07-25 13:00:00,0.3736002135658757,111.0,10473.0,10120.7,180.85075831,42,0.005027210519798786
2019-07-25 14:00:00,0.3149848890653549,121.0,11866.0,10095.65,177.97239321,42,0.00997669432056726
2019-07-25 15:00:00,0.5019624790535373,150.0,9010.0,10100.08,202.15934328,42,0.0027615358512186033
2019-07-25 16:00:00,0.3213037771926113,118.0,5263.0,10150.55,548.93449265,42,0.0066905727522780685
2019-07-25 17:00:00,0.5596480313895452,106.0,7609.0,9971.75,668.90063981,42,0.010900993983178004
2019-07-25 18:00:00,0.7925379440918947,86.0,10964.0,9979.49,186.48269232,42,0.003720572977706039
2019-07-25 19:00:00,0.5310826223476174,111.0,5309.0,9996.49,254.57974597,42,0.0030866633417639946
2019-07-25 20:00:00,0.3935667599385212,102.0,4907.0,9985.0,437.77255753,42,0.01064790766918359
2019-07-25 21:00:00,0.4258044284950997,86.0,8958.0,9985.61,79.09658414,42,0.0025929690112524734
2019-07-25 22:00:00,0.5252955413391331,88.0,5762.0,10000.94,151.21940865,42,0.0030400526316122422
2019-07-25 23:00:00,0.5469487596315419,61.0,4962.0,9869.93,613.16491012,42,0.011530913188530173
2019-07-26 00:00:00,0.6702137456074133,74.0,3332.0,9870.44,291.97380294,24,0.006209491636768125
2019-07-26 01:00:00,0.5461403438332026,69.0,4221.0,9894.0,196.87642091,24,0.006805307732533518
2019-07-26 02:00:00,0.4820154644182258,57.0,4652.0,9915.69,246.25822686,24,0.006932316815054555
2019-07-26 03:00:00,0.5503463473935755,50.0,3272.0,9883.96,70.91674006,24,0.005475354609705624
2019-07-26 04:00:00,0.6116772532162892,43.0,3818.0,9727.4,566.90346909,24,0.013405744529988148
2019-07-26 05:00:00,0.4482005175782577,46.0,5249.0,9723.54,91.76381613,24,0.0051617806634362915
2019-07-26 06:00:00,0.2988070625943305,60.0,3639.0,9705.51,68.47842252,24,0.002280894715769781
2019-07-26 07:00:00,0.644261596546236,63.0,5764.0,9709.4,132.11452956,24,0.00801273654584577
2019-07-26 08:00:00,0.5508501201332118,75.0,6626.0,9730.31,105.64288914,24,0.0023362477389027156
2019-07-26 09:00:00,0.4093915903470084,57.0,3558.0,9728.25,36.28124435,24,0.0023320109089750686
2019-07-26 10:00:00,0.4908982866479429,107.0,8064.0,9708.63,199.41272497,24,0.005156354252247609
2019-07-26 11:00:00,0.5917496214477731,88.0,8374.0,9776.39,526.85259308,24,0.005922707255648972
2019-07-26 12:00:00,0.4873014749803404,105.0,6749.0,9793.56,229.65769215,24,0.003706382451039381
2019-07-26 13:00:00,0.4106199621050151,130.0,7207.0,9800.7,258.44275523,24,0.003432526813481384
2019-07-26 14:00:00,0.8001737813233083,114.0,6868.0,9773.48,115.67633589,24,0.003887644645614833
2019-07-26 15:00:00,0.4717564823222221,123.0,8895.0,9806.84,178.50863085,24,0.0035510365650053585
2019-07-26 16:00:00,0.4111505769062917,204.0,161289.0,9789.87,336.55681341,24,0.007320633099277352
2019-07-26 17:00:00,0.3846973913795808,183.0,10249.0,9792.0,414.33714866,24,0.006043550128874669
2019-07-26 18:00:00,0.6420327576309395,132.0,9101.0,9782.0,840.90095689,24,0.006324531492744456
2019-07-26 19:00:00,0.5693351170044988,113.0,5674.0,9795.26,99.84863467,24,0.0036929748815966606
2019-07-26 20:00:00,0.2999972999438789,108.0,3476.0,9816.51,277.51932325,24,0.009124554653899624
2019-07-26 21:00:00,0.5407722682224316,104.0,4948.0,9785.11,175.99969210999998,24,0.0051884375908561944
2019-07-26 22:00:00,0.5460910773644246,75.0,8827.0,9823.91,125.16285735,24,0.005504865128157276
2019-07-26 23:00:00,0.3917030876985933,55.0,2180.0,9865.66,210.0062316,24,0.0050513116626108995
2019-07-27 00:00:00,0.379655168297825,115.0,6484.0,9838.81,305.12874077,47,0.009325520161414896
2019-07-27 01:00:00,0.5178653643780722,64.0,5761.0,9843.45,103.45500864,47,0.005943323327526125
2019-07-27 02:00:00,0.3264629234039704,59.0,2849.0,9787.44,125.06524005,47,0.0029082811326295696
2019-07-27 03:00:00,0.4986115989463284,56.0,5925.0,9846.94,46.3933971,47,0.004299612908373869
2019-07-27 04:00:00,0.6196051651334049,46.0,2530.0,10170.45,1233.1731655,47,0.02144182624725044
2019-07-27 05:00:00,0.541718117500717,48.0,8620.0,10126.55,152.85767601,47,0.004557115708194533
2019-07-27 06:00:00,0.8456585409495291,44.0,2739.0,10140.24,141.56510694,47,0.002701213435852525
2019-07-27 07:00:00,0.6042007451352085,55.0,3910.0,10134.94,156.12159359,47,0.002358402798962489
2019-07-27 08:00:00,0.5979337310108609,62.0,2894.0,10135.0,100.43248996,47,0.002157535857390631
2019-07-27 09:00:00,0.8935188361837229,61.0,6521.0,10082.87,143.4707816,47,0.004160772310120666
2019-07-27 10:00:00,0.1893492551908693,82.0,6556.0,10084.74,37.46665695,47,0.0020260429295748217
2019-07-27 11:00:00,0.2014390563624697,92.0,8301.0,10076.74,68.17029461,47,0.004090005834639453
2019-07-27 12:00:00,0.5708728175805855,115.0,6843.0,10080.61,49.31922783,47,0.002881180123546909
2019-07-27 13:00:00,0.4157116238740892,94.0,6629.0,10051.64,25.95463203,47,0.0023364173956861366
2019-07-27 14:00:00,0.3796885251374564,116.0,8574.0,9502.59,2014.86575156,47,0.032784960672704234
2019-07-27 15:00:00,0.5590898530157691,98.0,6237.0,9500.0,675.79275727,47,0.007973733196413221
2019-07-27 16:00:00,0.7016338859419439,103.0,5975.0,9413.04,1028.8601384,47,0.010196912837295955
2019-07-27 17:00:00,0.4094089135228598,75.0,4650.0,9422.23,381.6971333,47,0.0076854657509390035
2019-07-27 18:00:00,0.6116715978121806,99.0,6899.0,9427.06,276.6791902,47,0.004927271155966237
2019-07-27 19:00:00,0.6235068265438165,95.0,9139.0,9417.3,952.55786766,47,0.011629933239437801
2019-07-27 20:00:00,0.5119269984071806,111.0,13672.0,9437.36,334.97679734,47,0.006601024049618305
2019-07-27 21:00:00,0.649269763266718,65.0,3430.0,9442.57,189.95506099,47,0.003972619152892761
2019-07-27 22:00:00,0.4791931988170527,62.0,4135.0,9396.53,282.76973428,47,0.00638931274752381
2019-07-27 23:00:00,0.7008838716120551,60.0,5226.0,9399.84,142.52273733,47,0.006653356535659242
2019-07-28 00:00:00,0.8260506508797167,66.0,7130.0,9438.39,142.56803513,16,0.004960612001789506
2019-07-28 01:00:00,0.6228519171909725,59.0,3449.0,9510.0,144.12243236,16,0.004413665773767269
2019-07-28 02:00:00,0.7362743887981106,46.0,2353.0,9445.0,688.3662714,16,0.016364319618480224
2019-07-28 03:00:00,0.5484990890341351,40.0,1527.0,9481.37,249.83654295,16,0.009464235703074829
2019-07-28 04:00:00,0.6565756105077547,47.0,3048.0,9408.86,128.05839874,16,0.00793625663167928
2019-07-28 05:00:00,0.2280086755837442,38.0,1490.0,9475.96,53.32916221,16,0.0030283568275056715
2019-07-28 06:00:00,0.1759428739937019,43.0,2167.0,9448.46,117.01769103,16,0.003238837412803338
2019-07-28 07:00:00,0.8221382159578811,33.0,1836.0,9458.75,55.83243665,16,0.0034891618258922137
2019-07-28 08:00:00,0.6265644643188216,50.0,2996.0,9501.28,138.39247895,16,0.007398442427898727
2019-07-28 09:00:00,0.275834909748998,53.0,2529.0,9505.15,58.87511554,16,0.0033804992958951707
2019-07-28 10:00:00,0.7327613181088698,70.0,4218.0,9503.84,54.26890456,16,0.006074749379460916
2019-07-28 11:00:00,0.343175683042669,52.0,4830.0,9482.19,28.65024402,16,0.003569039645275596
2019-07-28 12:00:00,0.6475143993156521,66.0,5538.0,9496.54,39.2846714,16,0.004398076289462759
2019-07-28 13:00:00,0.4841307744462788,75.0,5884.0,9461.02,44.50311642,16,0.004216420237257654
2019-07-28 14:00:00,0.4119658969360487,90.0,8027.0,9442.84,106.8281893,16,0.004318042043480689
2019-07-28 15:00:00,0.3677122971627853,99.0,12136.0,9514.02,161.53794993,16,0.007892780973243141
2019-07-28 16:00:00,0.6506250469260693,87.0,5388.0,9501.02,64.73327396,16,0.0046997949614040494
2019-07-28 17:00:00,0.5303230447317105,101.0,10316.0,9480.83,48.85129693,16,0.0032258430501269225
2019-07-28 18:00:00,0.4811590125873405,85.0,5604.0,9488.87,39.05469295,16,0.004406409928612741
2019-07-28 19:00:00,0.3627243753748721,79.0,4419.0,9495.63,67.02913335,16,0.004001013613976557
2019-07-28 20:00:00,0.4122427565932083,78.0,7608.0,9513.4,102.39482897,16,0.00475109350500759
2019-07-28 21:00:00,0.3789499528296322,64.0,3521.0,9524.22,65.22567199,16,0.003043395397377907
2019-07-28 22:00:00,0.4931529760199123,78.0,4378.0,9537.76,61.2554229,16,0.0029719859526433955
2019-07-28 23:00:00,0.375029150687608,97.0,7056.0,9539.62,44.21200587,16,0.0018868294144136705
2019-07-29 00:00:00,0.3600418218934015,63.0,7265.0,9501.9,103.13698035,19,0.006814040083772806
2019-07-29 01:00:00,0.3005685206397376,61.0,3703.0,9438.0,56.10676788,19,0.006012601082658688
2019-07-29 02:00:00,0.5385619315594482,62.0,7403.0,9511.72,1850.47925783,19,0.03932893081708168
2019-07-29 03:00:00,0.6730422719605568,59.0,4766.0,9533.19,371.77712517,19,0.008586088311581632
2019-07-29 04:00:00,0.4201662114157521,41.0,2784.0,9527.83,126.55803076,19,0.004698763233847951
2019-07-29 05:00:00,0.5532672430526308,46.0,2580.0,9653.36,428.70197842,19,0.012471790187059115
2019-07-29 06:00:00,0.576091613685463,39.0,1825.0,9629.64,183.04652211,19,0.003409365508973628
2019-07-29 07:00:00,0.981924667614592,88.0,7100.0,9620.3,157.07184065,19,0.003310888846504895
2019-07-29 08:00:00,0.561658271470476,79.0,5992.0,9650.29,87.6177635,19,0.0034535621896625494
2019-07-29 09:00:00,0.6094195208026935,67.0,5394.0,9603.3,269.75948924,19,0.005138793696908385
2019-07-29 10:00:00,0.7165245964254838,84.0,7065.0,9593.76,156.99567107,19,0.004039368072440042
2019-07-29 11:00:00,0.3173901097153902,92.0,9888.0,9594.97,80.82138375,19,0.0023526896731990276
2019-07-29 12:00:00,0.4393790098074999,136.0,10041.0,9560.74,115.42456005,19,0.0062154450024153604
2019-07-29 13:00:00,0.5356777422894217,127.0,11628.0,9471.68,425.18542595,19,0.014539387757659217
2019-07-29 14:00:00,0.5712066474789397,144.0,8391.0,9478.74,221.36352156,19,0.005381178035278805
2019-07-29 15:00:00,0.6848235158840384,115.0,6433.0,9455.76,147.82908828,19,0.005870233001493088
2019-07-29 16:00:00,0.8247486889484363,114.0,10643.0,9513.26,316.99700185,19,0.00453771290660171
2019-07-29 17:00:00,0.4382469244498727,144.0,11633.0,9522.59,296.85818247,19,0.00819373737198159
2019-07-29 18:00:00,0.6052271729385765,112.0,10333.0,9507.34,191.35609585,19,0.005975556470389373
2019-07-29 19:00:00,0.4329265305512879,99.0,10846.0,9513.21,262.33222398,19,0.006527194924237423
2019-07-29 20:00:00,0.5169187953793727,79.0,6778.0,9540.99,669.02922352,19,0.022087720275789455
2019-07-29 21:00:00,0.433677242122124,87.0,6592.0,9472.08,324.53068031,19,0.010457081005262428
2019-07-29 22:00:00,0.6973759798969296,69.0,4914.0,9499.49,108.40085179,19,0.0059378761420613695
2019-07-29 23:00:00,0.6189932855834163,63.0,4644.0,9467.32,87.96226263999999,19,0.0027360362647216342
2019-07-30 00:00:00,0.5907082266379571,73.0,9208.0,9519.77,96.7966796,22,0.0033082451448463107
2019-07-30 01:00:00,0.803725216587636,52.0,9795.0,9505.0,109.3109234,22,0.0020464530517336267
2019-07-30 02:00:00,0.2525869638019883,47.0,3253.0,9510.3,50.77069829,22,0.004259970730751947
2019-07-30 03:00:00,0.5287759021280681,45.0,3679.0,9495.39,153.93421026,22,0.007717438793514776
2019-07-30 04:00:00,0.6776767468794248,37.0,5873.0,9520.45,31.1022278,22,0.0021696455610684187
2019-07-30 05:00:00,0.2141974557475531,46.0,2449.0,9469.57,66.53856061,22,0.003345762976164015
2019-07-30 06:00:00,0.8080046586629125,63.0,4338.0,9405.94,172.61160215,22,0.007292901390973855
2019-07-30 07:00:00,0.6582169698313904,69.0,8157.0,9428.03,188.00677778,22,0.003793677345483761
2019-07-30 08:00:00,0.5114242764530639,95.0,9696.0,9414.42,85.19452825,22,0.002606371055152224
2019-07-30 09:00:00,0.4964039496483164,99.0,10067.0,9436.22,154.92399723,22,0.004034880023293165
2019-07-30 10:00:00,0.964993053523756,62.0,9705.0,9491.31,309.8450618,22,0.005241552351155609
2019-07-30 11:00:00,0.4484002225696136,78.0,5571.0,9494.0,106.59837892,22,0.003130474380677653
2019-07-30 12:00:00,0.5687592957139868,99.0,14303.0,9478.14,78.54581758,22,0.005124630370755467
2019-07-30 13:00:00,0.7069799377262884,115.0,11409.0,9484.72,97.5073156,22,0.002529669326594106
2019-07-30 14:00:00,0.6792687295549191,119.0,10640.0,9492.21,140.99627045,22,0.004234244186065538
2019-07-30 15:00:00,0.4562775496474636,131.0,8175.0,9530.38,533.19774819,22,0.01259043812243962
2019-07-30 16:00:00,0.4923088599912273,102.0,10086.0,9548.36,494.11514262,22,0.0072676659574764935
2019-07-30 17:00:00,0.4433141798760578,149.0,11036.0,9546.5,121.66041035,22,0.003125481031930337
2019-07-30 18:00:00,0.543437161327563,103.0,6518.0,9553.6,266.75684689,22,0.003846981202526775
2019-07-30 19:00:00,0.8333956854494622,117.0,11156.0,9708.0,753.23219605,22,0.012504281997277763
2019-07-30 20:00:00,0.7886572039612763,94.0,14041.0,9697.0,188.02735893,22,0.004674512822247323
2019-07-30 21:00:00,0.6168151475232546,104.0,7596.0,9635.7,317.5823393,22,0.005987804383191505
2019-07-30 22:00:00,0.8648884559032954,70.0,3982.0,9642.19,189.46673195,22,0.002860954951126906
2019-07-30 23:00:00,0.7594300344725886,66.0,4391.0,9603.78,473.83978191,22,0.011891646863744741
2019-07-31 00:00:00,0.9897651867923508,63.0,4948.0,9546.14,227.33116604,31,0.00604552202964445
2019-07-31 01:00:00,0.6131013573326182,62.0,3894.0,9591.09,165.16010014,31,0.004811096022172797
2019-07-31 02:00:00,0.815954387041344,51.0,3452.0,9584.89,259.8706082,31,0.0068463786781366946
2019-07-31 03:00:00,0.7651148847896476,57.0,4216.0,9593.62,111.86021655,31,0.0030792406309706846
2019-07-31 04:00:00,0.642111266561724,46.0,2022.0,9716.56,378.36592293,31,0.006867734426351939
2019-07-31 05:00:00,0.6145165118872878,48.0,5701.0,9708.14,181.10773367,31,0.005088965251133048
2019-07-31 06:00:00,0.4914693197334765,64.0,12148.0,9686.79,52.05359394,31,0.0031293924254692266
2019-07-31 07:00:00,0.4477532296839805,84.0,6269.0,9684.05,233.07585279,31,0.00440711306507399
2019-07-31 08:00:00,0.7910961284598649,69.0,7532.0,9677.89,241.97217247,31,0.003223219957457115
2019-07-31 09:00:00,0.538818039899895,92.0,6215.0,9711.0,479.64999625,31,0.00734159341340063
2019-07-31 10:00:00,0.6096713388799229,87.0,5582.0,9769.6,183.41813386,31,0.005339556054718257
2019-07-31 11:00:00,0.7378771614591184,97.0,9107.0,9741.89,322.29251157,31,0.006868597416795629
2019-07-31 12:00:00,0.4601906501792759,146.0,12229.0,9764.86,282.34872058,31,0.0034424388279878895
2019-07-31 13:00:00,0.7313764764494083,122.0,11629.0,9771.36,290.78983748,31,0.0036746026267914698
2019-07-31 14:00:00,0.500143587712796,174.0,23693.0,9781.76,216.0314624,31,0.003403104532405762
2019-07-31 15:00:00,0.4554700874806193,165.0,16150.0,9767.2,191.40603966,31,0.002182022298678693
2019-07-31 16:00:00,0.3288507069182276,148.0,10825.0,9835.24,804.74401951,31,0.008639060266868765
2019-07-31 17:00:00,0.4290123826761981,103.0,8198.0,9956.06,847.50034626,31,0.006566325301186661
2019-07-31 18:00:00,0.470937585978067,143.0,10028.0,9971.89,598.0824817,31,0.009142110955023111
2019-07-31 19:00:00,0.6792015062559732,108.0,10440.0,10052.82,701.54415245,31,0.008023851673117253
2019-07-31 20:00:00,0.5998910767130469,127.0,9208.0,9992.58,517.40345582,31,0.012732860462175009
2019-07-31 21:00:00,0.7935321775698391,89.0,7991.0,10039.06,154.32291192,31,0.004259834907272716
2019-07-31 22:00:00,0.564344924773947,76.0,4343.0,9990.0,185.65456772,31,0.005954133936972752
2019-07-31 23:00:00,0.5300259309450472,72.0,4378.0,9999.82,133.97981191,31,0.0027689999645931613
2019-08-01 00:00:00,0.4383394711436981,77.0,5307.0,10020.83,524.68056488,57,0.005354748404048072
2019-08-01 01:00:00,0.5491836148167288,67.0,6209.0,10049.98,84.1014056,57,0.0027737612137551508
2019-08-01 02:00:00,0.5828854952459565,50.0,4555.0,10019.91,109.44532513,57,0.004504505312964409
2019-08-01 03:00:00,0.7298371226867086,66.0,3671.0,10085.34,203.5374567,57,0.005622861932095055
2019-08-01 04:00:00,0.7970636563540919,52.0,5856.0,10053.03,332.24929555,57,0.00884723990477707
2019-08-01 05:00:00,0.3225523645195329,30.0,1149.0,10042.03,223.6245567,57,0.005123219684839911
2019-08-01 06:00:00,0.8206200353446117,58.0,3530.0,10045.03,110.45989378,57,0.0028234113610819678
2019-08-01 07:00:00,0.803617828449912,79.0,4909.0,10010.73,97.06575207,57,0.003981292009811196
2019-08-01 08:00:00,0.6093241046959489,83.0,5044.0,9991.27,127.13865855,57,0.004999008657690768
2019-08-01 09:00:00,0.7257558821926615,87.0,6475.0,9923.62,309.76722184,57,0.006930868281618429
2019-08-01 10:00:00,0.4325560642970686,102.0,9122.0,9965.1,532.84822159,57,0.007697204623602638
2019-08-01 11:00:00,0.6235663314932521,83.0,8397.0,9972.78,214.24820124,57,0.003718043138172205
2019-08-01 12:00:00,0.6029343330979084,110.0,10149.0,9987.46,144.16307913,57,0.0019159532296530275
2019-08-01 13:00:00,0.6235244795887317,168.0,12675.0,9967.58,432.26209231,57,0.0039781710999377265
2019-08-01 14:00:00,0.5834600092929831,158.0,8926.0,9951.94,152.80166709,57,0.0033139928891964977
2019-08-01 15:00:00,0.3599172197150858,127.0,11387.0,9974.97,154.42172755,57,0.003925700060297519
2019-08-01 16:00:00,0.5425907665850869,141.0,10390.0,10027.35,458.8479091,57,0.00413069207758798
2019-08-01 17:00:00,0.6476227422186692,113.0,6658.0,10049.12,364.74908495,57,0.004068059165977985
2019-08-01 18:00:00,0.6611703367013415,143.0,12365.0,10001.67,267.31255412,57,0.004151700677094356
2019-08-01 19:00:00,0.3555310793660957,127.0,8953.0,10029.22,226.49015425,57,0.004119728623415789
2019-08-01 20:00:00,0.7059322918546395,154.0,15369.0,10072.68,306.84475424,57,0.004254416536390891
2019-08-01 21:00:00,0.5813053474870754,140.0,16804.0,10112.59,439.13415693,57,0.00658674859581261
2019-08-01 22:00:00,0.6014987025434796,92.0,10124.0,10188.24,479.1045666,57,0.007612102224717841
2019-08-01 23:00:00,0.6316620030260752,97.0,8181.0,10294.65,673.69973105,57,0.009549122627151308
2019-08-02 00:00:00,0.6664776742950014,79.0,9789.0,10411.94,992.96687139,61,0.012308741617660967
2019-08-02 01:00:00,0.4620262428487574,86.0,5201.0,10418.55,216.38910228,61,0.00462386696292083
2019-08-02 02:00:00,0.5766776877769626,64.0,2647.0,10405.0,208.77218205,61,0.005208180969704703
2019-08-02 03:00:00,0.6517134670778598,49.0,2785.0,10407.71,216.3709255,61,0.003491608153745475
2019-08-02 04:00:00,0.1576133562509949,45.0,2426.0,10394.24,344.2262158,61,0.009192594097116043
2019-08-02 05:00:00,0.0916941186558013,57.0,1976.0,10396.97,79.72775924,61,0.003021190666737223
2019-08-02 06:00:00,0.3903444683506022,58.0,2520.0,10407.58,194.92803625,61,0.002916342645420511
2019-08-02 07:00:00,0.5479077817896852,70.0,6698.0,10361.87,234.26666873,61,0.004231532807167441
2019-08-02 08:00:00,0.7611355402991271,79.0,5451.0,10381.26,301.06251287,61,0.0036488603425138774
2019-08-02 09:00:00,0.6661914650477417,74.0,6832.0,10437.83,487.51274728,61,0.0035834055916760662
2019-08-02 10:00:00,0.3878631783550947,89.0,7975.0,10486.18,497.97524823,61,0.0062693355430555615
2019-08-02 11:00:00,0.6252568784999718,91.0,10921.0,10540.99,558.07525742,61,0.006041628879913243
2019-08-02 12:00:00,0.648268281793281,112.0,12945.0,10523.87,622.73650833,61,0.004120200670414277
2019-08-02 13:00:00,0.4513578158451606,143.0,16158.0,10475.26,686.3933943,61,0.006665768387001738
2019-08-02 14:00:00,0.9593247696571192,154.0,18747.0,10510.03,327.23285948,61,0.0030033108155537148
2019-08-02 15:00:00,0.6056331622349498,136.0,10829.0,10490.78,354.14489734,61,0.004516757316908791
2019-08-02 16:00:00,0.3476565278108987,119.0,12771.0,10556.97,508.16128127,61,0.005673157718370101
2019-08-02 17:00:00,0.5502459135607048,88.0,10376.0,10544.33,240.90738704,61,0.0031269938091528027
2019-08-02 18:00:00,0.6587285364654387,120.0,12034.0,10600.0,715.1822991,61,0.005107441672425939
2019-08-02 19:00:00,0.4443327847201836,102.0,7948.0,10612.33,423.20286314,61,0.006562385599918273
2019-08-02 20:00:00,0.6986830848736081,97.0,8114.0,10439.52,1433.16240523,61,0.018587769863775264
2019-08-02 21:00:00,0.3970050603801263,92.0,5425.0,10454.36,220.28740121,61,0.005135925456027291
2019-08-02 22:00:00,0.5088178881053311,78.0,3822.0,10456.02,250.54837827,61,0.004662010078062797
2019-08-02 23:00:00,0.4747739041957201,71.0,3699.0,10472.0,93.55148653,61,0.0038208536377912364
2019-08-03 00:00:00,0.4422684504942469,71.0,5600.0,10407.63,209.16964738,61,0.006627679064879773
2019-08-03 01:00:00,0.7375914537583321,73.0,4406.0,10427.53,249.39967412,61,0.00593036352215805
2019-08-03 02:00:00,0.8077187893978738,64.0,4565.0,10527.97,153.74399469,61,0.005307532626885019
2019-08-03 03:00:00,0.3285119108876551,73.0,3848.0,10529.51,101.26280416,61,0.0029988959655608124
2019-08-03 04:00:00,0.3446350539191789,51.0,3866.0,10526.32,63.35463617,61,0.003469764805546746
2019-08-03 05:00:00,0.3566045251390815,58.0,3371.0,10644.45,514.27616696,61,0.008202949581713782
2019-08-03 06:00:00,0.4567237063973915,56.0,2371.0,10793.73,993.5339207,61,0.012362608545662592
2019-08-03 07:00:00,0.7066231553676756,48.0,1819.0,10787.97,819.51647312,61,0.005098374625035188
2019-08-03 08:00:00,0.6326793425397452,55.0,3377.0,10853.43,518.35337496,61,0.0036820627396516314
2019-08-03 09:00:00,1.0063626843323976,58.0,3455.0,10784.0,544.68124469,61,0.008385512255311508
2019-08-03 10:00:00,0.2860340782487507,58.0,4630.0,10804.52,112.02489373,61,0.004016082322153033
2019-08-03 11:00:00,0.7875611798697526,88.0,13733.0,10829.72,191.06994416,61,0.005363631022078112
2019-08-03 12:00:00,0.5828781555581151,80.0,5299.0,10795.98,194.63150274,61,0.006185811329867682
2019-08-03 13:00:00,0.6619476875541546,100.0,6492.0,10776.47,362.79959083,61,0.01137949346296154
2019-08-03 14:00:00,0.7976101091371812,98.0,5670.0,10796.01,57.34442583,61,0.003985803517440643
2019-08-03 15:00:00,0.49278320212028,97.0,8420.0,10771.25,177.24029433,61,0.0026168086064446944
2019-08-03 16:00:00,0.663899646514347,91.0,9585.0,10750.46,159.58803383,61,0.005934995152399514
2019-08-03 17:00:00,0.6072669954873439,85.0,5487.0,10815.99,257.50725369,61,0.004191857933823842
2019-08-03 18:00:00,0.4781626989423864,103.0,5993.0,10798.03,126.40780823,61,0.003198556120844082
2019-08-03 19:00:00,0.6980665134538537,110.0,8523.0,10764.44,230.42334955,61,0.00588662162970682
2019-08-03 20:00:00,0.5226795384463793,70.0,3744.0,10810.0,520.82642055,61,0.006451541573024426
2019-08-03 21:00:00,0.8434298929061188,77.0,5543.0,10838.47,309.671834,61,0.004083913914172836
2019-08-03 22:00:00,0.6807013085727147,60.0,4184.0,10871.05,228.81260203,61,0.005730407143226917
2019-08-03 23:00:00,0.5824064456826332,53.0,4346.0,10858.17,238.55960804,61,0.00680052762596917
2019-08-04 00:00:00,0.5740210031642603,65.0,3451.0,10879.71,157.33459552,62,0.003920148011826921
2019-08-04 01:00:00,0.5331677643487536,43.0,3123.0,10829.84,87.74281875,62,0.005095496301127007
2019-08-04 02:00:00,0.5703392451186162,41.0,1588.0,10830.0,87.55218230999999,62,0.005314757037779614
2019-08-04 03:00:00,0.548700647910826,35.0,2282.0,10821.52,42.86425346,62,0.003019470581561444
2019-08-04 04:00:00,0.3500922963452854,33.0,3076.0,10860.08,198.61026881,62,0.006157048751231098
2019-08-04 05:00:00,0.5809191628084462,35.0,5029.0,10867.56,87.20438304,62,0.0027936190361085777
2019-08-04 06:00:00,0.5985843099251817,40.0,3857.0,10842.6,94.96242685,62,0.0033216174769295243
2019-08-04 07:00:00,0.8916110589258025,34.0,3837.0,10777.26,259.04941361,62,0.008869584156158083
2019-08-04 08:00:00,0.5866955040455178,60.0,7143.0,10641.33,321.60083403,62,0.00833793805425028
2019-08-04 09:00:00,0.7643593145524737,56.0,3858.0,10619.5,270.42012443,62,0.008134438139870893
2019-08-04 10:00:00,0.6218264865920639,51.0,4178.0,10736.09,321.65527698,62,0.004708445161525271
2019-08-04 11:00:00,0.5768103668144965,57.0,4159.0,10696.42,183.91714349,62,0.0045449212001908166
2019-08-04 12:00:00,0.6786769949317327,80.0,5051.0,10685.29,85.32804707,62,0.002864350405724278
2019-08-04 13:00:00,0.4378988897579792,71.0,4289.0,10746.42,244.98314929,62,0.00507274731946251
2019-08-04 14:00:00,0.5885732462829784,108.0,8084.0,10733.61,142.86299597,62,0.0025235384219894855
2019-08-04 15:00:00,0.4677417787607174,126.0,10075.0,10686.74,126.96551372,62,0.002537023748146453
2019-08-04 16:00:00,0.4024067556285361,126.0,18748.0,10672.0,184.49671947,62,0.0041998891761470415
2019-08-04 17:00:00,0.8702765634724168,93.0,10887.0,10669.06,107.67008292,62,0.0033944856538798375
2019-08-04 18:00:00,0.7179990880277644,85.0,6208.0,10794.02,931.24986783,62,0.005289008281868776
2019-08-04 19:00:00,0.5908811179530756,73.0,5388.0,10990.85,1035.32310158,62,0.008046624164265131
2019-08-04 20:00:00,0.7249047786049754,80.0,5205.0,10968.0,747.54348654,62,0.007588930699241073
2019-08-04 21:00:00,0.4611297285114861,86.0,5327.0,10928.24,187.9479976,62,0.0055482222810454345
2019-08-04 22:00:00,0.4447171938497434,83.0,5040.0,10938.51,300.02542784,62,0.0046355320235161234
2019-08-04 23:00:00,0.7828804170014894,64.0,4545.0,10954.33,215.54709345,62,0.0032595352518545386
2019-08-05 00:00:00,0.4560809143575545,79.0,5547.0,10942.67,207.35872169,64,0.0064818050681049524
2019-08-05 01:00:00,0.5236300012747869,144.0,10915.0,10970.33,515.8041487200001,64,0.014154843359373453
2019-08-05 02:00:00,0.4467139994778473,119.0,12960.0,10985.0,654.24500411,64,0.008623120639282484
2019-08-05 03:00:00,0.2197781574326814,107.0,7658.0,10986.96,131.5580012,64,0.004457713543568067
2019-08-05 04:00:00,0.5750371407330097,68.0,5367.0,11208.24,749.91974789,64,0.011251175267362882
2019-08-05 05:00:00,0.5123169417585424,65.0,4568.0,11430.78,1551.98252068,64,0.012769875612543872
2019-08-05 06:00:00,0.4404270429096386,94.0,5634.0,11600.0,1139.5340266,64,0.012122398437052661
2019-08-05 07:00:00,0.5728611784146537,133.0,11117.0,11578.3,754.37638834,64,0.010317453344017152
2019-08-05 08:00:00,0.3979234522826304,102.0,4931.0,11578.84,508.99687652,64,0.0050987295051324434
2019-08-05 09:00:00,0.6522241807353149,119.0,9073.0,11559.3,360.61972887,64,0.0037207861528854745
2019-08-05 10:00:00,0.5416118215175912,101.0,7889.0,11635.0,469.93071046,64,0.006765037700658863
2019-08-05 11:00:00,0.6523452251725401,131.0,15757.0,11701.49,1384.84728709,64,0.014483870152245013
2019-08-05 12:00:00,0.5338091647001254,178.0,24660.0,11784.07,445.51812614,64,0.005639387680287649
2019-08-05 13:00:00,0.4332608309728451,160.0,11254.0,11741.69,387.83824642,64,0.005785155393998594
2019-08-05 14:00:00,0.4356942764712056,147.0,11502.0,11650.18,616.29841849,64,0.008988763388225572
2019-08-05 15:00:00,0.3282105807313384,132.0,7239.0,11814.0,799.54490983,64,0.008433440329112387
2019-08-05 16:00:00,0.5631555114294954,158.0,15141.0,11809.2,794.18575403,64,0.00744166334854256
2019-08-05 17:00:00,0.4149022231120355,175.0,21064.0,11777.56,502.10186944,64,0.005472133692326124
2019-08-05 18:00:00,0.6309153032053703,148.0,13690.0,11802.43,390.336312,64,0.005209897070929668
2019-08-05 19:00:00,0.5368480345558589,118.0,10054.0,11773.2,621.33904855,64,0.008677688490843606
2019-08-05 20:00:00,0.4826713392590551,124.0,7962.0,11891.81,442.57207466,64,0.009501775040650345
2019-08-05 21:00:00,0.2116392954007497,102.0,9279.0,11790.88,991.26893717,64,0.010657179022449238
2019-08-05 22:00:00,0.5375265483310079,127.0,9684.0,11811.59,621.39940837,64,0.005418881151307836
2019-08-05 23:00:00,0.4520641949658825,83.0,10691.0,11750.01,283.68741007,64,0.0035461000094556537
2019-08-06 00:00:00,0.3166830722392391,80.0,5985.0,11730.0,931.70345003,66,0.008962943178427513
2019-08-06 01:00:00,0.2604483071653076,79.0,6466.0,11730.0,756.08888169,66,0.004711379596111219
2019-08-06 02:00:00,0.5222224064476482,93.0,7919.0,11790.0,1081.46843472,66,0.008920411700691225
2019-08-06 03:00:00,0.3527570469163078,66.0,4895.0,11800.0,674.89720526,66,0.005992135043408369
2019-08-06 04:00:00,0.4341849151731463,44.0,2091.0,11737.81,964.96738676,66,0.017911136428531794
2019-08-06 05:00:00,0.3767176124429757,58.0,4453.0,11655.1,360.16303529,66,0.00997039207484918
2019-08-06 06:00:00,0.3682638952550301,87.0,6177.0,11650.0,188.04817057,66,0.006087915101067512
2019-08-06 07:00:00,0.4277624445720012,164.0,10555.0,11668.11,165.09434839,66,0.005252665219228505
2019-08-06 08:00:00,0.3331647506982916,111.0,9069.0,11667.43,206.69301626,66,0.0035370543369715114
2019-08-06 09:00:00,0.4096713434404553,107.0,5893.0,11800.0,494.06708206,66,0.004076151003040203
2019-08-06 10:00:00,0.1503028056623811,99.0,7298.0,12139.98,1393.06489001,66,0.016682964567610634
2019-08-06 11:00:00,0.4325041686334266,135.0,17500.0,12196.66,1243.19568049,66,0.00928579104969252
2019-08-06 12:00:00,0.6730867113726756,150.0,17516.0,12197.51,389.11486218,66,0.0054704832743755726
2019-08-06 13:00:00,0.5136134527222096,151.0,7990.0,12233.69,690.49857945,66,0.003639444722667647
2019-08-06 14:00:00,0.5015696977387093,155.0,11274.0,11736.29,1956.40642093,66,0.033563345188946526
2019-08-06 15:00:00,0.5578295766367716,133.0,13294.0,11780.0,670.33464352,66,0.010097836051708222
2019-08-06 16:00:00,0.4584580197869917,127.0,8927.0,11676.23,981.44468796,66,0.014926476628405409
2019-08-06 17:00:00,0.7956272157630971,117.0,9990.0,11795.97,1223.96358572,66,0.007984181724641864
2019-08-06 18:00:00,0.4500356424721482,132.0,12455.0,11733.54,498.620203,66,0.0076304100934288955
2019-08-06 19:00:00,0.6757366897571427,154.0,16926.0,11694.0,478.96898409,66,0.004428915273997355
2019-08-06 20:00:00,0.885448094292562,96.0,7759.0,11763.4,235.11453555,66,0.006544580592197724
2019-08-06 21:00:00,0.323662464711312,141.0,10254.0,11697.91,631.40319873,66,0.00876303303642869
2019-08-06 22:00:00,0.5292326832128805,90.0,8540.0,11736.76,509.89875087,66,0.004927579083103479
2019-08-06 23:00:00,0.4589482046789639,82.0,6293.0,11701.65,646.09917092,66,0.009564834835163545
2019-08-07 00:00:00,0.3532191954168123,75.0,5050.0,11654.57,322.37477576000003,45,0.008353931464470976
2019-08-07 01:00:00,0.4919323924950559,73.0,4416.0,11356.76,1001.87865179,45,0.015077304627183439
2019-08-07 02:00:00,0.4980458491126574,68.0,4382.0,11294.97,693.46509202,45,0.012079623130771594
2019-08-07 03:00:00,0.545447322310281,53.0,3261.0,11470.0,475.69941122,45,0.010508339861956024
2019-08-07 04:00:00,0.5364191614415279,57.0,4671.0,11461.08,328.94940718,45,0.007096142324772236
2019-08-07 05:00:00,0.9218272576859596,59.0,5165.0,11524.06,1487.87038926,45,0.010641925362516104
2019-08-07 06:00:00,0.7990338032570222,63.0,8488.0,11616.21,277.13415376,45,0.007084302582238715
2019-08-07 07:00:00,0.4886103759021329,89.0,5749.0,11627.54,166.01086078,45,0.0058512747439623
2019-08-07 08:00:00,0.4981527990402197,86.0,9405.0,11676.53,327.37053136,45,0.006069108512180934
2019-08-07 09:00:00,0.6840986680576749,76.0,5099.0,11601.68,110.01584422,45,0.007824365924565932
2019-08-07 10:00:00,0.6075021994550976,74.0,8272.0,11612.0,216.52178528,45,0.006224835769068441
2019-08-07 11:00:00,0.5277382549015935,117.0,5995.0,11517.2,372.23377934,45,0.005459979743184719
2019-08-07 12:00:00,0.586065593111794,121.0,11961.0,11547.42,334.73475008,45,0.008183229049242348
2019-08-07 13:00:00,0.5638449858363875,209.0,20309.0,11602.15,224.06758389,45,0.007818044739724774
2019-08-07 14:00:00,0.5133357646566977,167.0,13624.0,11617.25,812.8908797900001,45,0.0053738960438640985
2019-08-07 15:00:00,0.2579402882482306,166.0,7945.0,11721.19,505.38587802,45,0.01016053940386344
2019-08-07 16:00:00,0.4239431977518641,140.0,13292.0,11767.01,527.87581718,45,0.004388056862178822
2019-08-07 17:00:00,0.5183070861213669,124.0,8465.0,12038.66,1857.1779753,45,0.017278121573026124
2019-08-07 18:00:00,0.559170186495355,122.0,7323.0,12060.83,966.0660399,45,0.005451394169268927
2019-08-07 19:00:00,0.8880887748755176,148.0,13075.0,11653.35,1279.34367397,45,0.022093188510112906
2019-08-07 20:00:00,0.5264783838553331,123.0,9602.0,11643.36,593.07238606,45,0.01578546886718928
2019-08-07 21:00:00,0.5530066183750048,118.0,5390.0,11776.51,479.24200519,45,0.006973235967359098
2019-08-07 22:00:00,0.3062417765607218,91.0,4465.0,11714.19,186.79306807,45,0.0038706845631830723
2019-08-07 23:00:00,0.5541837791173085,93.0,4907.0,11771.56,695.82074933,45,0.008564495564403758
2019-08-08 00:00:00,0.4830485013773124,74.0,4324.0,11868.37,1904.5132942,61,0.014988401593976464
2019-08-08 01:00:00,0.6660121125850377,51.0,3116.0,11941.0,714.6141595,61,0.012785476767250812
2019-08-08 02:00:00,0.5734517864033033,62.0,3122.0,11971.36,472.32217666,61,0.009016277711784215
2019-08-08 03:00:00,0.54280973111615,62.0,2806.0,11971.57,640.42805417,61,0.010917176369599555
2019-08-08 04:00:00,0.3157757033330872,48.0,2148.0,11969.55,279.26263082,61,0.009678381867822298
2019-08-08 05:00:00,0.4161083508052891,42.0,5545.0,11883.2,187.98749224,61,0.005602751499909324
2019-08-08 06:00:00,0.4053025842526392,53.0,4468.0,11924.54,216.82552268,61,0.004838482103807816
2019-08-08 07:00:00,0.4771216446003736,83.0,5949.0,11949.0,518.98399595,61,0.005234246887791205
2019-08-08 08:00:00,0.3616273613871746,77.0,4877.0,11944.94,160.02136918,61,0.006737307371180463
2019-08-08 09:00:00,0.6188173192549357,82.0,7839.0,11930.0,344.68390547,61,0.0037723973044911418
2019-08-08 10:00:00,0.4915754119434073,86.0,6637.0,11829.0,931.95862141,61,0.009754856265005545
2019-08-08 11:00:00,0.5952114361070705,110.0,16804.0,11914.02,217.48361656,61,0.006277679060215142
2019-08-08 12:00:00,0.5178220633126839,100.0,5634.0,11896.91,319.92155181,61,0.006255366521019757
2019-08-08 13:00:00,0.5562371457635693,128.0,8430.0,11864.48,200.63138789,61,0.006476400144221625
2019-08-08 14:00:00,0.6731109255046012,123.0,10912.0,11832.0,301.06711769000003,61,0.0037574542276342182
2019-08-08 15:00:00,0.7339104148167169,118.0,7611.0,11815.61,580.59357218,61,0.006580875657184722
2019-08-08 16:00:00,0.4268218151144585,116.0,12353.0,11851.23,625.9549061,61,0.011421469604149281
2019-08-08 17:00:00,0.5646211178114211,125.0,9755.0,11671.36,798.97636973,61,0.007624300100033309
2019-08-08 18:00:00,0.4769946848616703,114.0,6573.0,11692.98,586.50032669,61,0.00689239177009112
2019-08-08 19:00:00,0.5707260333877697,118.0,8322.0,11674.41,339.59289618,61,0.005474590480962555
2019-08-08 20:00:00,0.4377263662144239,135.0,11631.0,11713.25,337.15861889,61,0.007101084676704454
2019-08-08 21:00:00,0.5877910271408162,76.0,3208.0,11565.01,850.24519791,61,0.015556985033498078
2019-08-08 22:00:00,0.5378301601145443,98.0,9214.0,11627.45,294.52271781,61,0.008001212266304613
2019-08-08 23:00:00,0.6002076281341863,88.0,7759.0,11562.94,381.05794245,61,0.008041849248915049
2019-08-09 00:00:00,0.6071990028679176,92.0,10037.0,11606.45,259.70685566,60,0.006852201012669916
2019-08-09 01:00:00,0.4794157115597631,77.0,3536.0,11720.03,305.70851664,60,0.006721039047886184
2019-08-09 02:00:00,0.3618176929812968,53.0,3569.0,11815.53,223.32038898,60,0.006702689777309339
2019-08-09 03:00:00,-0.0488115852741153,53.0,4394.0,11983.43,882.29658792,60,0.011735864441982373
2019-08-09 04:00:00,0.3268349206511485,59.0,3663.0,11962.61,316.66720656,60,0.00882073125433615
2019-08-09 05:00:00,0.8977020088868788,37.0,4377.0,11896.66,284.4901469,60,0.0049846714094191405
2019-08-09 06:00:00,0.4631935513809093,67.0,3514.0,11914.04,182.73854669,60,0.003584603615279225
2019-08-09 07:00:00,0.6505985112422366,83.0,5931.0,11855.24,191.77295754,60,0.005544817954235679
2019-08-09 08:00:00,0.3194908434816534,86.0,6705.0,11887.5,187.84191854,60,0.003105322883683443
2019-08-09 09:00:00,0.4021570581489374,95.0,6379.0,11843.34,228.8599939,60,0.004255300917981367
2019-08-09 10:00:00,0.3599982303712593,90.0,5671.0,11836.55,227.74529274,60,0.00439045069938954
2019-08-09 11:00:00,0.5011771748037941,77.0,5496.0,11842.58,231.71611086,60,0.004804350112808901
2019-08-09 12:00:00,0.6125123546977636,103.0,9177.0,11816.47,481.29405497,60,0.01148273914027298
2019-08-09 13:00:00,0.5309235792361799,114.0,5994.0,11745.81,350.85306349,60,0.008627448898741192
2019-08-09 14:00:00,0.6160578535887786,106.0,8007.0,11692.25,397.75117134,60,0.008058756019158664
2019-08-09 15:00:00,0.4965539313807809,115.0,6388.0,11697.58,306.58532127,60,0.004564933992622756
2019-08-09 16:00:00,0.4356497533488587,101.0,5974.0,11740.67,209.98386698,60,0.005958808771952426
2019-08-09 17:00:00,0.4491703612121708,123.0,8772.0,11801.03,682.84109263,60,0.007198787139646019
2019-08-09 18:00:00,0.6558637910515545,113.0,20014.0,11765.71,285.02702853,60,0.010524610070059795
2019-08-09 19:00:00,0.4520170165633685,124.0,10419.0,11725.21,236.99643183,60,0.00431880753769528
2019-08-09 20:00:00,0.4633496043328038,103.0,6354.0,11764.68,392.85267292,60,0.011086471545651322
2019-08-09 21:00:00,0.6283840276817227,90.0,6848.0,11768.97,543.61766641,60,0.004627070219073042
2019-08-09 22:00:00,0.8625428761658258,78.0,6568.0,11810.05,196.92921293,60,0.004041092855850474
2019-08-09 23:00:00,0.3000405326840772,80.0,7818.0,11809.04,655.84026951,60,0.006188568173864366
2019-08-10 00:00:00,0.2041409046424064,75.0,4267.0,11865.38,157.72838106999998,59,0.004176750202391458
2019-08-10 01:00:00,0.6403598918008533,44.0,2336.0,11915.36,344.96295316,59,0.0028156625120373756
2019-08-10 02:00:00,0.5417220218101931,50.0,2236.0,11818.54,171.49598313,59,0.006007306161260865
2019-08-10 03:00:00,0.8508012633669828,43.0,3249.0,11859.32,70.32350515,59,0.003150297654191511
2019-08-10 04:00:00,0.5488125804174432,46.0,2485.0,11917.44,635.75554447,59,0.0062651975905267205
2019-08-10 05:00:00,0.6708241760285665,42.0,2792.0,11892.39,45.63601055,59,0.0030910270144333847
2019-08-10 06:00:00,0.4225898227863509,55.0,3155.0,11782.96,252.93498462,59,0.007979804800833785
2019-08-10 07:00:00,0.4787973811615529,47.0,3001.0,11831.62,69.86448958,59,0.00364255228477144
2019-08-10 08:00:00,0.5033360883865778,64.0,3353.0,11795.9,81.02376961,59,0.002145440639247426
2019-08-10 09:00:00,0.5713871703726058,60.0,4422.0,11840.87,95.52275433,59,0.005162983687036354
2019-08-10 10:00:00,0.3127528405144785,62.0,3294.0,11800.0,577.08396981,59,0.004747077058258825
2019-08-10 11:00:00,0.2024583796815604,103.0,5629.0,11819.35,242.27905328,59,0.003938365883959803
2019-08-10 12:00:00,-0.0419180726023896,107.0,6132.0,11847.95,119.31493618,59,0.0034175742471580853
2019-08-10 13:00:00,0.5109693634171873,97.0,8188.0,11889.03,146.38405334,59,0.0017488025705709085
2019-08-10 14:00:00,0.5493331126443811,87.0,11194.0,11871.63,194.20401057,59,0.003392485495218195
2019-08-10 15:00:00,0.6147890040297391,106.0,6779.0,11352.71,1845.10984321,59,0.03040160442634339
2019-08-10 16:00:00,0.7721503819823937,75.0,7841.0,11400.0,688.52166732,59,0.009954505975836222
2019-08-10 17:00:00,0.3771863023608784,86.0,6452.0,11410.94,564.8724953,59,0.006548494178287311
2019-08-10 18:00:00,0.3548727106495062,96.0,5601.0,11381.76,173.46877365,59,0.006676037555056324
2019-08-10 19:00:00,0.3603358655749313,59.0,3529.0,11394.68,126.23282367,59,0.003493188096583776
2019-08-10 20:00:00,0.3428555774018106,67.0,4890.0,11330.19,151.93101425,59,0.004321329220354203
2019-08-10 21:00:00,0.4899192469941644,64.0,4729.0,11363.43,317.57308617,59,0.00978148827327495
2019-08-10 22:00:00,0.252377849306267,62.0,6899.0,11351.66,250.48230138,59,0.004888223262254521
2019-08-10 23:00:00,0.4224641456488801,76.0,4071.0,11296.47,157.37493083,59,0.00690643318889519
2019-08-11 00:00:00,0.4496682084017035,41.0,2621.0,11316.58,114.59373138,45,0.004937332905244429
2019-08-11 01:00:00,0.2024001435875813,35.0,1390.0,11289.0,199.84442027,45,0.00790389443986771
2019-08-11 02:00:00,0.508037929991808,48.0,2474.0,11292.04,196.51298891,45,0.00413151613572574
2019-08-11 03:00:00,0.4640372347875481,37.0,4836.0,11273.2,200.72668856,45,0.0034214747734934874
2019-08-11 04:00:00,0.4558512800152415,31.0,1906.0,11377.54,466.13170089,45,0.008563307998811555
2019-08-11 05:00:00,0.4021368616147663,37.0,3723.0,11347.67,295.11389119,45,0.0029252412666999445
2019-08-11 06:00:00,0.998480248293293,49.0,3266.0,11349.64,111.60103258,45,0.002205405987814206
2019-08-11 07:00:00,0.4054734736712824,53.0,3146.0,11373.0,527.68141216,45,0.0037318091426777286
2019-08-11 08:00:00,0.542388916652715,35.0,1107.0,11344.31,53.52680812,45,0.0032753146711192106
2019-08-11 09:00:00,0.2082645849661062,44.0,1767.0,11347.43,81.82648005,45,0.002229232611570585
2019-08-11 10:00:00,0.2554973014365694,61.0,7104.0,11336.71,91.45963079,45,0.0038190731559512407
2019-08-11 11:00:00,0.3735921105155556,61.0,5244.0,11343.12,44.88488492,45,0.0017904894855056651
2019-08-11 12:00:00,0.3638066523941856,69.0,5441.0,11312.6,148.79569038,45,0.006342023282661333
2019-08-11 13:00:00,0.5789565681004913,88.0,5374.0,11344.06,625.2472566199999,45,0.018575007867573014
2019-08-11 14:00:00,0.43115541477467,81.0,6053.0,11316.75,114.28451629,45,0.004462731994905571
2019-08-11 15:00:00,0.6383807512480634,93.0,7406.0,11458.84,207.75755816,45,0.0046918416271768855
2019-08-11 16:00:00,0.5451009456605728,70.0,7353.0,11448.04,61.13753807,45,0.004151807921263174
2019-08-11 17:00:00,0.735815956946071,65.0,4862.0,11382.95,60.69937883,45,0.004937090597092797
2019-08-11 18:00:00,0.7689800119058253,84.0,10360.0,11371.44,66.74775962,45,0.003932749389208494
2019-08-11 19:00:00,0.5363527817381781,81.0,5739.0,11369.86,42.56489928,45,0.004494034921599638
2019-08-11 20:00:00,0.475921100646258,75.0,6227.0,11395.85,59.53363845,45,0.003953134960163342
2019-08-11 21:00:00,0.4199156386080105,75.0,4841.0,11354.58,42.97549553,45,0.002185621485286134
2019-08-11 22:00:00,0.5202389231095298,84.0,68960.0,11381.51,54.34926407,45,0.003375962079614266
2019-08-11 23:00:00,0.446548280503991,57.0,5741.0,11369.0,28.10858953,45,0.0023594202423364544
2019-08-12 00:00:00,0.3786843880025618,68.0,6792.0,11408.46,196.32481811,48,0.009320583361101108
2019-08-12 01:00:00,0.3975119677072294,67.0,9142.0,11505.03,677.01640732,48,0.009365744592302461
2019-08-12 02:00:00,0.3048834892449044,50.0,4822.0,11500.0,109.07487119,48,0.0031084626238311254
2019-08-12 03:00:00,0.4305652469428683,60.0,4109.0,11528.73,194.54716967,48,0.005821847224505024
2019-08-12 04:00:00,0.277626320983473,38.0,2074.0,11473.44,145.11792951,48,0.0068884029907575264
2019-08-12 05:00:00,0.432505685355188,42.0,2205.0,11487.95,44.35486795,48,0.004321712596375148
2019-08-12 06:00:00,0.8136292407485777,51.0,2904.0,11433.34,79.46011494,48,0.0049416333885499465
2019-08-12 07:00:00,0.6065357562270872,59.0,6362.0,11435.57,51.65013002,48,0.0037130439650713974
2019-08-12 08:00:00,0.4627932128537732,43.0,2271.0,11417.63,45.65622441,48,0.0036889759262935355
2019-08-12 09:00:00,0.4331352540890113,61.0,4581.0,11385.0,125.66002914,48,0.00483215942249001
2019-08-12 10:00:00,0.4589222375719339,70.0,5395.0,11363.55,148.99529866,48,0.0057699401351151225
2019-08-12 11:00:00,0.4348050046158921,88.0,13809.0,11402.25,147.32084722,48,0.004836452211743022
2019-08-12 12:00:00,0.3995695449492486,91.0,15714.0,11351.09,208.90798202,48,0.007117380941726073
2019-08-12 13:00:00,0.5022579160085924,125.0,11030.0,11350.87,64.91410045,48,0.003183445185031081
2019-08-12 14:00:00,0.6694484283431867,126.0,15255.0,11368.47,133.97181302,48,0.003589752851870675
2019-08-12 15:00:00,0.6631399016322845,120.0,8591.0,11309.86,99.71417946,48,0.005024117651535576
2019-08-12 16:00:00,0.5984188903892204,115.0,9170.0,11390.73,705.21170934,48,0.013059518672135504
2019-08-12 17:00:00,0.5161190344694139,110.0,6547.0,11374.34,135.27260467,48,0.0036632411110405884
2019-08-12 18:00:00,0.510269370042875,126.0,12154.0,11366.97,81.64206482,48,0.0029394365181455973
2019-08-12 19:00:00,0.4985055169210795,116.0,8433.0,11373.38,130.7874921,48,0.0040657203187574025
2019-08-12 20:00:00,0.4602558730653102,115.0,6299.0,11385.14,374.10045322,48,0.004182841625685906
2019-08-12 21:00:00,0.5890224591723655,87.0,10058.0,11407.35,220.62721996,48,0.003244544514917315
2019-08-12 22:00:00,0.3416575363858878,85.0,5779.0,11396.39,87.42391243,48,0.0028294610552097718
2019-08-12 23:00:00,0.6884721618951135,80.0,9031.0,11431.0,129.92329386,48,0.002741633055093871
2019-08-13 00:00:00,0.3666624506165772,85.0,5709.0,11419.97,102.45385199,45,0.0027236354372380265
2019-08-13 01:00:00,0.6358119346401397,61.0,4538.0,11389.52,39.37213151,45,0.0028851219871066924
2019-08-13 02:00:00,0.5883702368217315,66.0,4638.0,11408.1,69.04828252,45,0.003912345912381274
2019-08-13 03:00:00,0.5063992947282414,63.0,3413.0,11385.11,46.12282342,45,0.002569226684771434
2019-08-13 04:00:00,0.770184383240147,38.0,2312.0,11413.39,90.09333575,45,0.0043613321669394795
2019-08-13 05:00:00,0.7364317475479537,43.0,1722.0,11395.12,83.77805073,45,0.00365900759699198
2019-08-13 06:00:00,0.4872625365799985,64.0,4681.0,11380.0,52.91480526,45,0.0036707600666907444
2019-08-13 07:00:00,0.6284377082527722,61.0,5875.0,11382.39,84.88516501,45,0.002548194472803159
2019-08-13 08:00:00,0.1710402634793462,78.0,4881.0,11345.52,95.27135039,45,0.004492594264205369
2019-08-13 09:00:00,0.4154829219294512,79.0,5288.0,11373.13,68.50705647,45,0.0029856226296087456
2019-08-13 10:00:00,0.4801864552574486,76.0,4292.0,11342.92,70.39885816,45,0.0019344823590472366
2019-08-13 11:00:00,0.404099238849947,119.0,6284.0,11347.99,361.92809245,45,0.005809941522032902
2019-08-13 12:00:00,0.1529461328629606,127.0,8269.0,11319.0,200.33102702,45,0.002943675915193632
2019-08-13 13:00:00,0.5756157905820588,135.0,10583.0,11286.51,885.10806568,45,0.00554767612722659
2019-08-13 14:00:00,0.3327242290527605,144.0,31014.0,11221.7,491.39862522,45,0.00718878651225486
2019-08-13 15:00:00,0.3718033190675207,138.0,18746.0,11241.11,69.79483629,45,0.004785353646067129
2019-08-13 16:00:00,0.5311453921411682,141.0,15021.0,11200.9,303.8427162,45,0.0031280585476082656
2019-08-13 17:00:00,0.4511714227474513,137.0,10170.0,11103.61,875.85926399,45,0.00545751985011623
2019-08-13 18:00:00,0.5465648767692869,108.0,6107.0,10941.24,1717.91844042,45,0.012337664115444215
2019-08-13 19:00:00,0.6568315861259512,116.0,6006.0,10902.34,332.84969097,45,0.006439421936352101
2019-08-13 20:00:00,0.4596978431137929,124.0,6739.0,10799.89,592.44611826,45,0.008034695664949135
2019-08-13 21:00:00,0.4603895621030678,118.0,7450.0,10858.55,1104.72627341,45,0.00829373630107469
2019-08-13 22:00:00,0.5414885988029781,109.0,10173.0,10871.99,317.11056903,45,0.004557648924538585
2019-08-13 23:00:00,0.4910857577366735,67.0,3500.0,10894.73,184.09608095,45,0.0032267001662080828
2019-08-14 00:00:00,0.3402047135753223,72.0,7426.0,10870.8,306.04496906,11,0.004277243027743735
2019-08-14 01:00:00,0.3036346137096515,77.0,4362.0,10865.03,375.5263754500001,11,0.0054789912226310454
2019-08-14 02:00:00,0.0868865750008643,80.0,6351.0,10857.93,147.71418792,11,0.004546349045354035
2019-08-14 03:00:00,0.2222743273029348,50.0,3960.0,10862.28,190.63493225,11,0.0031765064963812767
2019-08-14 04:00:00,0.4656104778391196,57.0,4388.0,10731.12,457.83701879,11,0.005435680091065138
2019-08-14 05:00:00,0.3474028267238895,55.0,4850.0,10563.38,1349.54574797,11,0.014502915863726124
2019-08-14 06:00:00,0.3782593117911871,55.0,3985.0,10641.46,371.32593816,11,0.010763872873843856
2019-08-14 07:00:00,0.0772966673407848,55.0,8629.0,10605.0,191.46720297,11,0.005186266930688682
2019-08-14 08:00:00,0.3707105201862515,74.0,4950.0,10528.37,211.16319093,11,0.004208907235343192
2019-08-14 09:00:00,0.1285765999502632,88.0,6232.0,10573.0,255.31227696,11,0.004990150587453908
2019-08-14 10:00:00,0.3890591358940645,114.0,8136.0,10571.36,216.30972334,11,0.004120766975579439
2019-08-14 11:00:00,0.6989741764702445,90.0,6031.0,10560.4,103.45904213,11,0.0044421245368673375
2019-08-14 12:00:00,0.8206542193422711,106.0,7620.0,10418.19,848.2912077,11,0.010648562681196705
2019-08-14 13:00:00,0.4681077346029978,127.0,7365.0,10473.0,433.16314353,11,0.008861830687686383
2019-08-14 14:00:00,0.563842342812524,131.0,12713.0,10497.51,291.16513866,11,0.005476779911895999
2019-08-14 15:00:00,0.5527929228524867,118.0,10695.0,10517.78,162.69912925,11,0.007084953382857724
2019-08-14 16:00:00,0.2924273738252673,140.0,11516.0,10590.0,524.36136748,11,0.0078836615154745
2019-08-14 17:00:00,0.0381645537126818,192.0,15736.0,10558.95,183.83224583,11,0.00535952472694477
2019-08-14 18:00:00,0.2173694684127093,157.0,13512.0,10473.84,543.824981,11,0.009051145744257114
2019-08-14 19:00:00,0.2980782548000241,113.0,8198.0,10471.69,266.36292629,11,0.007595247447785342
2019-08-14 20:00:00,0.3693955873030343,133.0,12422.0,10319.41,978.86401581,11,0.01913266634801153
2019-08-14 21:00:00,0.4937784549048805,120.0,11570.0,10211.62,1763.22594234,11,0.019101953847218633
2019-08-14 22:00:00,0.595127643404957,86.0,7928.0,10167.42,1001.89028082,11,0.007103407646730086
2019-08-14 23:00:00,0.2110687703611123,118.0,16258.0,10119.1,336.91192605,11,0.007229375431035994
2019-08-15 00:00:00,0.3641862358994626,95.0,5204.0,10162.95,431.9296855,13,0.006324778688444533
2019-08-15 01:00:00,0.4289572527681251,61.0,5337.0,10184.68,387.45250563,13,0.007245363588474815
2019-08-15 02:00:00,0.300539451958481,64.0,4973.0,10215.59,231.67372425,13,0.005151624498859735
2019-08-15 03:00:00,0.1941551440662623,73.0,6046.0,10022.99,1136.87283331,13,0.019733932294060817
2019-08-15 04:00:00,0.1608338505641507,85.0,5725.0,10093.05,482.51674073,13,0.011916774125356014
2019-08-15 05:00:00,0.2326566374767152,60.0,4142.0,10048.39,297.30491328,13,0.008375197008931174
2019-08-15 06:00:00,0.4326614745587029,100.0,6990.0,9996.76,407.85187986,13,0.012233552080724349
2019-08-15 07:00:00,0.1572770175370528,86.0,4908.0,9816.57,578.21092264,13,0.01274772095883978
2019-08-15 08:00:00,0.3833728177162964,103.0,6860.0,9721.36,1002.57014215,13,0.016861791567677777
2019-08-15 09:00:00,0.3124698430718665,95.0,7177.0,9686.0,269.04175172,13,0.007731347598991786
2019-08-15 10:00:00,0.1018240798612245,94.0,6030.0,9587.86,1534.9626774,13,0.015000553281146871
2019-08-15 11:00:00,0.3617185053610887,94.0,5603.0,9828.56,1578.44666153,13,0.019572803495580986
2019-08-15 12:00:00,0.3482270711980937,145.0,13670.0,9810.07,1173.4021846,13,0.015784325965062934
2019-08-15 13:00:00,0.4342581301183271,152.0,10132.0,9949.04,463.38664379,13,0.010989500674012213
2019-08-15 14:00:00,0.3143743108900516,106.0,5981.0,10048.36,959.21230271,13,0.011767942588940225
2019-08-15 15:00:00,0.3597585122960769,130.0,8576.0,10154.78,642.56546346,13,0.00853266492050379
2019-08-15 16:00:00,0.6367408836966546,127.0,8690.0,9985.0,827.20780348,13,0.013289996038365805
2019-08-15 17:00:00,0.7026346528987748,94.0,4331.0,10004.58,804.8476136,13,0.0115665796693401
2019-08-15 18:00:00,0.4881671097170207,116.0,5587.0,9997.54,515.76093147,13,0.009477957713540344
2019-08-15 19:00:00,0.5661433337279336,114.0,7636.0,10097.81,345.96460647,13,0.008803405580801877
2019-08-15 20:00:00,0.3176053733674642,98.0,7498.0,10039.59,694.88682891,13,0.010485643072209007
2019-08-15 21:00:00,0.3961645711188124,93.0,7381.0,10014.24,376.90554919,13,0.00593594466087088
2019-08-15 22:00:00,0.3982793432361315,65.0,5750.0,10023.35,114.7379804,13,0.005081963367479962
2019-08-15 23:00:00,0.4337961015290619,72.0,19583.0,10097.03,268.85395868,13,0.007336602899970604
2019-08-16 00:00:00,0.3215783414618025,63.0,4393.0,10379.0,791.27288005,31,0.014013627498642442
2019-08-16 01:00:00,0.4795454229451844,74.0,5704.0,10331.03,341.7920295,31,0.008075208296033955
2019-08-16 02:00:00,0.5585407467402157,62.0,2783.0,10391.57,278.27266762,31,0.007154997438617502
2019-08-16 03:00:00,0.3580422571344296,44.0,2953.0,10301.44,333.19813008,31,0.011029041673755345
2019-08-16 04:00:00,0.3455714999868211,31.0,3493.0,10301.28,189.60590364,31,0.007876199289279467
2019-08-16 05:00:00,0.7035124485155401,52.0,3806.0,10356.87,90.15772196,31,0.005112490808186643
2019-08-16 06:00:00,0.2529134668271115,53.0,3974.0,10338.43,181.27091651,31,0.006302144417367392
2019-08-16 07:00:00,0.4909350816126154,81.0,5632.0,10323.33,218.02331829,31,0.005281316172133737
2019-08-16 08:00:00,0.6855467181340125,80.0,7583.0,10099.8,401.32270266,31,0.011465126940344206
2019-08-16 09:00:00,0.578798899838317,77.0,5930.0,9892.57,1428.95736089,31,0.025537618705175607
2019-08-16 10:00:00,0.5077537277119699,60.0,4973.0,9948.2,787.07996935,31,0.01246384319225587
2019-08-16 11:00:00,0.4874277477272148,89.0,5723.0,9929.0,477.37589572,31,0.011558936412503152
2019-08-16 12:00:00,0.5744256117213039,86.0,3896.0,10062.97,752.06697709,31,0.015325353182166157
2019-08-16 13:00:00,0.5119384216848006,89.0,7329.0,10084.66,642.40018205,31,0.008414697425913433
2019-08-16 14:00:00,0.4487082489715511,103.0,5273.0,10096.17,212.2825146,31,0.0067404997744201466
2019-08-16 15:00:00,0.4596868770844716,182.0,24620.0,10149.95,1465.20781341,31,0.03089340296389357
2019-08-16 16:00:00,0.8815745417358031,161.0,17349.0,10203.44,347.54255557,31,0.004834519926118908
2019-08-16 17:00:00,0.5034744683501333,135.0,10434.0,10107.94,202.95241625,31,0.007397165383134992
2019-08-16 18:00:00,0.3743250628021164,121.0,9771.0,10092.59,187.14646201,31,0.00877245276521518
2019-08-16 19:00:00,0.6100960115117021,96.0,5999.0,10392.83,1000.20528112,31,0.022744649677922304
2019-08-16 20:00:00,0.3536530709113514,90.0,7602.0,10415.78,438.87913288,31,0.008794401549643569
2019-08-16 21:00:00,0.7283737089114161,116.0,13003.0,10390.36,699.73065503,31,0.010811106799598253
2019-08-16 22:00:00,0.8565277800914087,81.0,8244.0,10426.17,129.01176267,31,0.005041517377316963
2019-08-16 23:00:00,0.2620924691683155,68.0,5484.0,10473.97,171.45573998,31,0.0056529695087672045
2019-08-17 00:00:00,0.6677821720185648,87.0,6266.0,10392.66,403.9361846,20,0.010008959608419707
2019-08-17 01:00:00,0.397059293556861,61.0,3371.0,10442.31,107.90447099,20,0.003979879678594231
2019-08-17 02:00:00,0.5907056772605095,60.0,7481.0,10413.2,400.74481663,20,0.014161378279574968
2019-08-17 03:00:00,0.9652013830776908,36.0,3418.0,10354.34,145.13890741,20,0.01043484586413817
2019-08-17 04:00:00,0.1998126670445703,40.0,1799.0,10244.57,196.17496604,20,0.009939687286482174
2019-08-17 05:00:00,0.8307565041000479,35.0,1193.0,10392.39,116.23424323,20,0.006977887885867192
2019-08-17 06:00:00,0.5396052864335473,42.0,2931.0,10331.42,87.8567844,20,0.0064357893797342604
2019-08-17 07:00:00,0.3262005440441794,56.0,3973.0,10298.1,75.04687718,20,0.005477089277416406
2019-08-17 08:00:00,0.2422323268021402,68.0,3895.0,10356.08,74.60288828,20,0.005635325305667684
2019-08-17 09:00:00,0.4703811487904876,55.0,3159.0,10390.13,70.39741697,20,0.006664840196881224
2019-08-17 10:00:00,0.5179628431358411,67.0,6982.0,10345.97,50.71388157,20,0.004466896462360407
2019-08-17 11:00:00,0.4830893225103249,58.0,9771.0,10368.41,61.44151901,20,0.0031739384136906927
2019-08-17 12:00:00,0.3557573263736697,76.0,4221.0,10404.42,255.75880622,20,0.010853690255514884
2019-08-17 13:00:00,0.6794884135347984,87.0,7788.0,10450.83,75.18756134,20,0.005397892720057376
2019-08-17 14:00:00,0.6569684231466658,88.0,6408.0,10389.45,39.18864609,20,0.0038786895026635287
2019-08-17 15:00:00,0.6124240117218451,128.0,9789.0,10348.7,76.10046061,20,0.004252965733591978
2019-08-17 16:00:00,0.4155119268707136,103.0,6299.0,10346.28,111.11371149,20,0.007123455877637214
2019-08-17 17:00:00,1.0141150305351028,109.0,13619.0,10365.35,77.0757318,20,0.004327284730158376
2019-08-17 18:00:00,0.7722418356662011,120.0,13735.0,10326.25,37.58536969,20,0.0036611652729536402
2019-08-17 19:00:00,0.6524484209937467,88.0,8428.0,10331.66,152.00547852,20,0.008151217895176826
2019-08-17 20:00:00,0.803025983263902,102.0,10329.0,10282.88,63.32638125,20,0.005006201026693133
2019-08-17 21:00:00,0.6140516497882448,90.0,4231.0,10070.65,944.12956729,20,0.01483363476981316
2019-08-17 22:00:00,0.5280421782369183,54.0,5009.0,10169.53,665.28408174,20,0.016873462481426838
2019-08-17 23:00:00,0.6028294257381384,65.0,4038.0,10176.78,78.76320503,20,0.0033091001731307087
2019-08-18 00:00:00,0.7226090533430017,42.0,3731.0,10079.29,182.17431447,14,0.009057083433846402
2019-08-18 01:00:00,0.6863375768716165,52.0,2929.0,10136.3,100.91692987,14,0.007005389868842414
2019-08-18 02:00:00,0.2573787397443792,56.0,2168.0,10238.95,241.95951715,14,0.006923040874935397
2019-08-18 03:00:00,0.4821549939929963,39.0,7386.0,10210.89,74.49005925,14,0.004609028340186283
2019-08-18 04:00:00,0.2724915759788422,31.0,1429.0,10215.16,144.16986195,14,0.004359427593818498
2019-08-18 05:00:00,0.2758208678337167,40.0,2845.0,10179.08,146.54371718,14,0.0046586911137881356
2019-08-18 06:00:00,1.1680136082037256,57.0,6542.0,10163.65,74.08964901,14,0.004510092783576664
2019-08-18 07:00:00,0.2966461826098717,50.0,1633.0,10115.44,67.14907421,14,0.0041270605909107996
2019-08-18 08:00:00,0.4611564245770925,44.0,3774.0,10129.14,212.03081484,14,0.004727580430471643
2019-08-18 09:00:00,0.5267947907227218,68.0,6819.0,10150.52,73.29449174,14,0.0034998187511395967
2019-08-18 10:00:00,0.5406919377429448,74.0,5827.0,10174.06,66.90800147,14,0.002897350872069387
2019-08-18 11:00:00,0.5015927061193792,82.0,6484.0,10146.68,34.12968972,14,0.004574545095081299
2019-08-18 12:00:00,0.7882306940413596,77.0,9941.0,10105.55,51.91419443,14,0.003870864186491661
2019-08-18 13:00:00,0.7089013417359534,117.0,9616.0,10193.03,211.45053328,14,0.00720428489951433
2019-08-18 14:00:00,0.5123449680698868,107.0,7454.0,10363.7,417.02890254,14,0.013237563910692534
2019-08-18 15:00:00,0.7565095848986438,106.0,13161.0,10415.19,189.80950727,14,0.0071422280903055265
2019-08-18 16:00:00,0.3738215742090977,108.0,9225.0,10395.76,222.76925963,14,0.0062702552649238266
2019-08-18 17:00:00,0.6889332818348234,84.0,5363.0,10440.74,283.5053392,14,0.008686396477988339
2019-08-18 18:00:00,0.5794031028071355,102.0,16018.0,10392.81,312.0407636,14,0.00869251300835358
2019-08-18 19:00:00,0.6968837059111299,95.0,8742.0,10401.76,63.48502433,14,0.004822346821843493
2019-08-18 20:00:00,0.3950586704318177,100.0,8848.0,10437.3,77.51001933,14,0.005576399127225267
2019-08-18 21:00:00,0.4935699748908527,75.0,8466.0,10389.23,165.10904168,14,0.00644478271761442
2019-08-18 22:00:00,0.4396587410484091,69.0,3980.0,10393.05,79.31761589999999,14,0.003179769117158231
2019-08-18 23:00:00,0.3686004916143947,80.0,4600.0,10368.17,80.20925273,14,0.005287087787839157
2019-08-19 00:00:00,0.4776394221157837,47.0,2498.0,10358.09,149.31208886,30,0.0050898745769368285
2019-08-19 01:00:00,0.4919415090246029,67.0,2731.0,10416.37,78.95052104999999,30,0.005420148423491787
2019-08-19 02:00:00,0.4244196429514736,46.0,3170.0,10348.71,125.54819039,30,0.007932468001894804
2019-08-19 03:00:00,0.2526564976913919,55.0,8060.0,10318.99,72.14431237000001,30,0.004480012437521444
2019-08-19 04:00:00,0.2616156207991985,45.0,2606.0,10324.17,80.76286158,30,0.004618753885795136
2019-08-19 05:00:00,0.3859620394067121,52.0,4320.0,10356.88,42.83394577,30,0.005687905295660415
2019-08-19 06:00:00,1.1538580793098483,55.0,6244.0,10401.96,295.01417414,30,0.005808511894064567
2019-08-19 07:00:00,0.4522078098727537,95.0,7974.0,10411.8,146.19095886,30,0.00441480410716461
2019-08-19 08:00:00,0.7445880077274643,75.0,6399.0,10379.32,149.65669843,30,0.0035324406518028304
2019-08-19 09:00:00,0.7177221006554495,92.0,13333.0,10366.05,154.100129,30,0.0030773304545315206
2019-08-19 10:00:00,0.4915655601970936,77.0,9081.0,10479.13,224.1002354,30,0.005864732028751865
2019-08-19 11:00:00,0.4163369556473091,86.0,7213.0,10731.71,1291.34095916,30,0.009658715165551612
2019-08-19 12:00:00,0.601521049952699,88.0,7609.0,10700.0,456.95017042,30,0.004797237995005291
2019-08-19 13:00:00,0.5656268178609175,113.0,10504.0,10666.04,364.485402,30,0.005079485506057243
2019-08-19 14:00:00,0.5891267833023821,123.0,12682.0,10699.54,311.81572562,30,0.0034162073018095054
2019-08-19 15:00:00,0.4706365935252117,130.0,9318.0,10705.18,549.01596983,30,0.009933769580766263
2019-08-19 16:00:00,0.5036786688369989,108.0,5903.0,10706.0,495.29680883,30,0.004390230829484752
2019-08-19 17:00:00,0.5944169151713535,126.0,8398.0,10720.36,138.48027507,30,0.002781281999432722
2019-08-19 18:00:00,0.654580983794258,134.0,21122.0,10732.64,222.15900571,30,0.00480562067671115
2019-08-19 19:00:00,0.7071833321615881,133.0,12959.0,10717.3,220.5030602,30,0.004363322461237972
2019-08-19 20:00:00,0.6374869446368677,113.0,10225.0,10677.56,239.63139215,30,0.006150140569458041
2019-08-19 21:00:00,0.4838820879642934,78.0,6449.0,10714.71,106.87802142,30,0.0021486271196425977
2019-08-19 22:00:00,0.2811652064516973,103.0,8060.0,10720.96,95.61610644,30,0.003215236218707337
2019-08-19 23:00:00,0.4053869235286669,91.0,5976.0,10696.92,705.47910615,30,0.010922194164514088
2019-08-20 00:00:00,0.4600439426354063,78.0,4677.0,10671.11,190.94406877,39,0.005564676572054398
2019-08-20 01:00:00,0.600777442345412,55.0,2678.0,10713.32,158.13150213,39,0.004703742598353923
2019-08-20 02:00:00,0.6740207885852258,54.0,3069.0,10779.97,404.46726618,39,0.006113341082249406
2019-08-20 03:00:00,0.4844608626674506,61.0,5894.0,10927.3,1000.16750502,39,0.006796367722776851
2019-08-20 04:00:00,0.3008839878094549,51.0,2331.0,10902.41,585.15848875,39,0.005490254043852029
2019-08-20 05:00:00,0.7669581433077567,73.0,7040.0,10883.22,166.39543902,39,0.005222784199832938
2019-08-20 06:00:00,0.6976971914746514,73.0,5908.0,10884.17,147.66602108,39,0.002982100638850846
2019-08-20 07:00:00,0.5931423016987195,118.0,14441.0,10792.84,330.74293711,39,0.0055609976075346726
2019-08-20 08:00:00,0.3651983514385397,81.0,4194.0,10824.55,129.40525061,39,0.003599114996135414
2019-08-20 09:00:00,0.6606545810972403,75.0,6872.0,10769.66,220.82669458,39,0.00339147866807345
2019-08-20 10:00:00,0.3894783738439946,89.0,9688.0,10797.23,322.52592211,39,0.006579781768783509
2019-08-20 11:00:00,0.3196764182684033,98.0,5761.0,10818.0,352.52460964,39,0.0020359683864541894
2019-08-20 12:00:00,0.5568471266433815,105.0,8129.0,10695.49,465.93809833,39,0.008435567319982776
2019-08-20 13:00:00,0.7984495120329206,150.0,24803.0,10699.28,553.09474267,39,0.011072833693650598
2019-08-20 14:00:00,0.4027749754886194,132.0,14076.0,10659.63,116.31638201,39,0.004139206236674968
2019-08-20 15:00:00,0.5281907049857193,123.0,9100.0,10704.73,214.32302904,39,0.0059313398641246354
2019-08-20 16:00:00,0.4888344203825434,128.0,12949.0,10645.32,105.15847989,39,0.004889584426030077
2019-08-20 17:00:00,0.7482081975695969,120.0,6569.0,10655.67,99.84318811,39,0.003111643384692414
2019-08-20 18:00:00,0.4773469092003733,133.0,12134.0,10615.85,358.8362309,39,0.006437501990566223
2019-08-20 19:00:00,0.5821956832357186,141.0,11321.0,10736.12,422.00182442,39,0.009879077823918557
2019-08-20 20:00:00,0.617414101859975,119.0,12630.0,10748.09,274.54540213,39,0.005445764501277357
2019-08-20 21:00:00,0.5220115997244442,116.0,10548.0,10759.0,43.34733947,39,0.0031958994664275727
2019-08-20 22:00:00,0.4692326712286681,92.0,8215.0,10737.54,102.37264135,39,0.0033254598675889445
2019-08-20 23:00:00,0.2546048865338533,89.0,5691.0,10727.91,147.82368015,39,0.00284367377055841
2019-08-21 00:00:00,0.4795181933332109,95.0,5177.0,10708.04,205.13022854,11,0.006304446925796574
2019-08-21 01:00:00,0.1802558288650682,69.0,6269.0,10784.86,268.96285113,11,0.00851287983911961
2019-08-21 02:00:00,0.4541211284258673,92.0,6746.0,10826.97,115.00840813,11,0.005049146966305668
2019-08-21 03:00:00,0.0965030553349216,80.0,3898.0,10772.22,135.65206358,11,0.00662958317813467
2019-08-21 04:00:00,0.1969059480871708,62.0,3777.0,10694.48,296.54354267,11,0.007389497427144202
2019-08-21 05:00:00,0.316061887702721,58.0,4027.0,10677.06,134.61221026,11,0.004759932354828321
2019-08-21 06:00:00,0.5070684063764398,63.0,3662.0,10597.17,282.12761956,11,0.007650805396988491
2019-08-21 07:00:00,0.4270204885302376,82.0,6777.0,10295.41,1125.11197267,11,0.0208187436173996
2019-08-21 08:00:00,0.5610017920779281,85.0,6986.0,10167.99,700.330193,11,0.009665983384510938
2019-08-21 09:00:00,0.4891210092418605,88.0,6006.0,10210.47,380.89252348,11,0.008047145909570813
2019-08-21 10:00:00,0.48372016830506,100.0,4666.0,10150.91,588.74634238,11,0.011695605192916072
2019-08-21 11:00:00,0.5575945277277565,94.0,8089.0,10109.02,302.55575805,11,0.007770000162104318
2019-08-21 12:00:00,0.4326276026337186,131.0,13393.0,10156.5,140.66662729,11,0.004214513774713977
2019-08-21 13:00:00,0.2248221927986698,154.0,10581.0,10183.94,263.94454139,11,0.007974191077297474
2019-08-21 14:00:00,0.4377708722752398,131.0,13602.0,10119.93,491.75594208,11,0.010978604447272819
2019-08-21 15:00:00,0.455638160359283,91.0,7603.0,10165.27,163.16980846,11,0.005843245312909739
2019-08-21 16:00:00,0.4603530397439916,90.0,11998.0,9941.35,1241.66135734,11,0.014841584903975873
2019-08-21 17:00:00,0.418586331374677,115.0,11050.0,9943.71,430.33828338,11,0.005770030601897908
2019-08-21 18:00:00,0.788267931371326,115.0,8067.0,10005.7,390.0687211,11,0.007228618139831918
2019-08-21 19:00:00,0.4102775981049572,125.0,12059.0,9972.14,394.09029206,11,0.007420039001116572
2019-08-21 20:00:00,0.5169061692040081,120.0,10397.0,10114.1,1292.90006557,11,0.019176583605153556
2019-08-21 21:00:00,0.465073001961919,109.0,6651.0,10097.61,217.05999333,11,0.0045847373811250475
2019-08-21 22:00:00,0.6593289215882562,78.0,7164.0,10064.59,175.33092353,11,0.004861700143784141
2019-08-21 23:00:00,0.5130905325372631,86.0,5327.0,10104.37,101.56133204,11,0.005228724413395225
2019-08-22 00:00:00,0.513678822959735,74.0,3242.0,10154.45,247.39445147,5,0.004692372564672539
2019-08-22 01:00:00,0.2729597618548548,80.0,5704.0,10046.47,156.62745947,5,0.007126130232995671
2019-08-22 02:00:00,0.2230754080994342,70.0,4478.0,10063.37,85.95105468,5,0.004316119457313666
2019-08-22 03:00:00,0.5941574916379107,59.0,5281.0,10134.75,209.18069603,5,0.009807708730504905
2019-08-22 04:00:00,0.6669931832915151,34.0,1413.0,10074.99,127.74871076,5,0.007574938368586766
2019-08-22 05:00:00,0.3254301873933266,45.0,2518.0,9808.71,848.40316819,5,0.015847791236902112
2019-08-22 06:00:00,0.8972412728391559,69.0,6212.0,9918.22,552.70589689,5,0.011306136752582439
2019-08-22 07:00:00,0.2498037358043156,78.0,7274.0,9867.37,223.51698841,5,0.004053316486770534
2019-08-22 08:00:00,0.4655716286594794,86.0,4778.0,9960.65,362.73496228,5,0.009376622092336173
2019-08-22 09:00:00,0.460842579159871,93.0,5231.0,9963.75,142.53813782,5,0.0073415954669962535
2019-08-22 10:00:00,0.491046445609057,103.0,10969.0,9982.17,319.84187085,5,0.011124513012449733
2019-08-22 11:00:00,0.5959807728269197,90.0,5721.0,9954.03,94.69825627,5,0.0037064735028208146
2019-08-22 12:00:00,0.5123600546780972,79.0,4554.0,9921.32,416.22771209,5,0.006036872365866832
2019-08-22 13:00:00,0.6599166529103997,118.0,7699.0,9968.21,174.64300913,5,0.00693572618028547
2019-08-22 14:00:00,0.5617540067065017,142.0,12714.0,10015.18,301.52171452,5,0.007322152266043524
2019-08-22 15:00:00,0.323494927330595,131.0,5709.0,9957.51,458.94256428,5,0.009631576911914597
2019-08-22 16:00:00,0.4198426964083004,135.0,7311.0,10047.96,354.13144936000003,5,0.007899679278539523
2019-08-22 17:00:00,0.5363998808453314,128.0,9149.0,10112.51,383.141638,5,0.005640899006292157
2019-08-22 18:00:00,0.5334793746224333,117.0,8588.0,10089.97,356.55602601,5,0.005307765799375824
2019-08-22 19:00:00,0.4677089307183141,108.0,7604.0,10117.08,249.25980185,5,0.007088565562155196
2019-08-22 20:00:00,1.0107986282962511,120.0,14321.0,10118.96,146.02831784,5,0.005923427027400906
2019-08-22 21:00:00,0.7104021699549498,81.0,5172.0,10172.18,285.15369467,5,0.005290607617823172
2019-08-22 22:00:00,0.7050829904182586,84.0,8165.0,10182.89,202.30333704,5,0.005898304817640048
2019-08-22 23:00:00,0.4739928328572063,81.0,5819.0,10161.82,148.09803129,5,0.003869347022098739
2019-08-23 00:00:00,0.7517701385738325,74.0,8361.0,10180.0,174.52572954,33,0.004721618047431496
2019-08-23 01:00:00,0.3115337006363855,58.0,3124.0,10137.21,245.002041,33,0.00485895866916361
2019-08-23 02:00:00,0.4576701490065816,65.0,2035.0,10155.1,102.12070706,33,0.004046710073350035
2019-08-23 03:00:00,0.6119608114937626,43.0,2767.0,10112.01,40.46288273,33,0.0026318819731268152
2019-08-23 04:00:00,0.5613209829933334,44.0,2332.0,10119.83,374.76322793,33,0.006354268169637558
2019-08-23 05:00:00,0.8532234646888134,49.0,2375.0,10089.84,41.89482153,33,0.002821624190867126
2019-08-23 06:00:00,0.670846083888099,70.0,9160.0,10101.35,25.41834153,33,0.004380991666753144
2019-08-23 07:00:00,0.6493815803965254,88.0,10259.0,10144.65,87.54129309,33,0.004823010883152868
2019-08-23 08:00:00,0.4017745991324485,77.0,4858.0,10175.64,148.13199137,33,0.004661879379134748
2019-08-23 09:00:00,0.49321653063018,104.0,7305.0,10147.41,147.26715028,33,0.0036327473709341523
2019-08-23 10:00:00,0.6692904930197696,87.0,6733.0,10238.78,389.10747413,33,0.007802176418261033
2019-08-23 11:00:00,0.5878488783198985,128.0,12008.0,10230.65,253.79730344,33,0.005171747136163391
2019-08-23 12:00:00,0.5731825516710802,107.0,9727.0,10167.03,188.79104873,33,0.003349274781206728
2019-08-23 13:00:00,0.2034332264416094,136.0,13100.0,10121.87,131.73221719,33,0.004542674936309854
2019-08-23 14:00:00,0.4329041524416707,151.0,11853.0,10128.8,259.82289964,33,0.005885836412743831
2019-08-23 15:00:00,0.6163674892860077,125.0,11802.0,10136.43,98.55851408,33,0.005299238755878386
2019-08-23 16:00:00,0.4438785420619861,117.0,14387.0,10212.31,194.889173,33,0.005631994493482347
2019-08-23 17:00:00,0.498632197624247,109.0,10224.0,10371.9,606.40431646,33,0.016393640279922798
2019-08-23 18:00:00,0.5419457309656428,101.0,12669.0,10411.95,388.02025814,33,0.004592931362856135
2019-08-23 19:00:00,0.4034643208065533,124.0,12208.0,10409.0,253.74486734,33,0.005232080916164851
2019-08-23 20:00:00,0.4836457464470611,115.0,12819.0,10408.76,138.93190082,33,0.0037810137426998024
2019-08-23 21:00:00,0.5129385459680379,101.0,6279.0,10411.0,205.11000328,33,0.002689005718961817
2019-08-23 22:00:00,0.5579265044296347,97.0,12515.0,10420.0,161.9223374,33,0.0024869884586256924
2019-08-23 23:00:00,0.3047281540996149,54.0,11601.0,10420.0,362.88326438,33,0.006364615475152281
2019-08-24 00:00:00,0.7639298802953134,62.0,4848.0,10361.36,388.25851339,39,0.007775620345693233
2019-08-24 01:00:00,0.5039330506161132,44.0,3184.0,10418.85,330.1841521,39,0.0054622162433849274
2019-08-24 02:00:00,0.4448821771235897,52.0,2098.0,10384.93,155.59855047,39,0.0052235413769384734
2019-08-24 03:00:00,0.5183714615148384,39.0,4128.0,10401.6,224.5178237,39,0.003498396700186484
2019-08-24 04:00:00,0.8230298062197439,30.0,1894.0,10416.43,37.91024245,39,0.0033827004378698443
2019-08-24 05:00:00,0.5815364297464736,34.0,2130.0,10384.24,46.00126073,39,0.002013275748006077
2019-08-24 06:00:00,0.6699569039380546,31.0,2199.0,10359.12,73.97156097,39,0.0039628824486546135
2019-08-24 07:00:00,0.5516517976010694,39.0,3448.0,10358.79,171.24268001000002,39,0.0056024870365280754
2019-08-24 08:00:00,0.4377158693795393,62.0,4584.0,10346.36,42.14500784,39,0.002995942306406543
2019-08-24 09:00:00,0.4712607733235846,71.0,3621.0,10350.82,66.98011522,39,0.0034213238678240305
2019-08-24 10:00:00,0.5557002498427835,79.0,5199.0,10316.43,47.71562324,39,0.003129642963006897
2019-08-24 11:00:00,0.634892993910862,94.0,10431.0,10315.46,319.23121408,39,0.004749513860546232
2019-08-24 12:00:00,0.5791709191857722,102.0,7354.0,10125.24,704.33020787,39,0.010197476527425097
2019-08-24 13:00:00,0.395719066082723,81.0,6499.0,9990.49,918.69923253,39,0.016643428820433986
2019-08-24 14:00:00,0.4673679075816779,112.0,11171.0,9987.88,265.30297349,39,0.0035580428916885246
2019-08-24 15:00:00,0.5432308603593056,99.0,6145.0,10027.56,111.10161197,39,0.004475479282901651
2019-08-24 16:00:00,0.6887878716139701,85.0,8676.0,10000.0,282.11850596,39,0.006398314260866398
2019-08-24 17:00:00,0.6122246663783825,81.0,4488.0,9996.5,99.35225462,39,0.00392602444789207
2019-08-24 18:00:00,0.3870066963192461,78.0,4913.0,9984.3,162.07241172,39,0.003093658499038052
2019-08-24 19:00:00,0.1613353112974382,78.0,9827.0,9990.55,102.44802153,39,0.003882779385820819
2019-08-24 20:00:00,0.7621375952126318,88.0,7415.0,10065.95,351.58128339,39,0.009073422892446737
2019-08-24 21:00:00,0.3119968743367833,83.0,5157.0,10037.07,56.34539796,39,0.0034271567539073226
2019-08-24 22:00:00,0.2711878162486892,79.0,4923.0,10078.55,16.40176612,39,0.003407346151733906
2019-08-24 23:00:00,0.4628533787834412,80.0,5225.0,10103.85,122.28294021,39,0.00381585382405324
2019-08-25 00:00:00,0.5086728486923316,50.0,2665.0,10095.16,162.25079393,33,0.004760150110441458
2019-08-25 01:00:00,0.6767929966734854,54.0,2956.0,10081.84,60.15484438,33,0.0032231319622415223
2019-08-25 02:00:00,0.6375147932273684,46.0,3157.0,10170.0,688.82449319,33,0.014599496219452068
2019-08-25 03:00:00,0.0976051553892451,36.0,1601.0,10149.7,198.09229346,33,0.0042425782842076855
2019-08-25 04:00:00,0.4372681048805319,45.0,3488.0,10129.12,64.42564614,33,0.003643509445338059
2019-08-25 05:00:00,0.7964200453006903,23.0,1491.0,10088.88,156.25489687,33,0.007954865931074778
2019-08-25 06:00:00,0.4872839190701843,44.0,2877.0,10127.08,103.8979913,33,0.006768084411777935
2019-08-25 07:00:00,0.0528275018492935,38.0,1635.0,10137.2,42.64836069,33,0.003678401358511874
2019-08-25 08:00:00,0.1084486463973402,57.0,3632.0,10029.68,60.38412008,33,0.004335621070130928
2019-08-25 09:00:00,0.4596922097541444,53.0,4996.0,10066.14,36.84254265,33,0.004503767427966536
2019-08-25 10:00:00,0.1331111597136218,44.0,3101.0,10080.01,27.08745586,33,0.004409028766862156
2019-08-25 11:00:00,0.5209574410441243,69.0,3666.0,10126.1,83.4970269,33,0.00459309912127499
2019-08-25 12:00:00,0.4818787786673346,69.0,4026.0,10106.77,62.20786936,33,0.004104472908160161
2019-08-25 13:00:00,0.500539325289582,78.0,9845.0,10160.12,173.23869137,33,0.00442626502951681
2019-08-25 14:00:00,0.4712315414287334,97.0,4968.0,10144.67,86.32527598,33,0.004024125794095337
2019-08-25 15:00:00,0.37364789968447,102.0,4479.0,10124.22,39.6986999,33,0.0035189242789137555
2019-08-25 16:00:00,0.408414662368891,78.0,4086.0,10317.01,478.26794866,33,0.012327198497138238
2019-08-25 17:00:00,0.3929554632209828,70.0,5183.0,10260.57,190.93563069,33,0.005636168354344937
2019-08-25 18:00:00,0.379051049206276,84.0,4713.0,10050.0,526.65940056,33,0.016054693542991837
2019-08-25 19:00:00,0.4607278111102947,97.0,6801.0,10062.28,145.78348821,33,0.004601590196005078
2019-08-25 20:00:00,0.1087089232391824,67.0,4052.0,10052.75,174.89297087,33,0.0077424855578894685
2019-08-25 21:00:00,0.1127789900464402,65.0,3936.0,10067.81,54.49584509,33,0.003153402792213151
2019-08-25 22:00:00,0.4714253637115941,70.0,3981.0,10069.35,48.89317477,33,0.0024222207090947127
2019-08-25 23:00:00,0.2414564642636385,59.0,3662.0,10062.76,515.3448706,33,0.011705151832370168
2019-08-26 00:00:00,0.4618189191091529,109.0,7615.0,9998.23,145.27228277,41,0.005420837894543447
2019-08-26 01:00:00,0.2408941418439999,69.0,3587.0,9998.0,296.35512272,41,0.011617069727358629
2019-08-26 02:00:00,0.3694417945903693,65.0,5114.0,10060.44,192.80713515,41,0.007619209652546729
2019-08-26 03:00:00,0.4742348004980748,63.0,4114.0,10136.75,247.17883398,41,0.005849937307528311
2019-08-26 04:00:00,0.3952896236826335,41.0,2247.0,10518.53,2316.78078211,41,0.026302058777961195
2019-08-26 05:00:00,0.3496606196295672,49.0,2364.0,10451.87,427.5984394,41,0.007362214243419306
2019-08-26 06:00:00,0.8406007327270896,67.0,7630.0,10397.24,358.70103051,41,0.007090395557922107
2019-08-26 07:00:00,0.6091992580149073,93.0,7029.0,10280.57,429.86322271,41,0.014906921289211898
2019-08-26 08:00:00,0.5027436648591972,69.0,5895.0,10333.85,219.56629951,41,0.005664679608564052
2019-08-26 09:00:00,0.277399851659836,79.0,6052.0,10362.0,172.4489744,41,0.00703334038680006
2019-08-26 10:00:00,0.3089840799112961,79.0,4025.0,10378.16,133.32090231,41,0.004215929975304349
2019-08-26 11:00:00,0.299616043241893,85.0,5079.0,10329.88,176.81389097000002,41,0.005804339423340801
2019-08-26 12:00:00,0.8469342292680672,114.0,9340.0,10333.13,147.39959015,41,0.005962971141792277
2019-08-26 13:00:00,0.5793015604399817,142.0,11796.0,10357.14,119.93299223,41,0.005271637908984957
2019-08-26 14:00:00,0.5454373900534341,107.0,12656.0,10358.11,249.06492124,41,0.007366693890601913
2019-08-26 15:00:00,0.5764366378223517,123.0,20815.0,10378.92,94.55063607,41,0.003548799213815219
2019-08-26 16:00:00,0.2916416341071877,101.0,5512.0,10357.39,57.09994993,41,0.0029573993439515125
2019-08-26 17:00:00,0.2927422140467672,91.0,6403.0,10353.16,218.48764313,41,0.006550246118077669
2019-08-26 18:00:00,0.5848990990855076,93.0,4935.0,10315.7,155.19616667,41,0.0035687983894061247
2019-08-26 19:00:00,0.6150119793320099,137.0,11956.0,10321.73,110.93761115,41,0.004167654054675362
2019-08-26 20:00:00,0.4355222990365119,138.0,19031.0,10330.6,333.35359256,41,0.010999036338345475
2019-08-26 21:00:00,0.2933295533349478,110.0,6769.0,10300.67,105.51149519,41,0.003256125307944535
2019-08-26 22:00:00,0.5258741515392621,85.0,8881.0,10285.4,119.58915857,41,0.0026026299135361044
2019-08-26 23:00:00,0.3977227782754382,78.0,11259.0,10308.02,145.05174925,41,0.0025554136251274037
2019-08-27 00:00:00,0.2475827875803362,89.0,4479.0,10256.63,511.16789539,30,0.010017523270493456
2019-08-27 01:00:00,0.4777172254702812,89.0,6654.0,10254.95,130.59077445,30,0.006166841747238787
2019-08-27 02:00:00,0.4672941252319243,75.0,4771.0,10296.24,258.33261678,30,0.0046422461173063105
2019-08-27 03:00:00,0.1530279240009154,67.0,2248.0,10360.97,175.31500617,30,0.005828370006655241
2019-08-27 04:00:00,0.4911699236756813,60.0,4239.0,10327.99,70.75610989,30,0.004958855304465924
2019-08-27 05:00:00,0.95316383613273,67.0,5942.0,10300.09,130.46848087,30,0.0044343382153810545
2019-08-27 06:00:00,0.5152020617730653,87.0,10436.0,10228.21,484.05363922,30,0.006943967210394947
2019-08-27 07:00:00,0.6100598485324532,76.0,6280.0,10170.93,458.16610504,30,0.009222829691365514
2019-08-27 08:00:00,0.388875310428582,78.0,3781.0,10151.22,80.32215459,30,0.0017323786820454073
2019-08-27 09:00:00,0.6766447401054442,86.0,7864.0,10222.0,250.49347708,30,0.00513490184064231
2019-08-27 10:00:00,0.5023175597188869,78.0,5991.0,10198.66,54.21378731,30,0.0024840822402358706
2019-08-27 11:00:00,0.5570688806013191,109.0,12935.0,10162.01,163.23765286,30,0.006899490642424114
2019-08-27 12:00:00,0.2991298939023669,113.0,6843.0,10180.48,257.42314175,30,0.005901729434476234
2019-08-27 13:00:00,0.5813259292386125,115.0,13545.0,10135.14,192.39013487,30,0.004074584813167628
2019-08-27 14:00:00,0.5321686117883667,117.0,10469.0,10138.65,231.38236537,30,0.005484392642652017
2019-08-27 15:00:00,0.3311462328174541,94.0,9089.0,10104.83,464.17797589,30,0.0056363556192217
2019-08-27 16:00:00,0.6482395832431618,122.0,11965.0,10110.05,427.2921979,30,0.006528892058643717
2019-08-27 17:00:00,0.6050476458870971,96.0,14298.0,10163.28,311.02097477,30,0.005279384389526007
2019-08-27 18:00:00,0.4714916587676575,105.0,9940.0,10162.51,111.74492011,30,0.004654023908355634
2019-08-27 19:00:00,0.5993510737452915,102.0,11188.0,10176.39,131.35306795,30,0.005825827985579666
2019-08-27 20:00:00,0.6992285658233548,117.0,9553.0,10177.5,196.26999132,30,0.005521277846792226
2019-08-27 21:00:00,0.5121321630171339,109.0,11360.0,10174.52,66.50089664000001,30,0.0030663626718855546
2019-08-27 22:00:00,0.4861872809741461,68.0,6094.0,10171.38,104.15759536,30,0.0038104434691790534
2019-08-27 23:00:00,0.229570884070435,92.0,5766.0,10152.3,119.01511682,30,0.0043176060626576845
2019-08-28 00:00:00,0.7913149100329254,60.0,3755.0,10138.0,117.74203235,32,0.0038312626782350083
2019-08-28 01:00:00,0.4691490682282025,48.0,2870.0,10135.34,81.51460919,32,0.003319498882809147
2019-08-28 02:00:00,0.3753078378835712,59.0,4175.0,10126.25,157.83991545,32,0.0039012900932183484
2019-08-28 03:00:00,0.4965648734016488,61.0,3586.0,10167.29,119.7986792,32,0.004660013461066997
2019-08-28 04:00:00,0.5455247084198022,48.0,1783.0,10137.87,86.26502603,32,0.003119847163911864
2019-08-28 05:00:00,0.6748181245044532,62.0,4532.0,10087.93,83.34088885,32,0.003670299487991663
2019-08-28 06:00:00,0.8940147568091374,58.0,5069.0,10112.46,116.38611917,32,0.004109325401827906
2019-08-28 07:00:00,0.2780381408528269,52.0,3946.0,10081.11,93.07041906,32,0.00423346032288016
2019-08-28 08:00:00,0.5775728693497102,72.0,5021.0,10060.77,72.22521491,32,0.003112536972061589
2019-08-28 09:00:00,0.7837479622597022,76.0,7736.0,10126.38,270.71115499,32,0.008446752717494923
2019-08-28 10:00:00,0.5076727750621003,95.0,10180.0,10186.73,310.05595211,32,0.006007232494836601
2019-08-28 11:00:00,0.6975095135274012,94.0,13552.0,10149.88,131.77024741,32,0.0033771740253981434
2019-08-28 12:00:00,0.4396183234103668,103.0,8817.0,10120.63,232.83325834,32,0.0032045536094898047
2019-08-28 13:00:00,0.6791906559785145,168.0,12742.0,10142.79,167.38117915,32,0.004101857092007047
2019-08-28 14:00:00,0.5366077030432793,129.0,10642.0,10122.11,184.67037575,32,0.0033153609267140114
2019-08-28 15:00:00,0.4863887148035076,107.0,10608.0,10138.94,142.7337865,32,0.003780811682672868
2019-08-28 16:00:00,0.2849150219815926,105.0,8980.0,10152.08,317.11521293,32,0.005605867956265154
2019-08-28 17:00:00,0.4972554087262832,126.0,9452.0,10163.23,585.43610036,32,0.009121578261848156
2019-08-28 18:00:00,0.1310674586617864,217.0,12904.0,10203.5,460.39912789,32,0.006175157140914666
2019-08-28 19:00:00,0.4047902563837969,164.0,14981.0,10225.95,196.58238687,32,0.004430725496816584
2019-08-28 20:00:00,0.2574565320374804,138.0,11153.0,10218.67,123.26932497,32,0.0033262394667716373
2019-08-28 21:00:00,0.2684622374317784,99.0,5937.0,10190.1,199.62080686,32,0.006626352304432178
2019-08-28 22:00:00,0.3025200917567168,72.0,4419.0,9701.9,3423.17518744,32,0.034649649318600075
2019-08-28 23:00:00,0.4258683333557176,89.0,6034.0,9676.74,874.65308126,32,0.009250676412605432
2019-08-29 00:00:00,0.3689519656104983,66.0,3118.0,9666.18,318.22818633,20,0.005972108732908874
2019-08-29 01:00:00,0.3325777503351464,64.0,4109.0,9705.7,345.84848671,20,0.007143701171146571
2019-08-29 02:00:00,0.6098618508247141,43.0,2146.0,9723.04,380.40539367,20,0.003465831726684706
2019-08-29 03:00:00,0.2202788877696699,63.0,2129.0,9711.78,186.9790015,20,0.0036272906623188357
2019-08-29 04:00:00,0.5521792577062534,46.0,3706.0,9685.0,164.62508623,20,0.0058025851386841855
2019-08-29 05:00:00,0.4935103230276352,49.0,1842.0,9681.63,282.04853271,20,0.002589988497773165
2019-08-29 06:00:00,0.5825521155345313,53.0,5408.0,9669.74,120.07699921,20,0.0045451362350812366
2019-08-29 07:00:00,0.4464326136339702,91.0,8668.0,9587.44,394.90558351,20,0.010119759040264069
2019-08-29 08:00:00,0.6837731489569081,104.0,7615.0,9614.19,87.66737701,20,0.004596275616222871
2019-08-29 09:00:00,0.4894408669762662,79.0,12978.0,9592.57,89.308187,20,0.00357236003835327
2019-08-29 10:00:00,0.5706022636534075,86.0,8163.0,9539.33,496.93230994,20,0.006882024780302112
2019-08-29 11:00:00,0.6567363063793663,82.0,5714.0,9389.7,857.19199609,20,0.013873028710199938
2019-08-29 12:00:00,0.5087508606889755,105.0,12961.0,9396.24,749.19846448,20,0.005419686880042069
2019-08-29 13:00:00,0.4005737656771323,116.0,15193.0,9474.69,574.36139951,20,0.0057604783596344146
2019-08-29 14:00:00,0.3191620082388453,102.0,8104.0,9446.81,401.6486134,20,0.002979730973511577
2019-08-29 15:00:00,0.4356749274492463,117.0,8295.0,9448.11,207.96491666,20,0.004089058233935962
2019-08-29 16:00:00,0.5522135986153227,98.0,5434.0,9455.82,646.41293283,20,0.008290393691096508
2019-08-29 17:00:00,0.3134245424370647,109.0,8049.0,9456.7,165.93634447,20,0.0036638695954508286
2019-08-29 18:00:00,0.3900862493912969,97.0,10232.0,9414.21,341.63496361,20,0.005193871167894879
2019-08-29 19:00:00,0.4114276519277193,78.0,3426.0,9505.02,498.84575922,20,0.011635019523341922
2019-08-29 20:00:00,0.647033573827196,111.0,7710.0,9474.0,211.59251686,20,0.0052762817135797585
2019-08-29 21:00:00,0.5120968988329764,64.0,4749.0,9525.0,111.85686589,20,0.005169657494036123
2019-08-29 22:00:00,0.561001824734131,77.0,4438.0,9487.14,72.12364146,20,0.005214149078641022
2019-08-29 23:00:00,0.5963280883048648,71.0,4529.0,9502.0,145.29812406,20,0.005368267710902261
2019-08-30 00:00:00,0.4959008085957518,49.0,1482.0,9528.53,251.04041177,24,0.003406948594826446
2019-08-30 01:00:00,0.3087377212401059,77.0,5428.0,9503.28,614.03250149,24,0.006653329850654736
2019-08-30 02:00:00,0.4498978017866921,41.0,2745.0,9475.38,100.32739739,24,0.0021647756266510686
2019-08-30 03:00:00,0.4954144942016928,56.0,2544.0,9490.0,132.07545088,24,0.005136198869595112
2019-08-30 04:00:00,0.4699728773631015,53.0,4487.0,9439.04,205.8807556,24,0.007258467652954693
2019-08-30 05:00:00,0.4976752865923437,36.0,2041.0,9444.88,242.21246332,24,0.008175928901163578
2019-08-30 06:00:00,0.3383984658687088,46.0,2776.0,9429.33,58.42868212,24,0.003312522485935834
2019-08-30 07:00:00,0.5998359971196936,57.0,4775.0,9455.94,44.50107232,24,0.0042106013237345145
2019-08-30 08:00:00,0.3942287619512515,55.0,3005.0,9491.23,70.18019345,24,0.0036669389313787365
2019-08-30 09:00:00,0.4536690055295367,52.0,6087.0,9499.43,71.84024774,24,0.002944673759489942
2019-08-30 10:00:00,0.4964976231397789,73.0,14965.0,9473.02,203.0002287,24,0.004621753886352913
2019-08-30 11:00:00,0.5363849319214781,72.0,3672.0,9466.55,390.09596512,24,0.0034128460980462913
2019-08-30 12:00:00,0.4273911824163817,69.0,5044.0,9511.21,297.11653423,24,0.007196914807832754
2019-08-30 13:00:00,0.4365661480187975,92.0,6352.0,9565.2,272.11782985,24,0.00589842406691204
2019-08-30 14:00:00,0.5148134929801998,107.0,6528.0,9572.94,474.77851711,24,0.0057376045686356
2019-08-30 15:00:00,0.6887093880969493,95.0,7230.0,9565.13,178.64610407,24,0.004770365030942613
2019-08-30 16:00:00,0.6628972497336005,107.0,8527.0,9579.27,235.56210732,24,0.003876431491162244
2019-08-30 17:00:00,0.3840551466083355,80.0,5131.0,9602.23,318.37189167,24,0.004258682192617129
2019-08-30 18:00:00,0.6502146403586859,77.0,6703.0,9575.9,283.55113556,24,0.0037128768874357277
2019-08-30 19:00:00,0.4999267885645183,72.0,5167.0,9575.04,434.45315244,24,0.00478402373130913
2019-08-30 20:00:00,0.1187215409791187,85.0,6279.0,9571.76,254.66179094,24,0.004604157829917625
2019-08-30 21:00:00,0.5305019014531647,70.0,5965.0,9523.24,215.65582587,24,0.0038379372145788695
2019-08-30 22:00:00,0.3751226255177971,71.0,4286.0,9504.89,212.44057265,24,0.0037809795444886185
2019-08-30 23:00:00,0.6686380845451114,65.0,2197.0,9572.43,334.24545142,24,0.009506547685180316
2019-08-31 00:00:00,0.4466478999578461,50.0,4023.0,9623.0,346.97284914,20,0.009147317339615667
2019-08-31 01:00:00,0.4623320856803163,41.0,2159.0,9586.5,76.76908006000001,20,0.0016733801731750432
2019-08-31 02:00:00,0.2415646491784257,34.0,5874.0,9596.81,35.54131151,20,0.003360600485187936
2019-08-31 03:00:00,0.541112973647121,33.0,1274.0,9579.75,60.28593789,20,0.004909441706666074
2019-08-31 04:00:00,0.8482139664650675,25.0,1596.0,9590.04,32.28201679,20,0.0037443901671352004
2019-08-31 05:00:00,0.5411334849641039,26.0,1100.0,9620.75,95.98868646,20,0.004515687313366216
2019-08-31 06:00:00,0.3354188626639452,34.0,1319.0,9620.04,47.95376951,20,0.0037625655581598272
2019-08-31 07:00:00,0.3142520559736491,48.0,2811.0,9617.06,10.73247524,20,0.0020602924161668285
2019-08-31 08:00:00,0.5338502087580308,58.0,5732.0,9613.83,54.24113125,20,0.002964545653299158
2019-08-31 09:00:00,0.2941629664907397,55.0,3493.0,9613.63,15.53951686,20,0.0023973738081716493
2019-08-31 10:00:00,0.8138493745723653,69.0,6842.0,9591.77,12.24543625,20,0.0019925465618021087
2019-08-31 11:00:00,0.7404700015747693,48.0,6185.0,9588.61,43.17120096,20,0.002966410359051434
2019-08-31 12:00:00,0.4979242528121596,69.0,3493.0,9570.0,67.64725895,20,0.003150778823439848
2019-08-31 13:00:00,0.6373653097280678,74.0,5133.0,9573.51,86.94620873,20,0.005098653988784914
2019-08-31 14:00:00,0.3341152830444099,84.0,6440.0,9581.14,22.03616063,20,0.00262746970097782
2019-08-31 15:00:00,0.5596538910049313,73.0,5033.0,9569.74,25.12572467,20,0.0033561355855256706
2019-08-31 16:00:00,0.7372649588418974,97.0,6609.0,9592.54,22.94024208,20,0.004233733203705036
2019-08-31 17:00:00,0.7007218561942345,79.0,3413.0,9612.61,153.99892826,20,0.0029895303612923214
2019-08-31 18:00:00,0.7303675626929778,68.0,6528.0,9589.24,72.77001837,20,0.0032666118506691462
2019-08-31 19:00:00,0.649854242744919,63.0,4491.0,9591.72,66.16057414,20,0.0022615866920949884
2019-08-31 20:00:00,0.5230929706848929,46.0,4803.0,9596.17,56.32784746,20,0.002965493038482483
2019-08-31 21:00:00,0.7308521695330156,44.0,4228.0,9593.16,59.2926226,20,0.003226746517188108
2019-08-31 22:00:00,0.4491805947185144,48.0,3149.0,9580.78,34.88131631,20,0.003912290585391285
2019-08-31 23:00:00,0.7827298533473821,45.0,5759.0,9571.07,31.16833367,20,0.002372473585152755
2019-09-01 00:00:00,0.5913563435159858,54.0,3519.0,9487.91,197.05834034,24,0.008409508440709574
2019-09-01 01:00:00,0.5379739149898766,47.0,2289.0,9650.68,195.43384186,24,0.009616243823262996
2019-09-01 02:00:00,0.7661988546004537,38.0,2230.0,9619.32,81.63317992,24,0.004641758606638327
2019-09-01 03:00:00,0.5283386391065299,31.0,3850.0,9594.15,86.58059578,24,0.002092306296273059
2019-09-01 04:00:00,0.3966556172529025,36.0,4417.0,9625.32,110.51837959,24,0.002253984670353916
2019-09-01 05:00:00,0.6430905361921679,34.0,1918.0,9627.84,77.1250309,24,0.0017742445139740254
2019-09-01 06:00:00,0.407540924256065,28.0,1013.0,9612.03,19.65727653,24,0.0015896662482043004
2019-09-01 07:00:00,0.5274955913928854,39.0,1646.0,9627.0,24.77661911,24,0.0020305940454805084
2019-09-01 08:00:00,0.4125732327674006,39.0,8483.0,9623.79,23.72694923,24,0.0019359377953362144
2019-09-01 09:00:00,0.2585673672219657,43.0,6009.0,9607.37,68.93696598,24,0.0013481765268581523
2019-09-01 10:00:00,0.4004724075056174,46.0,4192.0,9631.61,33.33478458,24,0.0018470637895676724
2019-09-01 11:00:00,0.2876276722416242,54.0,5225.0,9625.93,15.00419763,24,0.0013173733947017614
2019-09-01 12:00:00,0.3191738553738691,89.0,14778.0,9600.53,111.85519767,24,0.00448192788179773
2019-09-01 13:00:00,0.361552653256588,66.0,5034.0,9598.71,46.58911377,24,0.004038824722888041
2019-09-01 14:00:00,0.5319533509954943,81.0,6939.0,9586.72,39.57445233,24,0.0014868757586338414
2019-09-01 15:00:00,0.5307349277644874,98.0,12617.0,9581.93,16.0015769,24,0.002116580884041737
2019-09-01 16:00:00,0.404582673058897,91.0,4773.0,9596.3,51.3521927,24,0.001994463133537539
2019-09-01 17:00:00,0.5021135193563185,68.0,5099.0,9586.13,45.12746906,24,0.002414710449525106
2019-09-01 18:00:00,0.4902014519558242,83.0,12528.0,9585.29,18.19925994,24,0.002307787853082892
2019-09-01 19:00:00,0.4198611055577946,79.0,5775.0,9621.01,195.22510854,24,0.006732070662062131
2019-09-01 20:00:00,0.5983464158639202,76.0,6558.0,9587.72,43.62728997,24,0.003867455059864134
2019-09-01 21:00:00,0.2647364438337855,83.0,7655.0,9605.81,83.46765442,24,0.007229356921341178
2019-09-01 22:00:00,0.4058850132054406,88.0,5761.0,9609.78,75.84771489,24,0.002426777131418804
2019-09-01 23:00:00,0.54582481522324,72.0,5954.0,9633.99,24.2102528,24,0.003643836082967846
2019-09-02 00:00:00,0.5530824246126183,63.0,6345.0,9633.57,41.6986964,28,0.0029057620768166326
2019-09-02 01:00:00,0.3732295585828964,54.0,2796.0,9709.65,275.44296754,28,0.010041435040105542
2019-09-02 02:00:00,0.4342968167203637,54.0,4010.0,9793.49,271.71985871,28,0.007538403595538191
2019-09-02 03:00:00,0.4414868038735031,41.0,3304.0,9767.53,86.34819202,28,0.004819363025963282
2019-09-02 04:00:00,0.266186334228678,36.0,2212.0,9774.02,67.15815685999999,28,0.002534314876920696
2019-09-02 05:00:00,0.8090069833657826,38.0,2731.0,9757.11,21.83745949,28,0.001588323030369954
2019-09-02 06:00:00,0.8279518360749004,54.0,3510.0,9790.7,60.57429588,28,0.0030330098365463224
2019-09-02 07:00:00,0.6738529352148619,77.0,9623.0,9759.55,42.52222848,28,0.003255259320348812
2019-09-02 08:00:00,0.5822518888185861,92.0,9037.0,9786.32,34.16186844,28,0.0028221267853314747
2019-09-02 09:00:00,0.3719551343023694,73.0,6035.0,9769.02,39.3227694,28,0.0018290086608568183
2019-09-02 10:00:00,0.6412404079596504,87.0,5157.0,9753.24,32.671961270000004,28,0.0019650916745858485
2019-09-02 11:00:00,0.514880597297413,93.0,8061.0,9763.56,144.52059567,28,0.001976557670689817
2019-09-02 12:00:00,0.6351708860004964,113.0,9721.0,9769.79,65.57052336,28,0.0011359384728775815
2019-09-02 13:00:00,0.5734687333306937,92.0,11611.0,9790.92,99.65713767,28,0.003298237576113069
2019-09-02 14:00:00,0.5530124442564647,137.0,14571.0,9794.75,212.26783408,28,0.0037453003470405036
2019-09-02 15:00:00,0.455902462063606,94.0,12301.0,9845.4,201.92983242,28,0.004374152271320834
2019-09-02 16:00:00,0.6516558969021504,110.0,7282.0,9841.89,157.8971633,28,0.0030326395866468866
2019-09-02 17:00:00,0.6187649497085737,145.0,12292.0,9909.58,245.40043916,28,0.00766948798230718
2019-09-02 18:00:00,0.504007156043947,123.0,10650.0,9922.94,284.07404902,28,0.00548670264104626
2019-09-02 19:00:00,0.6232580355414933,107.0,7916.0,9902.33,170.69368399,28,0.0031825594754691924
2019-09-02 20:00:00,0.5032217219457944,120.0,9677.0,9944.0,181.09993462,28,0.0038361589824896206
2019-09-02 21:00:00,0.6573757481923566,101.0,7050.0,10088.01,742.14947709,28,0.010545453358130475
2019-09-02 22:00:00,0.5544343027379588,91.0,10417.0,10141.67,633.38547721,28,0.007171833939533769
2019-09-02 23:00:00,0.3677290509179567,102.0,11468.0,10181.88,196.92229606,28,0.005419447102686308
2019-09-03 00:00:00,0.5332791139795051,73.0,6388.0,10408.02,1269.59354895,41,0.014290510273425483
2019-09-03 01:00:00,0.1957316110017136,49.0,3392.0,10388.59,582.08957645,41,0.007214284354537655
2019-09-03 02:00:00,0.5678025119326944,51.0,2640.0,10395.26,272.3324797,41,0.006343921944147188
2019-09-03 03:00:00,0.385687694523088,43.0,4016.0,10384.48,386.96604658,41,0.005660127820608814
2019-09-03 04:00:00,0.8990254130717061,62.0,8001.0,10404.13,327.25582357,41,0.0033207662320212483
2019-09-03 05:00:00,0.586500313375831,59.0,4535.0,10347.05,189.33916049,41,0.00542665589037205
2019-09-03 06:00:00,0.678554775966922,55.0,13426.0,10387.74,288.0760467,41,0.0063864510176863286
2019-09-03 07:00:00,0.3930998563233072,82.0,6986.0,10409.4,486.36097218,41,0.008221592931422404
2019-09-03 08:00:00,0.7402708878652621,90.0,8978.0,10404.54,179.95560444,41,0.004083622124875561
2019-09-03 09:00:00,0.26108978133178,61.0,27424.0,10425.7,137.73128314,41,0.0037466826089869194
2019-09-03 10:00:00,0.6433636766888324,107.0,12968.0,10392.33,52.7037176,41,0.0027676268271237467
2019-09-03 11:00:00,0.4283272179200166,132.0,16785.0,10388.72,129.76445328,41,0.0025352034893620164
2019-09-03 12:00:00,0.6323070792493787,117.0,9760.0,10370.0,169.88630574,41,0.0028853025230737564
2019-09-03 13:00:00,0.4221615345110124,190.0,15305.0,10301.0,547.49916962,41,0.0051685355966695845
2019-09-03 14:00:00,0.616181994329937,117.0,19826.0,10390.95,486.05486021,41,0.006267004820640948
2019-09-03 15:00:00,0.4324334726693722,158.0,16271.0,10435.93,823.80336715,41,0.00689608405590598
2019-09-03 16:00:00,0.4745956196624576,132.0,8742.0,10577.13,975.13592742,41,0.010499429670253963
2019-09-03 17:00:00,0.6457804221213977,123.0,12135.0,10670.0,1972.04596265,41,0.012930439082007772
2019-09-03 18:00:00,0.464336722371675,107.0,11118.0,10640.58,884.60021715,41,0.014188865313789501
2019-09-03 19:00:00,0.8709119270139191,99.0,7636.0,10699.73,534.62387641,41,0.006804850514084828
2019-09-03 20:00:00,0.8111203099198162,112.0,12694.0,10655.0,609.91972872,41,0.004227868293083149
2019-09-03 21:00:00,0.470283078643972,113.0,6775.0,10614.8,489.27755203,41,0.0052240123004811305
2019-09-03 22:00:00,0.4606080289683115,85.0,21213.0,10631.89,195.44841243,41,0.00326253161454694
2019-09-03 23:00:00,0.4359049697493469,90.0,7645.0,10663.98,279.44159706,41,0.003679056909476686
2019-09-04 00:00:00,0.3858638689572551,69.0,5505.0,10708.79,688.15769867,43,0.004764477533476876
2019-09-04 01:00:00,0.3874031103756506,62.0,4189.0,10700.45,302.26890702,43,0.0030644074173361052
2019-09-04 02:00:00,0.3760637489662747,58.0,2952.0,10708.39,100.38776178,43,0.003213056771664154
2019-09-04 03:00:00,0.0231020509321149,47.0,2097.0,10617.61,593.80009181,43,0.01027802716390474
2019-09-04 04:00:00,0.5398584822675748,56.0,6896.0,10582.24,65.07248462,43,0.003851188867912683
2019-09-04 05:00:00,0.4603689059759763,49.0,2730.0,10512.0,516.42375484,43,0.009350065415904744
2019-09-04 06:00:00,0.8461031546898825,53.0,4257.0,10546.42,131.97663172,43,0.0036459314378875732
2019-09-04 07:00:00,1.0589597800259678,64.0,8806.0,10631.0,136.19658408,43,0.00708505176581764
2019-09-04 08:00:00,0.563253334929178,71.0,6488.0,10588.26,310.45269809,43,0.005693143857938529
2019-09-04 09:00:00,0.6419929479111526,81.0,7224.0,10568.64,221.99239411,43,0.0037040969166312974
2019-09-04 10:00:00,0.4129785850743765,75.0,3535.0,10583.96,125.50874479,43,0.004021360667465507
2019-09-04 11:00:00,0.6653527515468476,78.0,6440.0,10572.68,128.67122453,43,0.004666689270922881
2019-09-04 12:00:00,0.4685430789605798,92.0,5998.0,10501.8,681.77080376,43,0.0067241749897086825
2019-09-04 13:00:00,0.3549466093616273,102.0,6685.0,10503.43,331.45298221,43,0.004082112607867884
2019-09-04 14:00:00,0.5044437354955876,119.0,24592.0,10569.4,256.24533552,43,0.006379572515964036
2019-09-04 15:00:00,0.5764751247135733,130.0,13713.0,10528.09,234.96757093,43,0.004957368515889322
2019-09-04 16:00:00,0.6917566555953075,102.0,8116.0,10487.59,505.69250231,43,0.0033054871352760267
2019-09-04 17:00:00,0.4747187448107351,112.0,10071.0,10417.3,944.49471558,43,0.006687558760587034
2019-09-04 18:00:00,0.5966108149700282,108.0,4937.0,10403.55,472.817346,43,0.004808663806956669
2019-09-04 19:00:00,0.4958629143496045,89.0,5603.0,10430.48,366.66950058,43,0.003646102015997486
2019-09-04 20:00:00,0.3459414383063934,111.0,7370.0,10569.79,596.6796561,43,0.008867003537338457
2019-09-04 21:00:00,0.266106504696289,90.0,5734.0,10647.32,396.45686959,43,0.007133169630454411
2019-09-04 22:00:00,0.8390153734235519,77.0,4368.0,10590.18,324.86227543,43,0.003900851134021559
2019-09-04 23:00:00,0.6618318383913077,79.0,4220.0,10715.0,608.53783524,43,0.00611970582086019
2019-09-05 00:00:00,0.5901582789551608,60.0,3904.0,10631.61,1467.72087087,41,0.013598188240757512
2019-09-05 01:00:00,0.8956718944198583,43.0,4502.0,10672.0,262.40819085,41,0.002341943510971418
2019-09-05 02:00:00,0.6941368394527508,53.0,2690.0,10575.41,785.74197021,41,0.011010920229744535
2019-09-05 03:00:00,0.1012131356637388,41.0,1796.0,10586.26,215.91068814,41,0.0048724694852826655
2019-09-05 04:00:00,0.2509991056250834,41.0,2130.0,10527.92,180.98761133,41,0.00415483475760249
2019-09-05 05:00:00,0.7073338124727483,60.0,5783.0,10543.26,73.54015739,41,0.0037108843523221357
2019-09-05 06:00:00,0.6341965992409502,75.0,8603.0,10545.82,61.47848703,41,0.003946355386995933
2019-09-05 07:00:00,0.4346930821781154,72.0,6613.0,10567.26,59.47879081,41,0.004771337850067517
2019-09-05 08:00:00,0.6091474324246929,79.0,7414.0,10594.3,68.97182502,41,0.00441452904926603
2019-09-05 09:00:00,0.7131227182454454,71.0,8276.0,10610.33,141.23655949,41,0.006393123209525457
2019-09-05 10:00:00,0.5188361852961317,76.0,5397.0,10541.83,160.86202797,41,0.005298087005613994
2019-09-05 11:00:00,0.6547481423707334,89.0,14190.0,10552.15,168.68367477,41,0.002919048760866168
2019-09-05 12:00:00,0.5996784028442544,110.0,8552.0,10582.44,157.98777714,41,0.007452378601693345
2019-09-05 13:00:00,0.7041486875600403,124.0,10227.0,10575.0,191.27970847,41,0.005331818504792161
2019-09-05 14:00:00,0.547787888023063,140.0,10323.0,10628.39,722.2667516500001,41,0.012938266692840565
2019-09-05 15:00:00,0.578507380458329,108.0,8392.0,10577.82,146.80542219,41,0.004770503924705466
2019-09-05 16:00:00,0.5469487315595386,114.0,10183.0,10570.85,228.82128965,41,0.005976254847650095
2019-09-05 17:00:00,0.5819886349887395,118.0,13455.0,10601.17,383.4514536,41,0.0038769885387891483
2019-09-05 18:00:00,0.5390295878655205,123.0,14357.0,10559.57,176.61345896,41,0.004211246885290697
2019-09-05 19:00:00,0.7133011503405858,122.0,14656.0,10559.51,302.43540371,41,0.0035116686057523514
2019-09-05 20:00:00,0.5226139930479763,86.0,7480.0,10532.01,294.87586207,41,0.006583211793593092
2019-09-05 21:00:00,0.6963810067177626,79.0,10567.0,10502.92,359.64760865,41,0.004055141999430694
2019-09-05 22:00:00,0.6203732693559921,77.0,4597.0,10553.77,78.13075483,41,0.004689219892894953
2019-09-05 23:00:00,0.5522502779119323,77.0,3340.0,10538.68,247.56594794,41,0.00706764780513713
2019-09-06 00:00:00,0.3717748958374945,77.0,3609.0,10525.6,127.49903011,43,0.004616019765526906
2019-09-06 01:00:00,0.3540744395456435,56.0,4725.0,10555.04,72.34178928,43,0.0042184892687914845
2019-09-06 02:00:00,0.2478006774745721,56.0,4583.0,10575.93,91.13872364,43,0.003147129716605224
2019-09-06 03:00:00,0.3580375450090204,86.0,79276.0,10573.66,59.52451859,43,0.0032242229364944364
2019-09-06 04:00:00,0.4179469019072517,61.0,9484.0,10571.29,37.00018131,43,0.0032950163195042035
2019-09-06 05:00:00,0.6774202544660805,74.0,8385.0,10598.13,75.70917073,43,0.002947119191513265
2019-09-06 06:00:00,0.519384924947328,70.0,3499.0,10658.87,227.1942935,43,0.0061234104838108604
2019-09-06 07:00:00,0.8355068158233397,111.0,14371.0,10657.94,156.60214329,43,0.0048142494371933115
2019-09-06 08:00:00,0.4603536595680116,92.0,9287.0,10710.1,159.39669192,43,0.005815990587895352
2019-09-06 09:00:00,0.6244799309775654,89.0,9686.0,10725.9,539.0019047,43,0.007025817237120514
2019-09-06 10:00:00,0.711771898522631,88.0,44131.0,10731.14,354.98158888,43,0.003723410197491021
2019-09-06 11:00:00,0.5982467758557616,115.0,12860.0,10744.07,442.90352794,43,0.0038344590294702306
2019-09-06 12:00:00,0.4324731975450273,132.0,21317.0,10738.25,496.97911431,43,0.00685906182972279
2019-09-06 13:00:00,0.5652799042159048,178.0,30511.0,10756.13,326.86436387,43,0.003020398249836366
2019-09-06 14:00:00,0.4971191110835914,197.0,20662.0,10761.74,486.2642793,43,0.004170429073558462
2019-09-06 15:00:00,0.6810222802523374,172.0,10448.0,10875.0,769.10208111,43,0.009638721740420828
2019-09-06 16:00:00,0.3724917535060827,141.0,8392.0,10861.58,647.87182498,43,0.006179726462463945
2019-09-06 17:00:00,0.529371063648933,185.0,20930.0,10840.5,532.03727231,43,0.0058334245181799905
2019-09-06 18:00:00,0.291941413283531,143.0,9192.0,10857.91,239.51576567,43,0.004274315175487128
2019-09-06 19:00:00,0.5515568975713406,136.0,14324.0,10890.45,314.27159031,43,0.0043175370916975694
2019-09-06 20:00:00,0.5926511705268979,115.0,8201.0,10887.77,96.81059091,43,0.0031138511731131826
2019-09-06 21:00:00,0.7934852690506962,94.0,9477.0,10423.09,2295.90060009,43,0.030613129326862516
2019-09-06 22:00:00,0.4869028293142629,97.0,6937.0,10376.62,661.69907588,43,0.0069848792582626025
2019-09-06 23:00:00,0.2179075366728659,67.0,3988.0,10373.87,235.33029048,43,0.004385270942568324
2019-09-07 00:00:00,0.1773568207834667,54.0,2437.0,10351.46,1045.73246303,39,0.012232841462272482
2019-09-07 01:00:00,0.149622791153375,45.0,3803.0,10417.69,231.45266821,39,0.007294374934078003
2019-09-07 02:00:00,0.4980315016262877,48.0,2252.0,10347.77,115.42595406,39,0.0038482157547097234
2019-09-07 03:00:00,0.1794817313609685,47.0,2894.0,10311.09,213.46250743,39,0.005040404901093461
2019-09-07 04:00:00,0.5135983372358965,39.0,2955.0,10338.34,112.50478912,39,0.004549803992483055
2019-09-07 05:00:00,0.3817214423531472,35.0,1576.0,10357.97,49.2197749,39,0.0037956199931186716
2019-09-07 06:00:00,0.3286729086441006,51.0,2291.0,10345.8,39.91847218,39,0.0024531652934367855
2019-09-07 07:00:00,1.0770169217923526,69.0,6361.0,10333.56,28.03090421,39,0.001978614051142158
2019-09-07 08:00:00,1.1736314980019866,68.0,14922.0,10352.01,17.87516618,39,0.0032569363079608758
2019-09-07 09:00:00,0.8143067257584724,46.0,4419.0,10363.67,66.10286853,39,0.0014646644477762315
2019-09-07 10:00:00,0.6549604777301461,69.0,3734.0,10341.22,77.80466778,39,0.0021903133703969407
2019-09-07 11:00:00,0.4946342027612834,58.0,8041.0,10378.89,70.58277848,39,0.004028648662813708
2019-09-07 12:00:00,0.3586898178766968,73.0,5472.0,10401.39,69.80972316,39,0.0033960383869547114
2019-09-07 13:00:00,0.3074849003394127,76.0,3253.0,10390.0,62.60901117,39,0.0029550932854696477
2019-09-07 14:00:00,0.3805024265612797,83.0,7632.0,10366.72,91.04943512,39,0.004261438301749777
2019-09-07 15:00:00,0.81059901781507,96.0,12119.0,10435.88,91.09339014,39,0.002044951661916988
2019-09-07 16:00:00,0.7066784005786622,101.0,12326.0,10384.17,46.89014514,39,0.003169954041612366
2019-09-07 17:00:00,0.6256929718287411,103.0,8368.0,10401.07,91.86686858,39,0.0026692482918064574
2019-09-07 18:00:00,0.7765715231492073,90.0,10540.0,10420.73,74.51789827,39,0.002982300331761677
2019-09-07 19:00:00,0.454909848669188,69.0,4287.0,10470.0,150.27840976,39,0.0037635153894724944
2019-09-07 20:00:00,0.790105410824571,64.0,7110.0,10516.12,361.28442603,39,0.012949974400686756
2019-09-07 21:00:00,0.616508391891838,64.0,7325.0,10509.48,204.72156724,39,0.00628095120285638
2019-09-07 22:00:00,0.6252300106158275,56.0,4504.0,10475.51,66.16723399,39,0.004570149860058162
2019-09-07 23:00:00,0.3608720450755336,58.0,3532.0,10492.98,204.23887332,39,0.0054357414658749185
2019-09-08 00:00:00,0.3963579641908336,56.0,4300.0,10528.73,367.55877553,43,0.0028165206209609266
2019-09-08 01:00:00,0.5836465952010877,52.0,3093.0,10542.7,311.78677879,43,0.005490281659554992
2019-09-08 02:00:00,0.5681112709193139,39.0,1620.0,10511.67,301.8969004,43,0.003991691868098075
2019-09-08 03:00:00,0.5976806551849657,41.0,3068.0,10484.39,190.70009534,43,0.0025560979687790724
2019-09-08 04:00:00,0.0700685612242209,38.0,4087.0,10512.79,57.66021304,43,0.0030307946775620077
2019-09-08 05:00:00,0.7402457560474899,49.0,7750.0,10501.52,19.03913845,43,0.0026386787005951017
2019-09-08 06:00:00,0.5820794560150357,48.0,3221.0,10487.28,20.78303432,43,0.0022021750324606694
2019-09-08 07:00:00,1.000024691560495,29.0,1992.0,10554.1,132.62839296,43,0.005516575573524716
2019-09-08 08:00:00,0.5160383961651722,45.0,5177.0,10563.78,119.83498661,43,0.0030482235568152303
2019-09-08 09:00:00,1.1019467706679722,54.0,8909.0,10556.71,87.67682875999999,43,0.003743499028475721
2019-09-08 10:00:00,0.7509571875544259,64.0,10424.0,10573.54,32.86294418,43,0.002201643726947791
2019-09-08 11:00:00,0.6282615379216776,53.0,4336.0,10546.64,38.37645836,43,0.0027163148888738682
2019-09-08 12:00:00,0.8669820276632644,70.0,8543.0,10527.69,68.70033974,43,0.003553388515322721
2019-09-08 13:00:00,0.6988451484499679,65.0,9544.0,10509.42,105.72914589,43,0.0033276740483151705
2019-09-08 14:00:00,0.5713380755176259,114.0,13491.0,10510.59,87.70355416,43,0.0037844336231274774
2019-09-08 15:00:00,0.5484657239044547,88.0,11806.0,10409.16,672.8771627,43,0.018972906466581427
2019-09-08 16:00:00,0.5686179078613303,86.0,5494.0,10397.1,194.57021975,43,0.0034636558185749122
2019-09-08 17:00:00,0.5362242834311369,83.0,15960.0,10377.81,71.3792716,43,0.0034684137784104984
2019-09-08 18:00:00,0.3691527662067059,78.0,8645.0,10418.59,124.38710594,43,0.00464118695960181
2019-09-08 19:00:00,0.9375008614748788,80.0,11080.0,10405.04,30.86225027,43,0.0021754219081846545
2019-09-08 20:00:00,0.4004514739199005,56.0,6868.0,10424.12,139.82601182,43,0.007133700929678892
2019-09-08 21:00:00,0.1777196342077645,65.0,7896.0,10379.93,50.52333008,43,0.0032198290681644164
2019-09-08 22:00:00,0.3684530473700829,64.0,3636.0,10339.3,153.16311971,43,0.004334305329390503
2019-09-08 23:00:00,0.4693537141676337,63.0,2354.0,10350.02,578.6651006,43,0.0038961494423285833
2019-09-09 00:00:00,0.5578983806293021,52.0,4201.0,10366.5,101.11582519,41,0.0032393879935726697
2019-09-09 01:00:00,0.4853242199099528,38.0,3961.0,10420.7,156.81189059,41,0.005272894973711575
2019-09-09 02:00:00,0.6368034416946676,39.0,1900.0,10390.97,52.86214924,41,0.0028504784257023246
2019-09-09 03:00:00,0.643276490634268,34.0,2316.0,10400.18,32.82256152,41,0.0036197321530539745
2019-09-09 04:00:00,0.6646360093595323,33.0,21295.0,10395.35,149.43233852,41,0.003307277072270034
2019-09-09 05:00:00,0.6514972708216797,55.0,4655.0,10389.45,28.77350513,41,0.0023761148493839043
2019-09-09 06:00:00,1.208601799980966,51.0,5766.0,10324.12,170.16876885,41,0.00538340553269942
2019-09-09 07:00:00,0.6986302091375295,89.0,12618.0,10309.03,372.52370368,41,0.005487472216862093
2019-09-09 08:00:00,0.3553233255334632,99.0,10780.0,10322.41,293.35698482,41,0.0058608326593890874
2019-09-09 09:00:00,0.6272207631540953,77.0,9919.0,10301.8,158.64574600999998,41,0.0027913184876568902
2019-09-09 10:00:00,0.4554810309422639,66.0,5020.0,10257.25,213.61181109,41,0.004730811607284335
2019-09-09 11:00:00,0.6310261123550057,100.0,7368.0,10146.97,682.94495694,41,0.011281257072816448
2019-09-09 12:00:00,0.6396442333852166,115.0,10900.0,10149.46,310.61889389000004,41,0.007266748894161606
2019-09-09 13:00:00,0.4407269381211315,97.0,8711.0,10239.77,290.63591631,41,0.007353230857595681
2019-09-09 14:00:00,0.5076991684441726,109.0,10707.0,10255.24,85.70402647,41,0.005179299467048904
2019-09-09 15:00:00,0.6882333587616496,93.0,9650.0,10425.3,1063.02043319,41,0.01921978034652259
2019-09-09 16:00:00,0.7788995694480007,88.0,3464.0,10374.39,338.23043792,41,0.004455908937797046
2019-09-09 17:00:00,0.5883827909345921,97.0,6711.0,10333.24,170.68253164,41,0.0045381668676277315
2019-09-09 18:00:00,0.4686270376262649,87.0,5993.0,10343.28,255.14484047,41,0.004596074505521798
2019-09-09 19:00:00,0.3509373617324928,68.0,4617.0,10332.26,254.49033228,41,0.004445908867196314
2019-09-09 20:00:00,0.4447281107557603,99.0,10070.0,10264.49,378.51677285,41,0.011645058048813928
2019-09-09 21:00:00,0.4263471866191122,81.0,11040.0,10264.21,175.35172619,41,0.004722990755976512
2019-09-09 22:00:00,0.67658502295672,72.0,5526.0,10245.98,41.47114478,41,0.002683823856922453
2019-09-09 23:00:00,0.4129536359381512,60.0,7376.0,10309.59,102.58786314,41,0.004944300116559401
2019-09-10 00:00:00,0.5211291502250269,56.0,3011.0,10233.18,216.73333978,41,0.005587938748551871
2019-09-10 01:00:00,0.3316104283498169,46.0,3458.0,10289.11,53.95263053,41,0.004355385533339291
2019-09-10 02:00:00,0.8948463899119896,34.0,2479.0,10338.54,132.70636261,41,0.006273887075146424
2019-09-10 03:00:00,0.1665875585559185,33.0,1468.0,10307.45,120.45767655,41,0.0051998528201982345
2019-09-10 04:00:00,0.5458471633768077,36.0,1113.0,10340.0,78.2981984,41,0.005051645098625775
2019-09-10 05:00:00,0.3894751143783752,46.0,4178.0,10331.0,36.15330035,41,0.0039964204953114165
2019-09-10 06:00:00,0.8053520500260719,77.0,8467.0,10282.43,56.00506301,41,0.004903813186082279
2019-09-10 07:00:00,0.5331903010567187,66.0,12798.0,10294.41,102.06802794,41,0.004139493236529302
2019-09-10 08:00:00,0.6183775825034231,59.0,8506.0,10293.61,46.13987716,41,0.004263821669977783
2019-09-10 09:00:00,0.7979689211857033,81.0,9001.0,10268.11,90.81306799,41,0.003108479640732629
2019-09-10 10:00:00,0.5003569325132335,66.0,6147.0,10262.21,94.6261808,41,0.002805902001335177
2019-09-10 11:00:00,0.5995389388489762,71.0,4631.0,10266.66,122.77964269,41,0.004499134342649738
2019-09-10 12:00:00,0.6216399413986106,75.0,4284.0,10264.1,77.2156363,41,0.002502590180827944
2019-09-10 13:00:00,0.6021367958240182,89.0,6171.0,10259.74,252.81064319,41,0.00711650014027719
2019-09-10 14:00:00,0.6314385855291343,90.0,7923.0,10233.3,95.56303004,41,0.0046424017239188285
2019-09-10 15:00:00,0.5125908531587268,90.0,7256.0,10248.44,71.42165156,41,0.0030346146290857598
2019-09-10 16:00:00,0.5252382507896781,99.0,7593.0,10252.78,108.91508074,41,0.0034865395132930807
2019-09-10 17:00:00,0.5569182609393005,98.0,6961.0,10235.29,120.58487322,41,0.002869597774938443
2019-09-10 18:00:00,0.5235313072115938,75.0,5214.0,10201.32,193.22895427,41,0.004952304643023969
2019-09-10 19:00:00,0.2024738059673723,135.0,6227.0,10177.82,138.40407115,41,0.004494405390498477
2019-09-10 20:00:00,0.398075607609394,110.0,6903.0,10211.85,93.54297084,41,0.003596059988868634
2019-09-10 21:00:00,0.3757415095087638,81.0,7175.0,10206.14,97.03006849,41,0.003032519221579889
2019-09-10 22:00:00,0.6494001199163849,73.0,4165.0,10182.59,97.40964279,41,0.0013823272342457279
2019-09-10 23:00:00,0.2937307910147019,52.0,3472.0,10005.58,1403.26031697,41,0.016962164805480878
2019-09-11 00:00:00,0.3089092775627074,58.0,3236.0,10042.14,837.59075662,38,0.007132771717083674
2019-09-11 01:00:00,0.5172310990410356,45.0,2328.0,10089.31,240.84149938,38,0.005697864658806609
2019-09-11 02:00:00,0.6681842506922803,51.0,10321.0,10078.76,99.02900129,38,0.004018102389668326
2019-09-11 03:00:00,0.5245075850462385,56.0,3374.0,10096.0,105.18985537,38,0.006977854764171303
2019-09-11 04:00:00,0.5952687462826778,45.0,2102.0,10136.25,473.46692783,38,0.010960782438093232
2019-09-11 05:00:00,0.2961283786540508,44.0,2669.0,10080.0,157.02093664,38,0.004690426160498598
2019-09-11 06:00:00,0.4964801375703613,52.0,4606.0,10062.12,71.68512642,38,0.0034004742463834567
2019-09-11 07:00:00,0.4030221324623679,70.0,6022.0,10077.74,40.64198414,38,0.004040339028635251
2019-09-11 08:00:00,0.6263681759986858,70.0,7089.0,10036.4,103.40007419,38,0.002852372516237954
2019-09-11 09:00:00,0.2204424041953583,72.0,4495.0,10008.21,198.02365409,38,0.00690830351256174
2019-09-11 10:00:00,0.4741143609251974,81.0,6265.0,9978.22,401.68308682,38,0.01275920058645283
2019-09-11 11:00:00,0.2594855165551402,64.0,4541.0,10051.01,202.07713797,38,0.0055327648235302665
2019-09-11 12:00:00,0.393404152448805,86.0,7223.0,9988.33,150.58259159,38,0.0033446517483662944
2019-09-11 13:00:00,0.2478967973540706,83.0,6393.0,9988.06,127.76814038,38,0.003370147900094631
2019-09-11 14:00:00,0.4060841865442398,90.0,4846.0,10085.13,298.268619,38,0.0053034950668198995
2019-09-11 15:00:00,0.5262601090628231,113.0,8939.0,10049.2,239.45447278,38,0.004894263070145925
2019-09-11 16:00:00,0.5413383689087197,90.0,12921.0,10088.95,161.19943212,38,0.003791212540235104
2019-09-11 17:00:00,0.6644974740296968,86.0,5457.0,10028.19,183.48956502,38,0.005474857277008889
2019-09-11 18:00:00,0.4993396748808182,95.0,20204.0,10014.33,293.79811084,38,0.006214472583976199
2019-09-11 19:00:00,0.4052233241998449,84.0,3986.0,9976.65,220.54066178,38,0.0035339865523082267
2019-09-11 20:00:00,0.8157520353374929,76.0,7244.0,10038.35,406.55401247,38,0.013046758985274767
2019-09-11 21:00:00,0.5935631152265418,58.0,5101.0,10041.84,77.1673282,38,0.0028284930581907674
2019-09-11 22:00:00,0.5535522288503804,61.0,4218.0,10060.95,119.17617576,38,0.005730283268829163
2019-09-11 23:00:00,0.6603569664917001,59.0,4208.0,10068.0,177.07967339,38,0.004828000527738606
2019-09-12 00:00:00,0.1823863178523701,48.0,5170.0,10103.5,139.64534331000002,39,0.0042897400509788845
2019-09-12 01:00:00,0.5103529504709484,48.0,7330.0,10166.04,103.30102849,39,0.005637536403265158
2019-09-12 02:00:00,0.6982113719091629,54.0,2940.0,10142.41,157.16301978,39,0.0032719266782985463
2019-09-12 03:00:00,0.6990923374787501,46.0,2054.0,10154.46,111.16139042,39,0.005129226374416664
2019-09-12 04:00:00,0.3948892638453446,39.0,2587.0,10155.1,147.95823861,39,0.005358699941077499
2019-09-12 05:00:00,0.5014821008740658,45.0,3010.0,10122.92,51.91252173,39,0.002787519557253385
2019-09-12 06:00:00,0.2438553805759919,40.0,3375.0,10109.8,75.87194446,39,0.0031338347938485223
2019-09-12 07:00:00,0.3430373138786006,53.0,3108.0,10111.98,43.76461448,39,0.0033135675149419974
2019-09-12 08:00:00,0.4428866321004186,59.0,11037.0,10072.93,118.31883685,39,0.004550109858981058
2019-09-12 09:00:00,0.3164031192151934,68.0,5766.0,10078.02,50.46042064,39,0.0028689098517155347
2019-09-12 10:00:00,0.5692818960905752,70.0,4108.0,10054.12,88.74309043,39,0.003914415328183591
2019-09-12 11:00:00,0.6787734137967344,87.0,10143.0,10076.39,52.02311984,39,0.0020641081266319313
2019-09-12 12:00:00,0.6634550724100211,96.0,8448.0,10146.04,189.29184738,39,0.0030745926004626294
2019-09-12 13:00:00,0.513583450967542,121.0,9907.0,10119.94,144.30794072,39,0.004021074596402833
2019-09-12 14:00:00,0.9639400218735414,131.0,20935.0,10145.0,184.07469101,39,0.004102135937374952
2019-09-12 15:00:00,0.7433021408773585,132.0,11482.0,10161.78,95.54243576,39,0.004141928134462517
2019-09-12 16:00:00,0.6500577001438536,106.0,11322.0,10233.56,399.0804328,39,0.00297344751147413
2019-09-12 17:00:00,0.8304304177513794,113.0,7491.0,10346.07,995.04175865,39,0.007625409923207418
2019-09-12 18:00:00,0.9284295524453604,102.0,11588.0,10306.0,175.47663758,39,0.005172062558009381
2019-09-12 19:00:00,1.08374785610328,105.0,11896.0,10330.03,207.9345866,39,0.005520321867510133
2019-09-12 20:00:00,0.6607489442046789,94.0,9551.0,10276.78,527.12476452,39,0.007476589641718121
2019-09-12 21:00:00,0.6102995519238982,68.0,6303.0,10296.83,171.17232047,39,0.001760604340586938
2019-09-12 22:00:00,0.5360051111935237,63.0,4742.0,10295.44,263.10536625,39,0.004168193771493779
2019-09-12 23:00:00,0.435366456811062,54.0,3184.0,10314.0,95.83032458,39,0.004166562004099162
2019-09-13 00:00:00,0.4969206112855617,67.0,2316.0,10330.9,170.35538817,38,0.003910182609500818
2019-09-13 01:00:00,0.3034538758684511,41.0,1631.0,10409.0,196.34356441,38,0.0029370986455793126
2019-09-13 02:00:00,0.3021736235988694,50.0,1988.0,10400.48,202.72348543,38,0.005068283941370783
2019-09-13 03:00:00,0.4367092490520052,22.0,1342.0,10420.34,72.58835505,38,0.003365079305157626
2019-09-13 04:00:00,0.3907960900398952,42.0,2524.0,10392.38,128.24805202,38,0.005318079738506046
2019-09-13 05:00:00,0.8351428695030386,46.0,6814.0,10350.01,48.90692035,38,0.0017009122406236221
2019-09-13 06:00:00,0.4347159886836926,55.0,5284.0,10374.77,56.87930291,38,0.003179327063972522
2019-09-13 07:00:00,0.906055240458678,71.0,12737.0,10386.41,35.604830740000004,38,0.0016759502984432441
2019-09-13 08:00:00,1.2901057239834626,73.0,9171.0,10359.42,67.04414941,38,0.005198189773116878
2019-09-13 09:00:00,0.7496624665770698,79.0,5914.0,10317.52,245.8071979,38,0.0038965299916510743
2019-09-13 10:00:00,0.9029065405686132,79.0,7256.0,10321.35,81.12837515,38,0.00318584314231955
2019-09-13 11:00:00,0.7138247948504448,74.0,9216.0,10312.0,111.04317264,38,0.0023958974606203983
2019-09-13 12:00:00,0.4489847929789194,71.0,3068.0,10299.85,248.51837997,38,0.005123528583706457
2019-09-13 13:00:00,0.7444254413827466,108.0,12315.0,10327.59,111.51651612,38,0.0034977147052724002
2019-09-13 14:00:00,0.7608334387368293,93.0,7978.0,10285.0,267.57725509,38,0.0037479716226835273
2019-09-13 15:00:00,0.7248882326582798,97.0,10773.0,10321.4,517.02002031,38,0.005148794568651183
2019-09-13 16:00:00,0.4470184513849703,78.0,5185.0,10345.0,172.19499159,38,0.003910218501196781
2019-09-13 17:00:00,0.4876923812092863,83.0,6904.0,10329.02,170.00421533,38,0.004250850464792743
2019-09-13 18:00:00,0.7407439469264737,64.0,5357.0,10295.63,185.89061141,38,0.0026471584603341295
2019-09-13 19:00:00,0.6589021349016893,82.0,6413.0,10304.24,52.32033212,38,0.0035563066972041837
2019-09-13 20:00:00,0.8039274448556498,78.0,5026.0,10310.0,55.09480748,38,0.0024861890527918982
2019-09-13 21:00:00,0.5927881607347468,54.0,2834.0,10233.16,397.05448568,38,0.007295674477060023
2019-09-13 22:00:00,0.259257395762561,66.0,4562.0,10221.35,91.22389327,38,0.004110936886542281
2019-09-13 23:00:00,0.3970835496367378,66.0,4166.0,10219.19,86.76936792,38,0.0038394917111789213
2019-09-14 00:00:00,0.5496159952133841,47.0,2885.0,10266.77,193.26132069,39,0.00796801217960944
2019-09-14 01:00:00,0.5036310641235302,55.0,3123.0,10304.84,128.0661385,39,0.0035620346385639417
2019-09-14 02:00:00,0.9470655314673408,40.0,2713.0,10293.28,64.0160729,39,0.003252313868291415
2019-09-14 03:00:00,0.3745287303612049,36.0,2238.0,10368.65,240.22701294,39,0.006229536329585838
2019-09-14 04:00:00,0.9398988472073666,37.0,2519.0,10326.74,62.94674535,39,0.0039399325704208895
2019-09-14 05:00:00,0.2994406306597856,25.0,985.0,10319.32,36.08169615,39,0.002081812241215876
2019-09-14 06:00:00,0.6002333047757918,24.0,4017.0,10303.49,174.77371079999998,39,0.00248818579359045
2019-09-14 07:00:00,0.5831277321888945,50.0,3395.0,10296.06,17.3661144,39,0.0020430377722325563
2019-09-14 08:00:00,0.4764934770530326,49.0,2505.0,10291.89,24.6529711,39,0.001959716447404163
2019-09-14 09:00:00,0.6322581010126511,59.0,4913.0,10298.63,16.01108115,39,0.003192804182867109
2019-09-14 10:00:00,0.5428780466090606,51.0,5972.0,10301.86,7.040878,39,0.002119405106743619
2019-09-14 11:00:00,0.3579739991090431,45.0,3789.0,10323.03,57.30767833,39,0.003348071783452023
2019-09-14 12:00:00,0.6026281831344594,59.0,4114.0,10316.46,31.06698522,39,0.00324545107641849
2019-09-14 13:00:00,0.7054472270319864,58.0,3085.0,10308.1,31.39826726,39,0.0031273482170579275
2019-09-14 14:00:00,0.7466374283518945,70.0,7813.0,10313.68,120.65593017,39,0.0025024676148240185
2019-09-14 15:00:00,0.7181169511639268,85.0,13372.0,10301.3,11.80111174,39,0.0016539592621787294
2019-09-14 16:00:00,0.6833638092666667,76.0,4967.0,10274.56,130.60610322,39,0.006428936143473302
2019-09-14 17:00:00,0.3932800387979064,60.0,8427.0,10328.37,183.6362074,39,0.005542582005333806
2019-09-14 18:00:00,0.5036580730856335,73.0,4896.0,10372.6,586.9466204700001,39,0.0036979277725064513
2019-09-14 19:00:00,0.2962376216820612,68.0,4765.0,10373.85,188.97823306,39,0.006582123558094656
2019-09-14 20:00:00,0.5406167868862982,52.0,2546.0,10374.67,140.20906018,39,0.0026200992588058195
2019-09-14 21:00:00,0.4295570446391527,54.0,3760.0,10391.86,123.47484059,39,0.0034566444465592024
2019-09-14 22:00:00,0.6390535556938947,57.0,3088.0,10400.15,66.91863962,39,0.0033550915257301037
2019-09-14 23:00:00,0.6585766964115517,40.0,2455.0,10378.46,37.10545707,39,0.0016384014475605956
2019-09-15 00:00:00,0.1778765385663032,38.0,1458.0,10424.0,128.17220426,38,0.0023751737562273403
2019-09-15 01:00:00,0.557569978613775,41.0,1452.0,10397.42,277.55114152,38,0.00669423726291475
2019-09-15 02:00:00,0.2997863311032154,36.0,1189.0,10357.1,98.29829935,38,0.0031456765136419563
2019-09-15 03:00:00,0.449595532462314,42.0,3030.0,10355.37,103.15455408,38,0.00169152932534033
2019-09-15 04:00:00,0.5442079318721994,32.0,1457.0,10337.31,209.7209744,38,0.0032361373031407417
2019-09-15 05:00:00,0.3303256302309371,27.0,1288.0,10354.75,12.89136039,38,0.002293332897865406
2019-09-15 06:00:00,0.4323286020258883,32.0,2126.0,10340.38,53.93070619,38,0.0028708500634621885
2019-09-15 07:00:00,0.5904341537308074,37.0,2177.0,10319.9,45.23089369,38,0.002484082889145192
2019-09-15 08:00:00,0.751389317420179,50.0,7569.0,10332.23,86.94691965,38,0.004116120702659891
2019-09-15 09:00:00,0.5980231790767234,45.0,4666.0,10328.85,23.54266244,38,0.001670809889173959
2019-09-15 10:00:00,0.4659843013731148,50.0,2398.0,10328.33,30.54852308,38,0.002289827507077934
2019-09-15 11:00:00,0.5999307073625408,73.0,4991.0,10321.47,26.27364273,38,0.001633731302337114
2019-09-15 12:00:00,0.5762742104679253,74.0,4934.0,10306.26,97.21242917,38,0.0015973062879621343
2019-09-15 13:00:00,0.6553372274800755,65.0,10671.0,10301.49,137.92854442,38,0.0025881375616848635
2019-09-15 14:00:00,0.5652920716764694,79.0,4981.0,10314.74,72.00833922,38,0.0033228375199085597
2019-09-15 15:00:00,0.8030226381944024,90.0,6421.0,10311.25,76.58067113,38,0.0021094485862697973
2019-09-15 16:00:00,0.7452697826843975,94.0,7408.0,10320.72,129.13644746,38,0.0046111433836472015
2019-09-15 17:00:00,0.6575585531919331,63.0,5717.0,10283.9,52.20279181,38,0.002308687106469062
2019-09-15 18:00:00,0.4730676604094647,56.0,7586.0,10279.79,72.98857844,38,0.0032087898157883046
2019-09-15 19:00:00,0.5897281999329267,54.0,2482.0,10311.92,152.05380418,38,0.0036585760839752905
2019-09-15 20:00:00,0.4448327429092945,62.0,4681.0,10304.07,136.93322092,38,0.0028811894075303148
2019-09-15 21:00:00,0.2456534520856891,44.0,4815.0,10316.26,73.9399131,38,0.002451985179197206
2019-09-15 22:00:00,0.3909285750722122,54.0,5568.0,10300.53,36.61804612,38,0.001805360991436463
2019-09-15 23:00:00,0.5430843818354991,34.0,1495.0,10303.68,50.69995161,38,0.0022896511540638127
2019-09-16 00:00:00,0.3883049343815743,51.0,5965.0,10275.37,593.00122113,38,0.004238384041340629
2019-09-16 01:00:00,0.343847758363176,48.0,3024.0,10299.99,59.96336737,38,0.002571063994364584
2019-09-16 02:00:00,0.7043450745583855,40.0,2009.0,10297.35,48.2986459,38,0.002820409027845372
2019-09-16 03:00:00,0.5838520435518476,38.0,1799.0,10305.74,19.07111423,38,0.001828240098318023
2019-09-16 04:00:00,0.5243245683727312,41.0,3427.0,10345.63,131.15506843,38,0.0031972115019370355
2019-09-16 05:00:00,0.2430827747360179,49.0,3258.0,10363.53,87.94299608,38,0.002115083195043673
2019-09-16 06:00:00,0.7377557071771118,65.0,3711.0,10352.29,116.30404548,38,0.0015195335294095802
2019-09-16 07:00:00,0.6144218312721909,111.0,10393.0,10308.73,114.65704277,38,0.002914960620552825
2019-09-16 08:00:00,0.5235771867396619,87.0,6251.0,10319.43,164.74082689,38,0.0023097591018091342
2019-09-16 09:00:00,0.5919919518830135,87.0,8522.0,10325.0,74.87253824,38,0.0012468438039968848
2019-09-16 10:00:00,0.4392018749658751,92.0,8592.0,10306.05,172.11461254,38,0.0022425623871293082
2019-09-16 11:00:00,0.6953328221377311,98.0,11828.0,10306.26,151.41029252,38,0.001963813502106961
2019-09-16 12:00:00,0.4345318827741489,102.0,10164.0,10309.17,99.12579162,38,0.002333074782700389
2019-09-16 13:00:00,0.6713683476758299,122.0,12347.0,10303.75,169.95154639,38,0.0022129048857853334
2019-09-16 14:00:00,0.8239434521060277,133.0,10425.0,10303.19,165.14501509000002,38,0.0014556185972834886
2019-09-16 15:00:00,0.592558130074474,104.0,6047.0,10272.24,281.04972371,38,0.002026559274643846
2019-09-16 16:00:00,0.4030605233024167,104.0,6467.0,10140.0,900.96109272,38,0.010967660241730955
2019-09-16 17:00:00,0.4277757956388099,91.0,6448.0,10148.11,333.47775659,38,0.004030991789036988
2019-09-16 18:00:00,0.7714433417288918,92.0,10968.0,10129.06,330.44194593,38,0.003581934734246672
2019-09-16 19:00:00,0.6071865108330512,116.0,12450.0,10105.0,211.29239592,38,0.0033908816323490708
2019-09-16 20:00:00,0.9093222146748204,84.0,5779.0,10145.15,357.26481928,38,0.006944074381939187
2019-09-16 21:00:00,0.4432522825770773,92.0,5546.0,10148.67,98.77873055,38,0.0020056496695767785
2019-09-16 22:00:00,0.5340577310181511,74.0,6205.0,10120.66,146.65383557,38,0.002475940684444809
2019-09-16 23:00:00,0.8519691611835826,51.0,4038.0,10118.17,84.96575882,38,0.001704238719704205
2019-09-17 00:00:00,0.6557183755296448,64.0,3332.0,10215.91,319.15598582,41,0.004877122883071991
2019-09-17 01:00:00,0.7437667227986625,50.0,2875.0,10296.11,538.67569599,41,0.009714101067285624
2019-09-17 02:00:00,0.5140188435869874,28.0,1286.0,10294.66,140.82376256,41,0.003142110745431459
2019-09-17 03:00:00,0.5573389727179718,43.0,4577.0,10269.98,305.07621437,41,0.0043309181261294355
2019-09-17 04:00:00,0.4658323062980865,30.0,1434.0,10224.09,125.47106778,41,0.006032243266467977
2019-09-17 05:00:00,0.4114180880691598,25.0,1266.0,10234.57,79.82793028,41,0.004008964228440783
2019-09-17 06:00:00,0.5248366337943658,52.0,1832.0,10235.0,73.86281085,41,0.0016837214572204622
2019-09-17 07:00:00,0.5867965474695466,57.0,5378.0,10255.88,37.51482991,41,0.0026462870935974312
2019-09-17 08:00:00,1.2421077513357133,79.0,14555.0,10203.08,118.73921387,41,0.002814428204322765
2019-09-17 09:00:00,0.7850345734112555,70.0,12191.0,10206.3,235.0635561,41,0.0039651604452001395
2019-09-17 10:00:00,0.2638876147024109,69.0,4569.0,10207.03,470.20740379,41,0.0022835686865015662
2019-09-17 11:00:00,0.8600172993971902,82.0,7712.0,10212.73,228.68911749,41,0.0024519129555123464
2019-09-17 12:00:00,0.6566361133347806,109.0,12039.0,10168.0,466.48801185,41,0.002588574187744338
2019-09-17 13:00:00,0.8029845121166908,107.0,11642.0,10153.97,460.12359599,41,0.002963565080724791
2019-09-17 14:00:00,0.7214509971297436,81.0,4811.0,10168.54,161.90430468,41,0.0020266989482559793
2019-09-17 15:00:00,0.5760794763601258,112.0,10976.0,10159.5,160.67560068,41,0.0010682382844319825
2019-09-17 16:00:00,0.8056859812498529,131.0,12913.0,10208.42,464.24760234,41,0.005358224606440935
2019-09-17 17:00:00,0.8083339874773913,111.0,11386.0,10176.87,437.94616003,41,0.00482645929310415
2019-09-17 18:00:00,0.4919163956398094,107.0,10516.0,10213.98,170.60583164,41,0.0032060259467881647
2019-09-17 19:00:00,0.8396675983328135,89.0,10718.0,10204.16,184.32915202,41,0.0019740552532693406
2019-09-17 20:00:00,0.5955547679933993,94.0,7103.0,10248.5,377.83966284,41,0.0038773181205319983
2019-09-17 21:00:00,0.5869287377530196,113.0,9376.0,10240.68,119.19220048,41,0.00232848767356276
2019-09-17 22:00:00,0.5507917324557705,101.0,6629.0,10223.88,113.35951389,41,0.0026738453642259057
2019-09-17 23:00:00,0.3857397407704794,69.0,4611.0,10249.79,71.76709914,41,0.0028700485013808323
2019-09-18 00:00:00,0.8098698127853987,62.0,4789.0,10248.0,187.00965948,38,0.0030706735027307137
2019-09-18 01:00:00,0.665494770297102,60.0,4836.0,10212.54,93.16095832,38,0.005237594044640148
2019-09-18 02:00:00,0.4919394491173519,77.0,5196.0,10227.02,78.3144096,38,0.003229092719329776
2019-09-18 03:00:00,0.4224578523708676,43.0,4053.0,10195.73,162.25896271,38,0.004360769706113264
2019-09-18 04:00:00,0.6162631987648397,45.0,1921.0,10208.65,115.77868891,38,0.0027065777991980783
2019-09-18 05:00:00,0.4276037674835374,47.0,4499.0,10258.71,120.55917229,38,0.0028791503973801826
2019-09-18 06:00:00,0.8619917059026077,61.0,4078.0,10224.56,56.16222528,38,0.002382287032667963
2019-09-18 07:00:00,0.5733093468245085,63.0,9764.0,10208.81,99.72085105,38,0.0016177390442310025
2019-09-18 08:00:00,0.3231503143092033,63.0,5529.0,10220.89,60.32823425,38,0.0017471436164578108
2019-09-18 09:00:00,0.9826499242836134,73.0,9544.0,10201.31,127.18529164,38,0.001538889495303207
2019-09-18 10:00:00,0.372434789000397,93.0,6701.0,10197.0,198.87507595,38,0.0020820322282569304
2019-09-18 11:00:00,0.7157292215838519,86.0,8281.0,10208.76,196.47285859,38,0.0025021766997685175
2019-09-18 12:00:00,0.7254377442046555,96.0,6388.0,10166.0,275.04269276,38,0.0030834073027470885
2019-09-18 13:00:00,0.5797714614447712,115.0,11490.0,10175.01,137.23267167,38,0.002318180557611363
2019-09-18 14:00:00,0.6164905125314121,126.0,7983.0,10184.48,113.26999483,38,0.001434201409809481
2019-09-18 15:00:00,0.6073378371640703,122.0,9736.0,10155.96,172.84040881,38,0.0020434354575259335
2019-09-18 16:00:00,0.9097922194712136,104.0,8333.0,10200.13,782.35351711,38,0.010014537319333812
2019-09-18 17:00:00,0.5552534409526959,94.0,9500.0,10188.61,228.10445922,38,0.0025395731090349307
2019-09-18 18:00:00,0.7668684080957326,124.0,11350.0,10176.45,300.93156791,38,0.0018585522706084962
2019-09-18 19:00:00,0.5075416451568523,98.0,7469.0,10174.92,162.76009184,38,0.0015026488769052679
2019-09-18 20:00:00,0.8635824273488972,78.0,6169.0,10196.01,155.91712637,38,0.005194879690226879
2019-09-18 21:00:00,0.496207532126622,83.0,5302.0,10187.75,46.71604389,38,0.0013185106066976517
2019-09-18 22:00:00,0.4063235148968778,52.0,2003.0,10176.64,110.2675843,38,0.002928958767806786
2019-09-18 23:00:00,0.5817514465007207,52.0,4353.0,10170.66,48.61203118,38,0.0020938751219302587
2019-09-19 00:00:00,0.5697003601620995,58.0,5620.0,10189.97,112.5604913,31,0.005361969680042346
2019-09-19 01:00:00,0.7222399884336068,55.0,4926.0,10192.25,86.44687667000001,31,0.0019306201630560447
2019-09-19 02:00:00,0.4956782598010787,52.0,4422.0,10159.8,78.14946082,31,0.003059625137050668
2019-09-19 03:00:00,0.1993720553934573,122.0,10326.0,10152.09,165.71941923000003,31,0.0019390640337757369
2019-09-19 04:00:00,0.2791026531168958,55.0,3242.0,10174.0,93.34442676,31,0.00342442806370648
2019-09-19 05:00:00,0.258265819733331,65.0,5193.0,10122.96,134.94098759,31,0.003997070457693792
2019-09-19 06:00:00,1.0071022346683718,78.0,11064.0,10086.5,414.89786855,31,0.004313890643488901
2019-09-19 07:00:00,1.0078462795320884,71.0,11083.0,9812.97,1986.06842895,31,0.030899931919111102
2019-09-19 08:00:00,0.6066272730450656,82.0,10220.0,9799.18,435.99575268,31,0.0037549849553548545
2019-09-19 09:00:00,0.6734799414493572,88.0,5537.0,9885.44,318.28556345,31,0.005448982777355103
2019-09-19 10:00:00,0.2742268622232851,55.0,4481.0,9870.0,136.0082295,31,0.002364205845389615
2019-09-19 11:00:00,0.5811340148959265,72.0,4033.0,9877.93,105.5772407,31,0.0025367371825846486
2019-09-19 12:00:00,0.7131660629094954,98.0,8185.0,9875.08,120.16120158,31,0.0028607753799193
2019-09-19 13:00:00,0.579860231995021,119.0,8064.0,9870.14,118.29288505,31,0.0022041295273677102
2019-09-19 14:00:00,0.4649406020904504,113.0,9069.0,9847.83,122.66625207,31,0.0036060899536192684
2019-09-19 15:00:00,0.4818495694894442,100.0,6674.0,9845.79,171.05521317,31,0.003819307925145806
2019-09-19 16:00:00,0.5085936466947405,119.0,10506.0,9874.17,142.50986968,31,0.0036585122401354923
2019-09-19 17:00:00,0.5630919102696689,119.0,9885.0,9867.7,113.08240752,31,0.0017592845547637881
2019-09-19 18:00:00,0.9024778368923588,98.0,7565.0,9855.5,133.28389419,31,0.0012948438884016861
2019-09-19 19:00:00,0.5869528959290465,105.0,9996.0,9879.65,93.2514428,31,0.0024419579873716842
2019-09-19 20:00:00,0.6814983065095759,121.0,11802.0,10041.77,752.09182298,31,0.01310127426957589
2019-09-19 21:00:00,0.4785146768051589,116.0,8171.0,10036.0,343.9016847,31,0.006117131773945551
2019-09-19 22:00:00,0.4591318829568686,67.0,7255.0,10039.39,190.25707235,31,0.0040042721626408
2019-09-19 23:00:00,0.8709543841575971,71.0,6806.0,10108.66,123.81445497,31,0.004856024795596939
2019-09-20 00:00:00,0.5963496952151118,64.0,3554.0,10258.42,1090.81337045,41,0.016002545953094145
2019-09-20 01:00:00,0.3870684201693385,46.0,5943.0,10270.0,170.78026965,41,0.003943293158890917
2019-09-20 02:00:00,0.5672966017801742,55.0,2521.0,10239.16,73.0566272,41,0.0023567322800219434
2019-09-20 03:00:00,0.7695475742375015,49.0,2683.0,10271.53,71.77444512,41,0.003444547267603852
2019-09-20 04:00:00,0.8257384913950043,55.0,5580.0,10242.83,66.24916767,41,0.004339047032385283
2019-09-20 05:00:00,0.6022695064888434,41.0,2105.0,10223.87,98.94049491,41,0.004405817071590024
2019-09-20 06:00:00,0.8083685516591208,48.0,3899.0,10205.32,163.50679829,41,0.004571146015569542
2019-09-20 07:00:00,0.8711624151451254,69.0,9184.0,10224.8,72.41553455,41,0.004267462179542861
2019-09-20 08:00:00,0.6923104287983012,87.0,9323.0,10206.46,147.98378517,41,0.0018667901251314088
2019-09-20 09:00:00,0.6136613088952236,68.0,11191.0,10161.06,268.33099023,41,0.0018125390470864853
2019-09-20 10:00:00,0.3693635925126636,58.0,4501.0,10167.38,57.95320859,41,0.0037913616026493562
2019-09-20 11:00:00,0.5186579271106265,77.0,8620.0,10151.37,153.94219998,41,0.0030115970529901327
2019-09-20 12:00:00,0.5258262019098756,104.0,9252.0,10142.81,208.08086809,41,0.004790075359532296
2019-09-20 13:00:00,0.5639702871476676,114.0,11577.0,10137.0,425.36147823,41,0.001721727040545231
2019-09-20 14:00:00,0.6553689098438362,101.0,8336.0,10153.2,237.85973895,41,0.0022733987844644225
2019-09-20 15:00:00,0.5640199458625393,110.0,7824.0,10158.85,155.36117298,41,0.002904930469645721
2019-09-20 16:00:00,0.3195486418431317,115.0,10287.0,10214.39,197.40603541,41,0.003988419535248046
2019-09-20 17:00:00,0.75483860063862,83.0,8983.0,10166.31,175.8404817,41,0.004087095240714585
2019-09-20 18:00:00,0.6886254426583097,96.0,10318.0,10175.31,259.01171649,41,0.0023997113177998495
2019-09-20 19:00:00,1.009340962170238,95.0,12101.0,10167.71,137.15641298,41,0.004121665355049608
2019-09-20 20:00:00,0.5702349004202794,79.0,3720.0,10082.43,423.68513242,41,0.006512159712152926
2019-09-20 21:00:00,0.6567870074862019,80.0,4557.0,10108.72,406.29842739,41,0.006784560910599851
2019-09-20 22:00:00,0.3727382033172041,76.0,5692.0,10151.64,123.88325038,41,0.0025859029266410783
2019-09-20 23:00:00,0.3959921968087533,68.0,14086.0,10144.57,151.31106646,41,0.0025618655536313022
2019-09-21 00:00:00,0.4705570406938401,48.0,4110.0,10139.17,97.03655087,37,0.0025542464880067748
2019-09-21 01:00:00,0.3413348018329712,46.0,1804.0,10130.0,160.05017825,37,0.006085560949387457
2019-09-21 02:00:00,0.3903515810362983,44.0,3669.0,10140.11,119.06345919,37,0.0018084688845989778
2019-09-21 03:00:00,0.3548766232323121,37.0,1494.0,10169.02,156.65387151000002,37,0.0031056430072397283
2019-09-21 04:00:00,0.4722612560476862,42.0,1805.0,10153.6,31.77687607,37,0.002527412704816767
2019-09-21 05:00:00,0.6465517176223774,33.0,944.0,10154.66,24.57860954,37,0.0025170990664131797
2019-09-21 06:00:00,0.2389067273525919,49.0,1652.0,10119.03,39.67142821,37,0.0030192105704461157
2019-09-21 07:00:00,0.7038461634713296,45.0,4753.0,10129.01,43.75125984,37,0.0019975844096165505
2019-09-21 08:00:00,0.0674264213741538,60.0,3862.0,10082.96,107.01426101,37,0.0019580980913749654
2019-09-21 09:00:00,0.5824248036846948,52.0,4837.0,10095.95,77.95965665,37,0.002474725596435985
2019-09-21 10:00:00,0.4291320597744555,64.0,7156.0,10058.49,630.9567503,37,0.010793568000664142
2019-09-21 11:00:00,0.6335146677152291,53.0,2866.0,10072.0,64.61324896,37,0.0022189336132253266
2019-09-21 12:00:00,0.2478953513174316,54.0,4914.0,10020.59,358.70912481,37,0.006107568153274336
2019-09-21 13:00:00,0.3730373601783938,99.0,12651.0,9996.2,209.8186856,37,0.0049280037900672445
2019-09-21 14:00:00,0.6547723548741671,87.0,6467.0,9983.97,334.6739395,37,0.004548298740762296
2019-09-21 15:00:00,0.509703204989459,70.0,7354.0,10048.64,124.57559869,37,0.004413171817386195
2019-09-21 16:00:00,0.444951985657158,88.0,15465.0,9968.47,447.21986992,37,0.00875619079690769
2019-09-21 17:00:00,0.7012214056107217,64.0,3258.0,10009.97,317.11169916,37,0.0037127314606252328
2019-09-21 18:00:00,0.2734179883263206,66.0,8169.0,9990.57,166.56869026,37,0.002556347865931491
2019-09-21 19:00:00,0.7337545525744636,64.0,4306.0,10032.42,229.12964014,37,0.005545827919563171
2019-09-21 20:00:00,0.7983020207365079,62.0,6989.0,9994.83,217.05553167,37,0.004687626558658708
2019-09-21 21:00:00,0.1934989371622984,69.0,6011.0,9962.17,175.08582687,37,0.002628567169740806
2019-09-21 22:00:00,0.842532893890621,64.0,4925.0,9998.0,103.61687654,37,0.002151053005498959
2019-09-21 23:00:00,0.2672924897017432,54.0,5024.0,10012.12,103.69648455,37,0.0029193842648778607
2019-09-22 00:00:00,0.7949884531202512,43.0,3673.0,9962.51,108.81513208,37,0.003887295079271498
2019-09-22 01:00:00,0.4596762134935287,53.0,3044.0,9975.24,69.00081076000001,37,0.0025519603534894086
2019-09-22 02:00:00,0.5302214010997301,53.0,4506.0,9978.98,136.77697586,37,0.004978034830326921
2019-09-22 03:00:00,0.681982239879188,34.0,2045.0,9985.28,26.72283797,37,0.0025431009897006348
2019-09-22 04:00:00,0.8934030389744814,23.0,2208.0,9941.07,148.52562479,37,0.005833701035634964
2019-09-22 05:00:00,0.0825191227449456,22.0,713.0,9893.41,344.76150236,37,0.007595806268175061
2019-09-22 06:00:00,0.2887616428392958,32.0,1451.0,9915.07,29.43240572,37,0.003694691578712173
2019-09-22 07:00:00,0.4435193791803676,47.0,2202.0,9870.0,50.70630922,37,0.00288017412667683
2019-09-22 08:00:00,0.0745600925202624,40.0,3392.0,9890.45,118.87158539,37,0.0038075168116695674
2019-09-22 09:00:00,0.4564850125794548,55.0,3314.0,9930.79,127.50135125,37,0.005875829453477624
2019-09-22 10:00:00,0.4056595042034783,48.0,1952.0,9919.88,45.47664909,37,0.0033146265448574823
2019-09-22 11:00:00,0.6559027192354525,49.0,8281.0,10024.19,232.01574265,37,0.006911108353900162
2019-09-22 12:00:00,0.3959486321617064,65.0,3752.0,10009.84,184.27036258,37,0.005919144287545085
2019-09-22 13:00:00,0.3704451506786402,67.0,14208.0,10007.19,68.3491164,37,0.0029747066876817845
2019-09-22 14:00:00,0.3864593027953448,85.0,6460.0,10005.96,69.98557246,37,0.0035065720872073983
2019-09-22 15:00:00,0.6074731537871936,82.0,5662.0,9995.42,29.66094393,37,0.002476143521851654
2019-09-22 16:00:00,0.8108620074452749,65.0,5340.0,10025.15,54.52327122,37,0.0037742800410709956
2019-09-22 17:00:00,0.4707553319736104,93.0,9433.0,9977.69,292.89576601,37,0.00875631027778282
2019-09-22 18:00:00,0.728253154658325,81.0,9906.0,9991.77,116.68084146,37,0.004121989815615361
2019-09-22 19:00:00,0.5864839780159213,73.0,4612.0,9991.39,447.18389033,37,0.00266201649993365
2019-09-22 20:00:00,0.2726268326430527,75.0,3522.0,10005.28,284.79009784,37,0.004732738922867313
2019-09-22 21:00:00,0.5775993533262294,67.0,5476.0,9987.44,52.57184822,37,0.002439781504072667
2019-09-22 22:00:00,0.6208469512085487,56.0,3198.0,9968.83,149.61718228,37,0.00375521071181017
2019-09-22 23:00:00,0.6484965609294058,67.0,4902.0,9980.26,38.44936466,37,0.0023755903178560626
2019-09-23 00:00:00,0.4462010514808807,72.0,11674.0,10014.99,62.18842546,41,0.0023914062458947226
2019-09-23 01:00:00,0.4763966796370636,83.0,14881.0,10057.84,172.66388734,41,0.005291849465652957
2019-09-23 02:00:00,0.6981011653690329,77.0,6029.0,10036.69,59.18872933,41,0.004699141703666062
2019-09-23 03:00:00,0.4346043514871106,87.0,8438.0,10020.58,33.64362571,41,0.003735638537425855
2019-09-23 04:00:00,0.1664909403106564,49.0,2788.0,9986.4,184.74697494,41,0.008061765555748704
2019-09-23 05:00:00,0.4147638053235174,46.0,4494.0,9991.72,48.33345247,41,0.003990074921112698
2019-09-23 06:00:00,0.8525637150667704,58.0,10485.0,9958.45,32.45383892,41,0.0027896232562213733
2019-09-23 07:00:00,0.8352845952911759,82.0,8856.0,9978.04,80.85310685,41,0.0024687283882913113
2019-09-23 08:00:00,0.5256238720670952,63.0,9634.0,9983.26,51.4306547,41,0.0017266150510749586
2019-09-23 09:00:00,0.8368362259791531,77.0,9321.0,9940.64,52.88941994,41,0.0030953491463691944
2019-09-23 10:00:00,0.7031640172835137,96.0,7267.0,9910.0,185.80467075,41,0.0057168013326612584
2019-09-23 11:00:00,0.719059320457911,91.0,7114.0,9895.03,81.52991259,41,0.003478930381947765
2019-09-23 12:00:00,0.4653089966676277,110.0,14915.0,9922.92,123.41916071,41,0.0028547720135792317
2019-09-23 13:00:00,0.287087184189571,91.0,7826.0,9944.41,124.3954123,41,0.0028918795274903808
2019-09-23 14:00:00,0.608456002897912,142.0,14223.0,9910.69,240.09565399,41,0.0028440813982301976
2019-09-23 15:00:00,0.4938120786232532,117.0,9913.0,9905.04,90.41283064,41,0.002626907410723645
2019-09-23 16:00:00,0.8062729405058194,113.0,14030.0,9908.52,156.05125627,41,0.0037891558418338264
2019-09-23 17:00:00,0.2922841599549693,110.0,7217.0,9888.76,152.09551679,41,0.0023852594244953593
2019-09-23 18:00:00,0.8364117469493549,113.0,21017.0,9907.61,1354.08178458,41,0.019100039104918684
2019-09-23 19:00:00,0.7526742358961517,98.0,7220.0,9852.5,266.97063518,41,0.006601793677454304
2019-09-23 20:00:00,0.4214937524641698,99.0,12925.0,9793.58,337.80615496,41,0.007204080310799751
2019-09-23 21:00:00,0.3442631112544393,76.0,6788.0,9771.03,107.10057543,41,0.004183578519332429
2019-09-23 22:00:00,0.5327679598946792,123.0,12918.0,9820.0,100.46859892,41,0.004488807093962039
2019-09-23 23:00:00,0.3762717656703654,89.0,8565.0,9797.02,66.13114555,41,0.004760444706199511
2019-09-24 00:00:00,0.4190643535670639,70.0,7480.0,9762.27,251.64896133,39,0.004116807852314234
2019-09-24 01:00:00,0.2543566534550069,54.0,4118.0,9741.16,687.9956588800001,39,0.013971202735797066
2019-09-24 02:00:00,0.5910604684257172,51.0,4588.0,9708.42,500.64849345,39,0.01002540708151384
2019-09-24 03:00:00,0.6506173844115908,47.0,2951.0,9682.19,170.59926232,39,0.004481669047514263
2019-09-24 04:00:00,0.3973203305184678,40.0,1324.0,9730.03,412.35908586,39,0.00959321997421494
2019-09-24 05:00:00,0.2291348820647256,42.0,5132.0,9727.28,145.53297776,39,0.00467271622684782
2019-09-24 06:00:00,0.2755249434845432,63.0,3860.0,9709.07,92.8201736,39,0.005038399838447022
2019-09-24 07:00:00,0.6178825927351969,78.0,7317.0,9713.54,132.54350708,39,0.00401933565478128
2019-09-24 08:00:00,0.6007265744083462,81.0,6397.0,9714.47,84.73232903,39,0.004194434488487798
2019-09-24 09:00:00,0.811299403256754,70.0,8058.0,9758.33,57.11376805,39,0.002422043448234906
2019-09-24 10:00:00,0.7538654726747914,92.0,10947.0,9729.6,211.48711778,39,0.003720465148318594
2019-09-24 11:00:00,0.6632366586282608,79.0,7475.0,9739.14,164.33462321,39,0.003327870934169551
2019-09-24 12:00:00,0.342159786963741,90.0,5731.0,9717.0,173.21524059,39,0.004401054852570189
2019-09-24 13:00:00,0.2549413400002182,136.0,15885.0,9722.67,151.14474763,39,0.004787350988319809
2019-09-24 14:00:00,0.2444467337656682,130.0,14437.0,9724.32,154.48240347,39,0.002666994086183575
2019-09-24 15:00:00,0.3933171187941255,163.0,12779.0,9706.32,233.10390289,39,0.005122591543701383
2019-09-24 16:00:00,0.5328300557730067,129.0,8035.0,9681.56,244.52872021,39,0.004982847524363895
2019-09-24 17:00:00,0.7391874218383409,104.0,12467.0,9607.84,1365.69267523,39,0.008393703337880759
2019-09-24 18:00:00,0.2989816425809489,203.0,17044.0,9502.05,1003.35912383,39,0.006311556882333702
2019-09-24 19:00:00,0.0299773423333918,467.0,36692.0,9500.13,1697.35427785,39,0.014387188293306211
2019-09-24 20:00:00,0.3918159256384831,286.0,20877.0,9469.54,510.9058518,39,0.009657540835931417
2019-09-24 21:00:00,0.2890259589902506,185.0,15722.0,9458.29,454.05786313,39,0.0057655338748862995
2019-09-24 22:00:00,0.390484819528966,114.0,7150.0,8630.42,3429.91939144,39,0.03659970362086521
2019-09-24 23:00:00,0.2419563741234041,106.0,7449.0,8389.0,7367.22578906,39,0.05681640388844998
2019-09-25 00:00:00,0.4261069643428165,93.0,8365.0,8580.25,5216.89119804,15,0.036227490023738526
2019-09-25 01:00:00,0.6009531013422411,100.0,12248.0,8650.0,1649.08669157,15,0.019587128519838265
2019-09-25 02:00:00,0.557476995883134,89.0,5402.0,8696.0,1245.5805575,15,0.011482705782757584
2019-09-25 03:00:00,0.5616232786417723,97.0,5596.0,8536.82,1956.94154065,15,0.023560672413008105
2019-09-25 04:00:00,0.1765367319610646,80.0,7909.0,8699.64,792.90791011,15,0.014581652534680202
2019-09-25 05:00:00,0.3431794015702813,67.0,5620.0,8707.92,1077.53623909,15,0.007887638417018929
2019-09-25 06:00:00,0.3506781068996162,88.0,7918.0,8600.01,772.87701925,15,0.01036717027907928
2019-09-25 07:00:00,0.479770778939393,110.0,6448.0,8590.78,325.36507728,15,0.0065873139951333004
2019-09-25 08:00:00,0.2235731201534881,103.0,5491.0,8516.45,738.53034271,15,0.015129311489873622
2019-09-25 09:00:00,0.3348178349853893,100.0,6509.0,8495.01,280.89226183,15,0.0067341204871109415
2019-09-25 10:00:00,0.4786421441828163,96.0,8365.0,8472.25,477.95686025,15,0.006271991953724237
2019-09-25 11:00:00,0.4325235439877141,118.0,7842.0,8349.27,875.77126718,15,0.011503139183509113
2019-09-25 12:00:00,0.4731608675321658,160.0,20691.0,8274.16,1509.01503118,15,0.014766385165677886
2019-09-25 13:00:00,0.3267386270174918,138.0,9721.0,8406.47,626.79527526,15,0.00840899292441293
2019-09-25 14:00:00,0.413450226518059,128.0,6436.0,8430.99,530.3741566,15,0.007495498867364912
2019-09-25 15:00:00,0.4694322965980116,130.0,13823.0,8329.15,594.28701189,15,0.010765503406622525
2019-09-25 16:00:00,0.5169537323147999,129.0,6822.0,8296.18,901.45064938,15,0.010476062000408305
2019-09-25 17:00:00,0.3708057780501522,116.0,18664.0,8400.89,1168.25515294,15,0.012782626633106616
2019-09-25 18:00:00,0.563365547455517,120.0,8415.0,8382.47,909.15357858,15,0.007365213297899626
2019-09-25 19:00:00,0.4741658507781497,115.0,14374.0,8302.1,707.81666491,15,0.01098993063995919
2019-09-25 20:00:00,0.6216850610418713,128.0,16763.0,8342.34,1015.55889316,15,0.010609302690406473
2019-09-25 21:00:00,0.6991052239578271,97.0,9044.0,8379.8,415.70047034,15,0.007943255517839849
2019-09-25 22:00:00,0.4761927137095428,75.0,7703.0,8334.01,384.15728703,15,0.008238842097647688
2019-09-25 23:00:00,0.7200941665387355,60.0,3797.0,8348.56,338.68018651,15,0.004713568530248779
2019-09-26 00:00:00,0.5717064850578867,67.0,4808.0,8505.99,1101.85823716,12,0.0091097639565281
2019-09-26 01:00:00,0.6812155553661406,53.0,4119.0,8580.0,412.45669636,12,0.00815575721515999
2019-09-26 02:00:00,0.532121455330743,59.0,3916.0,8433.62,612.1092929499999,12,0.014009406595462404
2019-09-26 03:00:00,0.6896207609112096,69.0,4813.0,8432.16,866.36232935,12,0.013249359586609763
2019-09-26 04:00:00,0.5235319851198025,46.0,3584.0,8384.24,197.77995322,12,0.004363459713963377
2019-09-26 05:00:00,0.2802268945309916,47.0,2322.0,8340.77,104.84344589,12,0.004639217533789838
2019-09-26 06:00:00,0.2398286356826788,60.0,2887.0,8368.19,158.58364065,12,0.005496121183332968
2019-09-26 07:00:00,0.482708933286662,61.0,3746.0,8357.07,397.42382379,12,0.004747414112490234
2019-09-26 08:00:00,0.5634878836047069,63.0,4737.0,8357.59,136.23817881,12,0.004360785387309926
2019-09-26 09:00:00,0.4307326711983198,63.0,4418.0,8380.18,121.11001208,12,0.004621166959418633
2019-09-26 10:00:00,0.3405352547397808,85.0,6835.0,8378.24,205.22042699,12,0.004580620145290866
2019-09-26 11:00:00,0.4424556450828314,88.0,6553.0,8370.0,396.67269258,12,0.004155305190379251
2019-09-26 12:00:00,0.452909932648087,91.0,6360.0,8415.57,333.02498599,12,0.005026203203866401
2019-09-26 13:00:00,0.3981033733034758,135.0,11402.0,8436.38,477.54855113,12,0.0059588866616298725
2019-09-26 14:00:00,0.524218422457182,114.0,10027.0,8437.53,312.17631203,12,0.004110507917361775
2019-09-26 15:00:00,0.5385762965504277,156.0,9679.0,8391.97,105.05497947,12,0.003623570674952353
2019-09-26 16:00:00,0.2349918024855154,241.0,14073.0,8421.75,417.70093895,12,0.0036562655532269873
2019-09-26 17:00:00,0.2452573854936644,183.0,19889.0,8253.17,2248.81823345,12,0.03017568112420321
2019-09-26 18:00:00,0.3651520994694926,143.0,8614.0,8196.1,1630.74675934,12,0.02578600881361496
2019-09-26 19:00:00,0.6310999094966849,127.0,13424.0,7917.88,2283.10568241,12,0.026553887068393883
2019-09-26 20:00:00,0.777678513433277,103.0,7099.0,7928.11,3300.57694759,12,0.025861555486947414
2019-09-26 21:00:00,0.8685225836794893,79.0,10534.0,7923.88,1100.55499551,12,0.01293793660084953
2019-09-26 22:00:00,0.4771297743796534,73.0,7912.0,8113.32,1006.76147435,12,0.017384707298579227
2019-09-26 23:00:00,0.5319009958221438,90.0,6775.0,8124.0,660.27084868,12,0.00796605309518847
2019-09-27 00:00:00,0.5321654515591372,69.0,5703.0,8088.32,396.45015504,24,0.007277855118717015
2019-09-27 01:00:00,0.6449819442267348,78.0,3683.0,8075.42,215.7736674,24,0.0076545328969136114
2019-09-27 02:00:00,0.0751436953947985,66.0,4956.0,8114.88,149.50166495,24,0.009844375271004291
2019-09-27 03:00:00,0.4094921078149612,46.0,3494.0,8055.03,306.38184122,24,0.005411394255450164
2019-09-27 04:00:00,0.1620507685030483,47.0,2345.0,7973.67,473.79395843,24,0.011845801763971531
2019-09-27 05:00:00,0.3183002017322003,54.0,3477.0,8014.85,338.11865781,24,0.0066644960194421074
2019-09-27 06:00:00,0.5057220648801213,71.0,6824.0,7999.12,116.09449827,24,0.004457480696401302
2019-09-27 07:00:00,0.3510258425572947,86.0,9101.0,8026.71,507.02561578,24,0.005458760829841394
2019-09-27 08:00:00,0.5417289273051912,80.0,8245.0,7990.72,196.26611165,24,0.0062373542049516725
2019-09-27 09:00:00,0.6468088532645402,83.0,9858.0,7979.41,154.71770062,24,0.0039944376980854904
2019-09-27 10:00:00,0.5262787459900798,73.0,8417.0,8029.09,132.04302319,24,0.002892283667632491
2019-09-27 11:00:00,0.4674026846218164,119.0,11728.0,8049.29,387.66583306,24,0.005096510226833406
2019-09-27 12:00:00,0.6544187446947333,112.0,12432.0,8064.17,543.81495288,24,0.006703130318229216
2019-09-27 13:00:00,0.622685993876337,130.0,13212.0,8052.04,369.70105656,24,0.005545905803606873
2019-09-27 14:00:00,0.6265297849748158,123.0,9248.0,8063.4,267.88016122,24,0.004331509829878642
2019-09-27 15:00:00,0.4802446631852866,124.0,10039.0,7974.04,826.02896295,24,0.008709427691014083
2019-09-27 16:00:00,0.2600732662034487,106.0,6010.0,7987.14,483.62803657,24,0.00926967455209014
2019-09-27 17:00:00,0.5279802046900726,114.0,10949.0,8000.0,380.92026241,24,0.005626683529503069
2019-09-27 18:00:00,0.5402078929642085,88.0,8448.0,7971.62,1090.25786327,24,0.014209341243425396
2019-09-27 19:00:00,0.5587165995298061,88.0,7463.0,7993.32,954.9643943,24,0.012681194276896825
2019-09-27 20:00:00,0.6861761412559327,87.0,6529.0,8023.49,554.87623071,24,0.009443662537517227
2019-09-27 21:00:00,0.7249821364915339,87.0,11166.0,8041.1,158.04284673,24,0.006857535340120686
2019-09-27 22:00:00,0.6259391576142347,87.0,9850.0,8031.92,203.99051966,24,0.00402410679633044
2019-09-27 23:00:00,0.4766539432675785,61.0,4298.0,7997.92,236.78080124,24,0.0057520162965347
2019-09-28 00:00:00,0.7305983932302604,59.0,5938.0,8062.49,366.82874738,32,0.008690819600487582
2019-09-28 01:00:00,0.6004050548281761,36.0,1653.0,8242.95,713.52538521,32,0.016266902090641924
2019-09-28 02:00:00,0.4224972041579312,44.0,1947.0,8201.14,540.2572814600001,32,0.005615519266856987
2019-09-28 03:00:00,0.6328188545301292,44.0,1434.0,8187.72,168.63003558,32,0.004207521760820684
2019-09-28 04:00:00,0.4983161862219611,40.0,4677.0,8225.79,171.40683042,32,0.004342440794389769
2019-09-28 05:00:00,0.6420356240022486,40.0,2445.0,8175.61,111.66157405,32,0.002756845818386321
2019-09-28 06:00:00,0.3244096468741638,28.0,1639.0,8186.1,237.27606442,32,0.0047587214119658005
2019-09-28 07:00:00,0.6257273729921775,30.0,1533.0,8182.12,143.52446808,32,0.003031243333974387
2019-09-28 08:00:00,0.7756416258940868,42.0,4295.0,8181.88,235.11689964,32,0.0019883934232405
2019-09-28 09:00:00,0.4457044097580208,50.0,3930.0,8170.04,173.61116702,32,0.002865977681814021
2019-09-28 10:00:00,0.4592801949717037,53.0,1642.0,8160.3,191.77508942,32,0.0021910434878753284
2019-09-28 11:00:00,0.3159711552332102,59.0,3716.0,8226.03,251.58693207,32,0.004939563738054762
2019-09-28 12:00:00,0.5371289456846536,58.0,3776.0,8200.0,154.18616378000002,32,0.003573674484583803
2019-09-28 13:00:00,0.4025845455463944,64.0,3456.0,8226.09,44.95642663,32,0.004038884756796308
2019-09-28 14:00:00,0.4384563905253887,89.0,9354.0,8192.24,594.41665336,32,0.007156727114123552
2019-09-28 15:00:00,0.5355338120074954,80.0,6902.0,8155.01,204.49326529,32,0.005330407640070352
2019-09-28 16:00:00,0.7949366596662898,101.0,17050.0,8095.8,359.04637687,32,0.007758075436703316
2019-09-28 17:00:00,0.4691677155307074,77.0,5966.0,8114.4,371.43417642,32,0.006572185242532492
2019-09-28 18:00:00,0.2347334532538142,72.0,6059.0,8079.25,342.35839855,32,0.004940170778609035
2019-09-28 19:00:00,0.6739097043806856,72.0,9471.0,8088.49,246.09577829,32,0.007387190456194036
2019-09-28 20:00:00,0.3241080148164657,54.0,4050.0,8104.55,158.95765766,32,0.007283817870426787
2019-09-28 21:00:00,0.4246333400897075,67.0,3721.0,8155.12,161.68534759,32,0.005404835025070015
2019-09-28 22:00:00,0.3148540866966715,68.0,3971.0,8150.15,200.09740678,32,0.004714600580698438
2019-09-28 23:00:00,0.647458140534795,62.0,2514.0,8160.0,178.2750177,32,0.003910992921504163
2019-09-29 00:00:00,0.395945495785531,65.0,7787.0,8165.58,112.17882474,33,0.005243759394895331
2019-09-29 01:00:00,0.5163485426590454,46.0,1673.0,8132.02,65.1780296,33,0.003540942526784872
2019-09-29 02:00:00,0.6910752579563185,48.0,2042.0,8151.88,1312.93946329,33,0.024026891552326173
2019-09-29 03:00:00,0.3231974754211225,54.0,2788.0,8218.07,293.23152727,33,0.007408568085587764
2019-09-29 04:00:00,0.3121908387856082,42.0,1767.0,8218.91,219.20749479,33,0.00586236339430877
2019-09-29 05:00:00,0.3490755297506455,34.0,1734.0,8177.4,139.25922088,33,0.002998559915750105
2019-09-29 06:00:00,0.192533943495764,30.0,1308.0,8159.0,105.79797931,33,0.0013565377516212148
2019-09-29 07:00:00,0.8560230854341982,35.0,2410.0,8138.92,121.67611955,33,0.003979618289484714
2019-09-29 08:00:00,0.4795914801364241,53.0,3790.0,8123.91,105.27572578,33,0.003327465677586762
2019-09-29 09:00:00,0.6514448439404303,46.0,2372.0,8145.24,70.71739891,33,0.0031866066638409694
2019-09-29 10:00:00,0.5496219908107695,42.0,2518.0,8095.08,146.56339189,33,0.0035154401063107756
2019-09-29 11:00:00,0.4426771169934619,46.0,2400.0,8099.5,193.97656501,33,0.005732919156741346
2019-09-29 12:00:00,0.5398567265435538,54.0,8736.0,8104.09,87.90303702,33,0.0029616800386153236
2019-09-29 13:00:00,0.5498256447170109,71.0,4649.0,8107.96,76.22485795,33,0.004715422340834986
2019-09-29 14:00:00,0.6102200115655582,71.0,7873.0,8083.05,137.37494539,33,0.004841235373494691
2019-09-29 15:00:00,0.6968775538393612,75.0,9908.0,8093.85,166.24229668,33,0.005999114851202078
2019-09-29 16:00:00,0.2421392110486487,66.0,3445.0,7999.69,634.84639437,33,0.013226091296565604
2019-09-29 17:00:00,0.7844661240707879,59.0,4232.0,8003.19,231.32429869,33,0.008042916768518643
2019-09-29 18:00:00,0.5747748526921914,63.0,9038.0,7980.16,201.92093124,33,0.005397189134739768
2019-09-29 19:00:00,0.2924640021285413,66.0,3558.0,7960.32,293.18938627,33,0.00844077284957022
2019-09-29 20:00:00,0.5554488305426949,60.0,4772.0,8041.0,229.01294358,33,0.008431883660170263
2019-09-29 21:00:00,0.4567994787606561,58.0,3207.0,7992.66,64.27546065,33,0.0037483726642075633
2019-09-29 22:00:00,0.0807749326882413,63.0,3261.0,7979.9,146.00777479,33,0.005718118577854075
2019-09-29 23:00:00,0.6522998164730794,46.0,3372.0,7959.42,232.05878168,33,0.0073344388672208095
2019-09-30 00:00:00,0.2820574199497328,40.0,2190.0,8013.49,689.64242271,27,0.0076084941595933745
2019-09-30 01:00:00,0.2994550621449861,60.0,2609.0,8050.0,432.13995162,27,0.010569419313356764
2019-09-30 02:00:00,0.6362635028038958,48.0,2358.0,8079.28,586.97048245,27,0.009394235072190461
2019-09-30 03:00:00,0.5092330191161566,45.0,3905.0,8047.6,54.96285649,27,0.004490008964437948
2019-09-30 04:00:00,0.4673292325890843,36.0,1931.0,8019.08,147.24453463,27,0.006387137994762349
2019-09-30 05:00:00,0.1812199587934468,60.0,3311.0,8019.37,107.07041709,27,0.005620230878159673
2019-09-30 06:00:00,0.2193250460614529,50.0,2183.0,7989.92,226.67760112,27,0.004434266734113267
2019-09-30 07:00:00,0.1313760592731583,61.0,3801.0,7989.79,223.66310636,27,0.003624237520479741
2019-09-30 08:00:00,0.1984532226624938,62.0,2476.0,7826.89,1221.85327841,27,0.021343117468177537
2019-09-30 09:00:00,0.5955929632430127,75.0,5493.0,7791.88,409.36619922,27,0.008832994138114671
2019-09-30 10:00:00,0.4877391830614708,113.0,9387.0,7759.21,246.73224324,27,0.006228666457197837
2019-09-30 11:00:00,0.5542918624894523,84.0,8977.0,7800.0,239.43720683,27,0.0076668749010216615
2019-09-30 12:00:00,0.3692057095744056,62.0,4117.0,7869.93,363.75352014,27,0.011936403135044172
2019-09-30 13:00:00,0.3757393029943799,84.0,5346.0,8001.38,872.3198619899999,27,0.014697102332045164
2019-09-30 14:00:00,0.6295339893238872,113.0,6317.0,8048.0,565.47869924,27,0.007739327286570958
2019-09-30 15:00:00,0.540903508184427,102.0,7231.0,8052.3,231.72796054,27,0.006949784132362187
2019-09-30 16:00:00,0.622496227428139,108.0,7587.0,8015.32,174.19968306,27,0.005835366197279437
2019-09-30 17:00:00,0.4521235519541953,112.0,7467.0,8117.2,657.12015093,27,0.013471286213663145
2019-09-30 18:00:00,0.2545227732473233,97.0,7886.0,8212.55,626.66908714,27,0.01281599862808521
2019-09-30 19:00:00,0.4738061089859967,85.0,4546.0,8291.11,941.86298008,27,0.007821496748928645
2019-09-30 20:00:00,0.3789356731223261,105.0,6802.0,8283.83,734.92106877,27,0.009619526144607576
2019-09-30 21:00:00,0.4406652998699346,79.0,7815.0,8250.23,167.21700478,27,0.00561789204993577
2019-09-30 22:00:00,0.3670884189997638,72.0,3372.0,8285.99,211.26643657,27,0.0057164474877865355
2019-09-30 23:00:00,0.3304182031661759,73.0,5560.0,8279.81,146.72412822,27,0.0028935373120365284
2019-10-01 00:00:00,0.3906156351928354,68.0,2779.0,8233.83,518.34810917,38,0.007595686644390939
2019-10-01 01:00:00,0.5392072839019936,67.0,7045.0,8253.08,159.69125718,38,0.00919644591731421
2019-10-01 02:00:00,0.7306210259870517,83.0,6232.0,8245.75,151.42987491,38,0.007068058397600103
2019-10-01 03:00:00,0.5903310128921914,66.0,4687.0,8298.45,174.21769815,38,0.00537542070826805
2019-10-01 04:00:00,0.560632874522494,47.0,1816.0,8229.35,230.14870203,38,0.009786494482289451
2019-10-01 05:00:00,0.6162848707022747,48.0,1120.0,8278.53,408.22931802,38,0.009361530339517966
2019-10-01 06:00:00,0.3856687559582478,47.0,1045.0,8423.76,881.78835908,38,0.010742441239869588
2019-10-01 07:00:00,0.3545410306670562,55.0,3777.0,8430.22,1274.3829512,38,0.008651989136358802
2019-10-01 08:00:00,0.4509362263267197,64.0,4927.0,8451.64,136.33498672,38,0.004648727210106042
2019-10-01 09:00:00,0.4829929541238137,72.0,2775.0,8435.01,185.64094805,38,0.0033465554122741837
2019-10-01 10:00:00,0.6340325965831469,67.0,7439.0,8398.1,265.43223464,38,0.005694769023186259
2019-10-01 11:00:00,0.6322271169426045,98.0,9695.0,8426.85,255.59836676,38,0.006293312713436011
2019-10-01 12:00:00,0.3094972366148572,84.0,8276.0,8398.83,259.70846512,38,0.0056327196528564525
2019-10-01 13:00:00,0.6591664095605606,88.0,12750.0,8340.88,259.8826238,38,0.005349317644105483
2019-10-01 14:00:00,0.4937466761798854,95.0,8768.0,8330.0,466.45941427,38,0.005989765718530758
2019-10-01 15:00:00,0.4945724537457425,105.0,7335.0,8373.84,190.20964801,38,0.004902520198976628
2019-10-01 16:00:00,0.8147566368539966,112.0,8356.0,8342.27,350.81398626,38,0.010820178625834244
2019-10-01 17:00:00,0.4520335281705531,89.0,7107.0,8364.3,910.32695565,38,0.00866881364531563
2019-10-01 18:00:00,0.3873443292592634,97.0,8070.0,8356.62,238.40909108,38,0.00431287986510652
2019-10-01 19:00:00,0.4073775339179188,64.0,6260.0,8394.67,325.24353549,38,0.005623403188611931
2019-10-01 20:00:00,0.4735838725989087,66.0,4390.0,8453.95,796.80527475,38,0.010934901082255933
2019-10-01 21:00:00,0.1998120487226289,71.0,3566.0,8299.0,1182.77353726,38,0.019670061483570617
2019-10-01 22:00:00,0.4523157066874967,60.0,5598.0,8302.65,250.46762826,38,0.007191127756298963
2019-10-01 23:00:00,0.6143010942276503,53.0,3401.0,8310.08,328.44151084,38,0.007579020507471614
2019-10-02 00:00:00,0.3392899892834167,71.0,2594.0,8366.86,429.69743706,39,0.01030057721520245
2019-10-02 01:00:00,0.1742664326550241,42.0,1729.0,8318.26,183.30738886,39,0.009383825360309763
2019-10-02 02:00:00,0.357421743308476,36.0,4354.0,8350.42,151.45784842,39,0.006087925990449706
2019-10-02 03:00:00,0.4523307100361337,42.0,2019.0,8319.01,263.0317709,39,0.007879572567500055
2019-10-02 04:00:00,0.4049334192962497,41.0,2481.0,8303.4,104.74306301,39,0.005365506858460732
2019-10-02 05:00:00,0.5047132613948817,46.0,4610.0,8309.19,80.84307046,39,0.00507616371801756
2019-10-02 06:00:00,0.4593700409104876,35.0,2119.0,8269.28,113.28379808,39,0.004899092150584929
2019-10-02 07:00:00,0.4259045723293488,29.0,1089.0,8269.94,211.12752727,39,0.005536517942677751
2019-10-02 08:00:00,0.0586800988995244,25.0,1210.0,8237.24,278.00744245,39,0.006177642487169436
2019-10-02 09:00:00,0.4626505950627441,69.0,9242.0,8179.81,322.84961737000003,39,0.0050356362784215215
2019-10-02 10:00:00,0.3649100386376953,70.0,4435.0,8221.77,121.33206932,39,0.004733561521039268
2019-10-02 11:00:00,0.5654424899416602,69.0,3041.0,8219.77,102.09146072,39,0.0037403582910559147
2019-10-02 12:00:00,0.5798404788779817,83.0,4385.0,8247.03,189.3176104,39,0.006162592561219426
2019-10-02 13:00:00,0.4292825769339548,89.0,7816.0,8253.36,134.59703994,39,0.004608801776051002
2019-10-02 14:00:00,0.2389985812713584,93.0,9610.0,8271.38,69.578643,39,0.0036102633948456547
2019-10-02 15:00:00,0.5520544561165028,103.0,6388.0,8280.98,214.22577126,39,0.0059264170853537655
2019-10-02 16:00:00,0.2668253042494835,96.0,4421.0,8235.96,492.81348163,39,0.006772101506200625
2019-10-02 17:00:00,0.4476007421665014,90.0,6873.0,8234.27,393.00274649,39,0.005377368031290278
2019-10-02 18:00:00,0.5555278312419841,68.0,10901.0,8244.78,391.3873552,39,0.005107348834511375
2019-10-02 19:00:00,0.559470991896527,84.0,5442.0,8247.7,185.15096468,39,0.003945322233700998
2019-10-02 20:00:00,0.5715941415701185,106.0,6506.0,8226.92,242.78143213,39,0.005881001935218938
2019-10-02 21:00:00,0.7728808471436444,75.0,7461.0,8239.98,269.66473288000003,39,0.004645086070623131
2019-10-02 22:00:00,0.7253403644216323,76.0,6939.0,8237.8,213.75485253,39,0.00437522881017281
2019-10-02 23:00:00,0.4868360515547845,44.0,3413.0,8264.84,83.85777311,39,0.0038678174837092423
2019-10-03 00:00:00,0.4656033704881312,55.0,4690.0,8226.82,193.63982137,37,0.0037067577590654244
2019-10-03 01:00:00,0.6586140506486933,51.0,2606.0,8266.11,88.34073543,37,0.002954491323542645
2019-10-03 02:00:00,0.42660349358991,42.0,1767.0,8278.1,116.28899012,37,0.004207758000927075
2019-10-03 03:00:00,0.4283264210546218,32.0,2390.0,8373.42,339.85411635,37,0.006619820364085395
2019-10-03 04:00:00,0.3989917474165568,50.0,3315.0,8341.67,200.16443127,37,0.006896948923815451
2019-10-03 05:00:00,0.3604575038811192,46.0,3786.0,8344.0,260.95931295,37,0.0033854264426072312
2019-10-03 06:00:00,0.5433077954592601,48.0,3982.0,8367.21,49.12065809,37,0.0017525216649120264
2019-10-03 07:00:00,0.811132293004888,50.0,5269.0,8342.54,63.92737687,37,0.0020093033838030987
2019-10-03 08:00:00,0.6267464543029235,59.0,9771.0,8346.3,129.52787936,37,0.004315644665050856
2019-10-03 09:00:00,0.4135012537803845,72.0,4521.0,8302.84,280.93652779,37,0.004782415238383542
2019-10-03 10:00:00,0.8009126552846862,65.0,7191.0,8273.78,121.6889129,37,0.003917514980757142
2019-10-03 11:00:00,0.4074657932557217,77.0,10907.0,8274.14,182.18718324,37,0.0034022793209568494
2019-10-03 12:00:00,0.5612043418519886,95.0,8945.0,8310.84,110.74899677,37,0.0046256344775598675
2019-10-03 13:00:00,0.5942130495743986,101.0,8243.0,8286.81,191.11051002,37,0.0032387869498507254
2019-10-03 14:00:00,0.4355682916600462,120.0,6755.0,8220.28,709.84120077,37,0.006679518077218753
2019-10-03 15:00:00,0.5303449941589775,87.0,8549.0,8230.49,280.41906471,37,0.0027315202861122982
2019-10-03 16:00:00,0.3706014768720875,118.0,14981.0,8231.29,451.70784157,37,0.003566997550966716
2019-10-03 17:00:00,0.8472576527165468,103.0,10897.0,8227.06,515.63283361,37,0.0031374431868641172
2019-10-03 18:00:00,0.7573291176320265,111.0,14615.0,8110.0,1405.4394061399998,37,0.010278963125913284
2019-10-03 19:00:00,0.505920959369222,117.0,8351.0,8107.85,755.42898364,37,0.005367331754378799
2019-10-03 20:00:00,0.7873950537497797,123.0,11368.0,8174.78,1053.3214797,37,0.015719360995621358
2019-10-03 21:00:00,0.7709649213998941,70.0,4048.0,8147.53,288.23810261,37,0.003980298776600798
2019-10-03 22:00:00,0.46567868858449,49.0,3004.0,8142.96,188.31071626,37,0.001740887585987698
2019-10-03 23:00:00,0.4369162534945436,74.0,3736.0,8164.07,466.02171729,37,0.006333345038487578
2019-10-04 00:00:00,0.490537101869778,49.0,2839.0,8143.26,195.282255,30,0.004117503475934894
2019-10-04 01:00:00,1.0060167917604108,58.0,9233.0,8174.2,87.73139336,30,0.006254509651412191
2019-10-04 02:00:00,0.9295396568742478,40.0,3892.0,8210.0,92.76845079,30,0.005309994766928528
2019-10-04 03:00:00,0.695634475430051,70.0,4299.0,8239.92,620.60516136,30,0.007968547949692097
2019-10-04 04:00:00,0.8643837143699732,32.0,1728.0,8116.68,580.88057818,30,0.009244175788772445
2019-10-04 05:00:00,0.5021458245490797,51.0,2948.0,8120.21,404.52581209,30,0.007386120693789255
2019-10-04 06:00:00,0.4412773089300773,62.0,3618.0,8101.15,96.88705423,30,0.0032648505798831273
2019-10-04 07:00:00,0.454289060022865,65.0,3721.0,8112.05,116.54488425,30,0.004031726682259825
2019-10-04 08:00:00,0.3136078585402072,65.0,6192.0,8066.81,143.19756071,30,0.0030538983356265333
2019-10-04 09:00:00,0.6123960496068496,82.0,7410.0,8103.0,380.48485511,30,0.011739159382223143
2019-10-04 10:00:00,0.510747190238539,84.0,7688.0,8114.81,107.25938119,30,0.00361884351000162
2019-10-04 11:00:00,0.5949206381967787,94.0,8320.0,8137.55,103.04355569,30,0.003519974380210872
2019-10-04 12:00:00,0.4259839083810188,106.0,10115.0,8095.77,167.13758529999998,30,0.0035745431035892916
2019-10-04 13:00:00,0.4749173261394154,119.0,13390.0,8130.0,211.15583284,30,0.002242910728423009
2019-10-04 14:00:00,0.4853348619104169,92.0,6615.0,8130.62,326.46880066,30,0.005493860113486978
2019-10-04 15:00:00,0.456353980171597,94.0,8364.0,8156.97,297.66613676000003,30,0.005399522958493154
2019-10-04 16:00:00,0.5120537701365387,114.0,8788.0,8133.79,244.34330507,30,0.00439474422875407
2019-10-04 17:00:00,0.9469935820036072,97.0,7818.0,8177.79,342.97808619,30,0.0033446286109897515
2019-10-04 18:00:00,0.987978203935688,88.0,9392.0,8168.91,190.52635761,30,0.0033736188621693633
2019-10-04 19:00:00,0.8092642226679312,97.0,9612.0,8157.21,323.98053037,30,0.004012866266201922
2019-10-04 20:00:00,0.3042103936712164,64.0,3171.0,8189.24,724.63559039,30,0.007393565727125432
2019-10-04 21:00:00,0.7928725402431989,87.0,4481.0,8177.09,183.7913486,30,0.003419939806928004
2019-10-04 22:00:00,0.3969866853084061,63.0,3322.0,8196.68,380.73860009,30,0.004071492162655793
2019-10-04 23:00:00,0.7011538956425954,55.0,2457.0,8200.73,173.617077,30,0.0024442961488761144
2019-10-05 00:00:00,0.6339463591700089,51.0,4909.0,8163.98,322.01080984,31,0.006245082870315284
2019-10-05 01:00:00,0.5849327091758412,44.0,1783.0,8186.59,168.9417688,31,0.004972186308652661
2019-10-05 02:00:00,0.5865426443996857,44.0,2384.0,8179.98,138.78921168,31,0.005440217224213285
2019-10-05 03:00:00,0.5147666299089662,31.0,903.0,8152.07,149.17669639,31,0.0015327720508818915
2019-10-05 04:00:00,0.6706073045870968,26.0,903.0,8135.0,215.71633094,31,0.004758583415004084
2019-10-05 05:00:00,0.6305898438634207,30.0,2446.0,8128.9,56.06482325,31,0.0026930684655360375
2019-10-05 06:00:00,0.5110345664276847,33.0,3187.0,8137.99,96.6478335,31,0.0032014974482521825
2019-10-05 07:00:00,0.74004804010482,46.0,3596.0,8153.46,240.25699538,31,0.002666123548188545
2019-10-05 08:00:00,0.3414751172104791,53.0,3062.0,8136.96,30.36619531,31,0.001950227258751949
2019-10-05 09:00:00,0.3044172188596505,44.0,2985.0,8126.6,40.90937013,31,0.0019489272360299164
2019-10-05 10:00:00,0.6639289881219623,53.0,13310.0,8137.1,90.74720879,31,0.0029535141114531804
2019-10-05 11:00:00,0.376930663033005,53.0,1953.0,8122.29,73.17215553999999,31,0.0028826106317185528
2019-10-05 12:00:00,0.1447049801278102,66.0,4142.0,8098.0,429.08883725,31,0.003458628525722306
2019-10-05 13:00:00,0.3976759068848101,79.0,18283.0,8090.19,243.70142589,31,0.0017569809934704116
2019-10-05 14:00:00,0.4584028431181975,72.0,5124.0,8100.59,186.6446377,31,0.003432273216551145
2019-10-05 15:00:00,0.8419253141333377,86.0,8503.0,8096.13,59.13088214,31,0.0023047005090430107
2019-10-05 16:00:00,0.6480558888280386,88.0,12841.0,8079.61,153.12157113,31,0.0030155678563329145
2019-10-05 17:00:00,0.6891295319354139,94.0,18322.0,8079.95,803.93091734,31,0.006529156480146901
2019-10-05 18:00:00,0.4281888020529836,70.0,3294.0,8040.09,153.90355585,31,0.004150969492974637
2019-10-05 19:00:00,0.3764810463016715,65.0,5059.0,8104.6,125.33940692,31,0.003924625498902673
2019-10-05 20:00:00,0.7233734659233437,67.0,6181.0,8082.92,148.75068414999998,31,0.0054248890270880085
2019-10-05 21:00:00,0.4734064655471897,58.0,4424.0,8048.94,135.86740516999998,31,0.002138081656310306
2019-10-05 22:00:00,0.4902033218364071,57.0,4038.0,8069.68,73.94586172,31,0.004474542398013845
2019-10-05 23:00:00,0.495867889600123,60.0,4495.0,8079.14,101.53652122,31,0.003377689896465668
2019-10-06 00:00:00,0.6570712892029739,47.0,2713.0,8101.42,93.22720642,32,0.004323621182074795
2019-10-06 01:00:00,0.4826981404513617,38.0,3879.0,8155.53,154.74258972,32,0.007781018151173603
2019-10-06 02:00:00,0.0719165773144773,49.0,3865.0,8140.63,658.14252133,32,0.004587906438660297
2019-10-06 03:00:00,0.3232986473724944,47.0,3312.0,8145.17,80.14913108,32,0.0023754814583996
2019-10-06 04:00:00,0.6771281544606915,43.0,4842.0,8147.54,54.5217927,32,0.003430425705446001
2019-10-06 05:00:00,0.440978996294219,31.0,2126.0,8066.93,197.25952552,32,0.007016686092849896
2019-10-06 06:00:00,0.6834052862095777,33.0,2001.0,8070.37,231.68695441,32,0.004329929702701374
2019-10-06 07:00:00,0.2785300645247422,57.0,3941.0,8059.0,189.81584026,32,0.003282690844311076
2019-10-06 08:00:00,0.5560117669557635,48.0,4824.0,8090.66,66.52234542000001,32,0.0026114792708423692
2019-10-06 09:00:00,-0.0807411047295632,40.0,1963.0,8067.65,56.10125825,32,0.0027892837375458326
2019-10-06 10:00:00,0.4686082524145618,45.0,2633.0,7975.97,485.23741921,32,0.012583665095471689
2019-10-06 11:00:00,0.5239805195224984,57.0,5630.0,7974.06,320.9867912,32,0.003658923669029683
2019-10-06 12:00:00,0.538112382702591,79.0,5075.0,7890.02,523.23960169,32,0.006384664958272364
2019-10-06 13:00:00,0.3821019375386404,81.0,9426.0,7950.26,115.98950474,32,0.0038158194179637663
2019-10-06 14:00:00,0.3124106282829399,85.0,6135.0,7918.21,228.28437231,32,0.0030966881276564854
2019-10-06 15:00:00,0.4754980608078691,108.0,13132.0,7962.03,130.55338645999998,32,0.005826626011720855
2019-10-06 16:00:00,0.3674202177378077,84.0,7100.0,7959.61,120.80861047,32,0.0031285115858393935
2019-10-06 17:00:00,0.7471283766568497,85.0,6569.0,7922.08,195.70958675,32,0.005334747978053917
2019-10-06 18:00:00,0.68316627785909,94.0,8979.0,7919.03,279.98063502,32,0.005898787201732913
2019-10-06 19:00:00,0.2976316327862768,104.0,7399.0,8033.44,825.33956641,32,0.010275622022225926
2019-10-06 20:00:00,0.0817252262159825,86.0,6236.0,8002.97,161.8339172,32,0.005558208325377528
2019-10-06 21:00:00,0.3302269174646824,82.0,4944.0,7987.69,228.14390985,32,0.004257005753381464
2019-10-06 22:00:00,0.5969252678528956,69.0,4033.0,7842.84,747.48336994,32,0.017205828168723646
2019-10-06 23:00:00,0.227889223669026,49.0,3727.0,7899.98,241.42562782,32,0.006246682847606228
2019-10-07 00:00:00,0.4446869692795872,69.0,2315.0,7904.58,199.18621223,27,0.005253617262612728
2019-10-07 01:00:00,0.523584080093856,60.0,2064.0,7917.9,213.66121779,27,0.005506705029527795
2019-10-07 02:00:00,0.3366950837004789,59.0,2285.0,7847.03,282.53591248,27,0.004390293275429191
2019-10-07 03:00:00,0.5565337011650654,62.0,3752.0,7854.12,358.22836881,27,0.007032851455257999
2019-10-07 04:00:00,0.6972035888260669,45.0,2768.0,7814.36,362.61934051,27,0.008741381599069403
2019-10-07 05:00:00,0.3586119689638045,43.0,1919.0,7815.7,173.50430652,27,0.004800184597117461
2019-10-07 06:00:00,0.5011355167796713,44.0,2421.0,7823.75,164.34423063,27,0.004623126041605956
2019-10-07 07:00:00,0.5011911795971165,61.0,3321.0,7869.63,349.23962073,27,0.007426507787299892
2019-10-07 08:00:00,0.5324987331625184,72.0,6651.0,7839.01,92.53112088,27,0.004189475742569531
2019-10-07 09:00:00,0.4502290736505889,63.0,3449.0,7839.33,197.29920486,27,0.004020069298466994
2019-10-07 10:00:00,0.5756645422291652,82.0,5505.0,7829.15,162.16689982,27,0.00480643745090562
2019-10-07 11:00:00,0.4106767844683013,86.0,7976.0,7865.82,286.06667349,27,0.004583647252869442
2019-10-07 12:00:00,0.7053747341994794,98.0,7839.0,7891.49,486.72712671,27,0.0068715017655715995
2019-10-07 13:00:00,0.3282547158819898,139.0,10059.0,7930.45,500.80626503,27,0.006139276694888531
2019-10-07 14:00:00,0.5594954576438718,98.0,6190.0,8010.0,896.69701567,27,0.010104940579100902
2019-10-07 15:00:00,0.5568650405330291,111.0,7326.0,7991.09,391.47957308,27,0.00488450074788895
2019-10-07 16:00:00,0.6215502660712089,122.0,9164.0,8128.0,864.80712168,27,0.011801787755012214
2019-10-07 17:00:00,0.3713043618667396,94.0,8131.0,8164.11,1316.4091269,27,0.007594488731159017
2019-10-07 18:00:00,0.5437927539953394,98.0,4203.0,8173.46,281.58389654,27,0.0046640813623854025
2019-10-07 19:00:00,0.3097496329619984,97.0,5164.0,8192.54,636.73906401,27,0.0077756810409511205
2019-10-07 20:00:00,0.5467388809633219,89.0,7301.0,8252.48,505.71216118,27,0.008107894921325383
2019-10-07 21:00:00,0.5458330519954658,88.0,8181.0,8275.82,690.6609985,27,0.0049471521872776385
2019-10-07 22:00:00,0.5124459835686117,77.0,5204.0,8257.61,330.42873377,27,0.007238606441883938
2019-10-07 23:00:00,0.8663313473037078,59.0,3034.0,8226.87,121.76002746,27,0.0035226800482936723
2019-10-08 00:00:00,0.5867069674044028,66.0,2818.0,8213.76,172.27972865,39,0.005344031902617633
2019-10-08 01:00:00,0.7722756091590263,60.0,3469.0,8208.39,70.16312349,39,0.003065635976100006
2019-10-08 02:00:00,0.5729416520481855,63.0,5441.0,8239.73,64.97842064,39,0.0033373442364654535
2019-10-08 03:00:00,0.3456455240128673,38.0,3376.0,8205.53,244.32340384,39,0.0054840015013160855
2019-10-08 04:00:00,0.3802416890836052,39.0,2247.0,8235.18,51.31460593,39,0.0025847389418805025
2019-10-08 05:00:00,0.953128033091353,28.0,2396.0,8291.86,246.30519641,39,0.0044515372965899785
2019-10-08 06:00:00,0.3270074010722723,53.0,2457.0,8278.09,172.9108124,39,0.005756934643175626
2019-10-08 07:00:00,0.3908685781736527,47.0,4555.0,8273.31,144.55634927,39,0.002827085497988818
2019-10-08 08:00:00,0.5316976985559366,60.0,2797.0,8239.24,82.12534096,39,0.006054731785879503
2019-10-08 09:00:00,0.2245193268754904,57.0,2439.0,8253.52,89.54333214,39,0.004090637593850353
2019-10-08 10:00:00,0.5458552638526273,38.0,3385.0,8249.0,85.7743524,39,0.0029512439276479503
2019-10-08 11:00:00,0.5343620433669471,67.0,4791.0,8214.9,165.66371164,39,0.001920800111690479
2019-10-08 12:00:00,0.4686192414295325,63.0,2984.0,8178.46,326.53528402,39,0.005558180310063566
2019-10-08 13:00:00,0.5710705591678549,83.0,5963.0,8181.7,75.29427468,39,0.0030372742597420213
2019-10-08 14:00:00,0.466078610661377,80.0,5546.0,8169.37,226.71794259,39,0.005185933846664896
2019-10-08 15:00:00,0.5330457823092605,97.0,6187.0,8185.04,80.04759057,39,0.004100697260789906
2019-10-08 16:00:00,0.5956735776448466,87.0,10742.0,8233.85,297.66998992,39,0.006322335732077538
2019-10-08 17:00:00,0.5992880674171537,81.0,8418.0,8210.11,183.08750175,39,0.003695734756056552
2019-10-08 18:00:00,0.6625541947593308,78.0,5134.0,8194.41,109.14534153,39,0.0033673830451145283
2019-10-08 19:00:00,0.56854417123179,87.0,7611.0,8188.99,169.95644266,39,0.0036105311008429015
2019-10-08 20:00:00,0.432681646173541,77.0,4040.0,8175.45,162.87740613,39,0.004156574020927846
2019-10-08 21:00:00,0.4910517984085685,82.0,7065.0,8184.72,65.93748274,39,0.0026832704106853236
2019-10-08 22:00:00,0.5051644971247413,56.0,3811.0,8190.11,103.72256,39,0.0033476945998496687
2019-10-08 23:00:00,0.6111421646075096,53.0,3201.0,8166.42,173.26128399,39,0.003934682598256027
2019-10-09 00:00:00,0.8003236204020437,49.0,6921.0,8125.11,243.64721323,37,0.006753482340294088
2019-10-09 01:00:00,0.4185008186457902,59.0,5728.0,8164.29,112.0452843,37,0.0030884929720890984
2019-10-09 02:00:00,0.3264929779990537,60.0,4700.0,8198.96,146.01673101,37,0.004767299044811833
2019-10-09 03:00:00,0.688626981690877,58.0,3465.0,8178.54,63.56684292,37,0.0036248639913350265
2019-10-09 04:00:00,0.8827520703771644,37.0,5790.0,8184.01,208.36909343,37,0.008891875109558009
2019-10-09 05:00:00,0.1714500672279575,39.0,5024.0,8168.53,33.75978786,37,0.0019618562513680263
2019-10-09 06:00:00,0.500303644585935,56.0,6351.0,8168.97,174.27836238,37,0.003902699215106787
2019-10-09 07:00:00,0.6313019998408925,54.0,4810.0,8122.93,46.99816559,37,0.002164898705213612
2019-10-09 08:00:00,0.4503346677271965,64.0,4879.0,8136.84,58.92076033,37,0.0026338246233816092
2019-10-09 09:00:00,0.5323024588394522,82.0,7142.0,8147.68,63.74641576,37,0.0035504966247795716
2019-10-09 10:00:00,0.5043677166955087,73.0,4354.0,8146.46,49.18852728,37,0.0021900356428843125
2019-10-09 11:00:00,0.6111396643101387,91.0,7587.0,8172.12,163.29733568,37,0.0038206366902391576
2019-10-09 12:00:00,0.268694865553349,105.0,5601.0,8194.46,195.8405029,37,0.003574398595829089
2019-10-09 13:00:00,0.6677024128449267,102.0,7187.0,8195.43,184.31340837,37,0.004471474711627168
2019-10-09 14:00:00,0.551042560213613,177.0,10889.0,8205.31,233.563142,37,0.004226149790001102
2019-10-09 15:00:00,0.3539014137437343,174.0,13604.0,8186.42,348.68051508,37,0.0034721844252654658
2019-10-09 16:00:00,0.5159931928967681,138.0,7794.0,8164.94,449.53361168,37,0.0025988410914201537
2019-10-09 17:00:00,0.5870926777146348,98.0,9070.0,8245.0,279.89620974,37,0.0036905378968396995
2019-10-09 18:00:00,0.691754062765467,96.0,6152.0,8450.0,2854.58559629,37,0.012398277985755029
2019-10-09 19:00:00,0.3006591974437727,87.0,10166.0,8572.56,2033.11706309,37,0.016710841356868626
2019-10-09 20:00:00,0.4075730622574279,107.0,6829.0,8581.4,1178.56512543,37,0.010692956574194081
2019-10-09 21:00:00,0.4336358146297273,92.0,5511.0,8635.11,618.7674155,37,0.0046361173013391025
2019-10-09 22:00:00,0.3704997045295545,105.0,5662.0,8612.91,1181.8444686,37,0.008382513896959735
2019-10-09 23:00:00,0.5364083556094302,75.0,6408.0,8604.02,285.1190458,37,0.003613751908721771
2019-10-10 00:00:00,0.0584534641098971,59.0,2286.0,8587.09,284.1330755,41,0.00458885102429101
2019-10-10 01:00:00,0.3122320554580607,75.0,6612.0,8553.32,218.11029362,41,0.00596850781014323
2019-10-10 02:00:00,0.4298482645842544,68.0,4455.0,8578.42,266.40189361,41,0.0069406452346643934
2019-10-10 03:00:00,0.4308771447387182,49.0,3773.0,8586.34,223.16503071,41,0.003721243829967088
2019-10-10 04:00:00,0.3095965381887652,41.0,2175.0,8583.42,371.62153033,41,0.0038750759818946276
2019-10-10 05:00:00,0.5392831336983469,39.0,1994.0,8562.35,170.06099241,41,0.0020519842739011368
2019-10-10 06:00:00,0.3873347790957543,49.0,3853.0,8565.82,294.03407827,41,0.0031355862247731455
2019-10-10 07:00:00,0.4378521262702609,68.0,5073.0,8572.37,195.74819089,41,0.003907021524975915
2019-10-10 08:00:00,0.3709873333047274,58.0,2831.0,8590.54,127.80671863,41,0.0029480292748441995
2019-10-10 09:00:00,0.3398064032227935,62.0,4492.0,8575.58,89.37660316,41,0.0025248622087552593
2019-10-10 10:00:00,0.3279449726981763,85.0,6318.0,8607.56,190.97128106,41,0.004849049188445573
2019-10-10 11:00:00,0.5278881398711454,75.0,6418.0,8622.08,611.36642405,41,0.006467288727081837
2019-10-10 12:00:00,0.3151351869688285,94.0,5777.0,8570.4,370.62631334,41,0.005616133853201415
2019-10-10 13:00:00,0.2940546722228566,86.0,7134.0,8536.18,567.6803046,41,0.005299492974913365
2019-10-10 14:00:00,0.5923408047240926,93.0,13362.0,8539.54,945.97833414,41,0.005710170581259123
2019-10-10 15:00:00,0.5051675388624934,93.0,7218.0,8554.06,278.85767814,41,0.003531278788355767
2019-10-10 16:00:00,0.6664862640597199,72.0,7170.0,8491.96,603.87894247,41,0.007766034109308016
2019-10-10 17:00:00,0.7589559931385205,70.0,4853.0,8505.0,370.32733182,41,0.004268898329731711
2019-10-10 18:00:00,0.506500709478961,96.0,8132.0,8509.18,320.24933119,41,0.00375635565112501
2019-10-10 19:00:00,0.336218942151233,61.0,4727.0,8559.07,198.39395921,41,0.006242438292305824
2019-10-10 20:00:00,0.5865508466694436,70.0,3957.0,8547.44,374.25725111,41,0.005066096740179989
2019-10-10 21:00:00,0.3515050261566285,85.0,7225.0,8524.09,116.97901083,41,0.0032796355808420107
2019-10-10 22:00:00,0.363552642190639,65.0,2736.0,8544.02,271.31410829,41,0.0038582705121097197
2019-10-10 23:00:00,0.7609183756395389,65.0,5243.0,8589.14,278.33714986,41,0.002259463119035963
2019-10-11 00:00:00,0.5529731430889054,65.0,2824.0,8578.8,312.85974624,39,0.003949011050496226
2019-10-11 01:00:00,0.5338663063247348,55.0,2001.0,8569.0,213.82598895,39,0.00557873944415192
2019-10-11 02:00:00,0.4861512397709522,59.0,2949.0,8586.0,87.66026124,39,0.0033044774345934898
2019-10-11 03:00:00,0.582694441186122,55.0,11117.0,8582.11,73.2204601,39,0.003022937166120131
2019-10-11 04:00:00,0.514325929373799,64.0,6026.0,8531.1,173.1153098,39,0.0051394287045745555
2019-10-11 05:00:00,0.4346439070377642,59.0,3666.0,8544.43,72.26042023,39,0.003363388679227038
2019-10-11 06:00:00,0.1829156463912602,58.0,4393.0,8538.72,79.19573807,39,0.0028400888839707236
2019-10-11 07:00:00,0.5330584486508678,64.0,5765.0,8579.75,102.39239233,39,0.0037506013990876107
2019-10-11 08:00:00,0.2295964440026064,77.0,3936.0,8730.0,616.6313583900001,39,0.012479224029450009
2019-10-11 09:00:00,0.3507446515523327,62.0,3594.0,8435.67,2033.10599118,39,0.03186739966628912
2019-10-11 10:00:00,0.4309356027212117,59.0,4352.0,8433.96,286.45301727,39,0.005608659085226864
2019-10-11 11:00:00,0.3126572391671041,83.0,7638.0,8398.79,434.98364747,39,0.004362252904333683
2019-10-11 12:00:00,0.6895408759165068,86.0,8575.0,8364.77,841.10010875,39,0.008491327795477219
2019-10-11 13:00:00,0.6107412191405346,94.0,8329.0,8351.27,304.21458804,39,0.0038691460798328864
2019-10-11 14:00:00,0.4871752130188625,96.0,6509.0,8375.93,172.9805718,39,0.0034396597617966877
2019-10-11 15:00:00,0.5058600411729884,86.0,8967.0,8305.98,381.49278585,39,0.005947096839802845
2019-10-11 16:00:00,0.2551689546191455,89.0,4682.0,8345.0,260.06396331,39,0.00628622214665508
2019-10-11 17:00:00,0.4951362991908247,80.0,4646.0,8345.19,237.36584312,39,0.0032339103071104118
2019-10-11 18:00:00,0.8167294585086204,90.0,7527.0,8324.73,280.8235974,39,0.0049048810923704705
2019-10-11 19:00:00,0.5678478517533716,73.0,6804.0,8350.0,119.61570127,39,0.00497674874497461
2019-10-11 20:00:00,0.4679125473562914,73.0,7254.0,8343.49,300.54290514,39,0.00644019903726003
2019-10-11 21:00:00,0.4213253338370739,93.0,8152.0,8333.81,119.13238711,39,0.0032732993862937426
2019-10-11 22:00:00,0.7179833556894832,79.0,5480.0,8318.52,254.23007978,39,0.004740897545831956
2019-10-11 23:00:00,0.7512310899260688,59.0,3845.0,8346.67,83.77400126,39,0.0024032327967623245
2019-10-12 00:00:00,0.5006424365934977,54.0,4311.0,8339.47,163.4643704,38,0.0039035330030206517
2019-10-12 01:00:00,0.4956785862456211,46.0,1903.0,8318.69,148.90950335,38,0.0029062821994994105
2019-10-12 02:00:00,0.8510751144515672,34.0,6226.0,8318.06,100.59611812,38,0.0034404474552785515
2019-10-12 03:00:00,0.6324214361448235,35.0,2615.0,8265.55,258.14278808,38,0.007984221230477382
2019-10-12 04:00:00,0.7302825599549472,50.0,2973.0,8280.46,93.58567304,38,0.005018340933942657
2019-10-12 05:00:00,0.0584256184197509,35.0,2571.0,8315.17,91.74483459,38,0.005001610055385541
2019-10-12 06:00:00,0.5970546176015811,59.0,8053.0,8310.6,51.52922704,38,0.0029746887474763777
2019-10-12 07:00:00,0.5371173522223159,45.0,2396.0,8316.02,20.32161966,38,0.0019788609552435945
2019-10-12 08:00:00,0.7146200100536638,52.0,6620.0,8325.24,16.19303125,38,0.0019831625411080534
2019-10-12 09:00:00,0.8018128228368614,53.0,4736.0,8342.0,85.53175881,38,0.0037269683761076565
2019-10-12 10:00:00,0.7999592268807054,57.0,4867.0,8345.4,55.506498400000005,38,0.0024602885144711594
2019-10-12 11:00:00,0.6128079509420633,46.0,3216.0,8341.07,42.88618406,38,0.0022086416487614126
2019-10-12 12:00:00,0.4684372828071524,51.0,2416.0,8354.72,132.70437423,38,0.0014174257004081695
2019-10-12 13:00:00,0.7201826354174662,48.0,3828.0,8345.6,46.64409019,38,0.002276152002899693
2019-10-12 14:00:00,0.8768852563016928,73.0,6295.0,8322.16,129.74098028,38,0.004511104264138411
2019-10-12 15:00:00,0.5065083065117967,78.0,5107.0,8320.85,72.00675207,38,0.003027836166558865
2019-10-12 16:00:00,0.269944711567367,55.0,4700.0,8342.87,48.49184915,38,0.0026982419692492786
2019-10-12 17:00:00,0.4914722150258238,55.0,6610.0,8335.09,34.29739273,38,0.0022049761160764783
2019-10-12 18:00:00,0.8834307596996785,66.0,3305.0,8394.48,201.42344588,38,0.008064738483160335
2019-10-12 19:00:00,0.990224479827839,66.0,6176.0,8384.44,134.97150138,38,0.0036461922074074184
2019-10-12 20:00:00,0.616037870637385,54.0,5027.0,8340.0,123.9679867,38,0.005681785896373897
2019-10-12 21:00:00,0.3714755004662542,59.0,3546.0,8330.29,46.42643874,38,0.002134767194673926
2019-10-12 22:00:00,0.5738216575495275,44.0,2190.0,8323.43,168.72849276,38,0.004115912633787379
2019-10-12 23:00:00,0.7422329914689817,48.0,2644.0,8321.69,70.67481136,38,0.0035517138943943444
2019-10-13 00:00:00,0.5202175257375967,41.0,1851.0,8348.0,35.10703844,38,0.002836681755047386
2019-10-13 01:00:00,0.7712045187689204,49.0,4905.0,8339.07,42.97607945,38,0.0025733742010277966
2019-10-13 02:00:00,0.5018127549239717,34.0,4154.0,8334.7,37.65294617,38,0.002512470138599858
2019-10-13 03:00:00,0.6098262771719208,29.0,1822.0,8303.43,45.72011809,38,0.0025616507311316435
2019-10-13 04:00:00,0.8448664286234134,25.0,1909.0,8333.33,47.41358525,38,0.004559004616850272
2019-10-13 05:00:00,0.4396337259824466,30.0,3082.0,8349.07,36.27949808,38,0.0031403559456496064
2019-10-13 06:00:00,0.4858220074976153,22.0,2075.0,8340.98,18.90691057,38,0.002428710546563048
2019-10-13 07:00:00,0.521960195570205,48.0,2944.0,8346.46,20.90322376,38,0.001627010839478524
2019-10-13 08:00:00,0.6706184033188969,34.0,3383.0,8343.08,19.45654519,38,0.002190131792960332
2019-10-13 09:00:00,0.6547739855864495,50.0,4476.0,8329.71,31.77836748,38,0.0015897635415938985
2019-10-13 10:00:00,0.8096246556794756,47.0,4449.0,8319.42,26.47117056,38,0.0018509905610265677
2019-10-13 11:00:00,0.5747407636891382,30.0,2331.0,8332.88,41.87378464,38,0.002623747466051326
2019-10-13 12:00:00,0.9265544202781616,76.0,4835.0,8352.72,91.12236541,38,0.002732322423393572
2019-10-13 13:00:00,0.466115368983066,83.0,6733.0,8348.89,208.79145071,38,0.0023289855874170217
2019-10-13 14:00:00,0.6668341830839447,79.0,8905.0,8343.47,41.80113309,38,0.0022030654078834294
2019-10-13 15:00:00,0.5177246596107141,74.0,4863.0,8367.77,88.58585897,38,0.0041625256156864856
2019-10-13 16:00:00,0.6533026354603862,61.0,4962.0,8413.65,474.99534248,38,0.006913768382622332
2019-10-13 17:00:00,0.6612322334738624,84.0,6842.0,8430.01,275.32179669,38,0.0047450597858876625
2019-10-13 18:00:00,0.3380929867808523,63.0,4451.0,8424.44,160.13531086,38,0.0045846635672623605
2019-10-13 19:00:00,0.4218176344829475,58.0,4230.0,8421.01,116.09454578,38,0.00398493318152631
2019-10-13 20:00:00,0.1578178015711413,73.0,4570.0,8438.92,288.82280809,38,0.004477235884381023
2019-10-13 21:00:00,0.2782087447971259,59.0,2868.0,8428.77,209.68353023,38,0.002671775663229233
2019-10-13 22:00:00,0.4710463004064119,58.0,3800.0,8427.42,126.9286077,38,0.0019514618518200568
2019-10-13 23:00:00,0.3217742466016506,47.0,2487.0,8448.0,240.96321961,38,0.0013896600543376026
2019-10-14 00:00:00,0.5754795723058718,60.0,3640.0,8261.67,1634.04687949,37,0.023107948669236423
2019-10-14 01:00:00,0.7884772444688646,46.0,3558.0,8249.59,116.08705658,37,0.0028842033468284307
2019-10-14 02:00:00,0.832565758634865,45.0,2938.0,8285.97,69.45687611,37,0.004222317173823936
2019-10-14 03:00:00,0.6513986593937543,43.0,2655.0,8282.96,59.36394635,37,0.0034652483887817214
2019-10-14 04:00:00,0.4029546565376514,38.0,4401.0,8276.2,61.84381498,37,0.002205944790596897
2019-10-14 05:00:00,0.3540728578752488,51.0,3706.0,8292.06,57.28150547,37,0.0025813428092027637
2019-10-14 06:00:00,0.6151600958618576,59.0,2260.0,8292.91,101.9760317,37,0.0027576550080177756
2019-10-14 07:00:00,0.4471290710346184,39.0,1557.0,8290.21,71.72340091,37,0.00235148977184465
2019-10-14 08:00:00,0.3432247494154111,59.0,3760.0,8282.22,68.05484295,37,0.00099146565270571
2019-10-14 09:00:00,0.4147430606200133,60.0,1953.0,8313.76,104.73727303,37,0.004376318244824836
2019-10-14 10:00:00,0.3320954289166135,72.0,3876.0,8324.2,143.15775201,37,0.0030059616160499976
2019-10-14 11:00:00,0.5835771335757414,66.0,8245.0,8314.85,129.99747026,37,0.003169906980921619
2019-10-14 12:00:00,0.4212899815235429,67.0,6817.0,8317.03,120.01164857,37,0.0017816875908061671
2019-10-14 13:00:00,0.5893836660397648,80.0,3935.0,8316.38,76.91738681,37,0.0031748134703315787
2019-10-14 14:00:00,0.5551616391547977,77.0,7667.0,8321.99,108.55509986,37,0.002499996546009876
2019-10-14 15:00:00,0.4188861200441119,103.0,9669.0,8290.34,99.37558059,37,0.002257430580397833
2019-10-14 16:00:00,0.4976129761914353,96.0,5409.0,8256.45,378.69531321,37,0.003062255412848337
2019-10-14 17:00:00,0.4550747407246138,92.0,5778.0,8289.87,198.1309837,37,0.0023033424407067266
2019-10-14 18:00:00,0.8299183540157136,82.0,6332.0,8265.3,181.11837767,37,0.0023093726715041436
2019-10-14 19:00:00,0.5686560945171937,70.0,5205.0,8256.01,188.1962408,37,0.0024937256795311987
2019-10-14 20:00:00,0.5091632116082834,85.0,9094.0,8347.48,635.20721448,37,0.01584230753332837
2019-10-14 21:00:00,0.6617099400646939,91.0,6743.0,8335.45,410.2093368,37,0.003270529375070902
2019-10-14 22:00:00,0.757904989900432,60.0,5767.0,8364.48,250.32558576,37,0.0019625693680433488
2019-10-14 23:00:00,0.5659557742274427,47.0,2405.0,8334.49,345.82501937,37,0.005013737637985673
2019-10-15 00:00:00,0.3546092918084387,52.0,2671.0,8337.02,75.85230802,39,0.0021133541823342224
2019-10-15 01:00:00,0.3233630970969762,49.0,2789.0,8311.99,337.2841589,39,0.011190648336094402
2019-10-15 02:00:00,0.2270112777730893,49.0,3453.0,8343.99,96.72054918,39,0.0030810320821465253
2019-10-15 03:00:00,0.4144769971449249,32.0,1735.0,8362.99,53.41049417,39,0.002054207937288086
2019-10-15 04:00:00,0.4281595584545548,42.0,2418.0,8362.52,464.3350175,39,0.005651400669254806
2019-10-15 05:00:00,0.3891107238345479,34.0,2064.0,8335.0,73.42358776,39,0.0021956979636174193
2019-10-15 06:00:00,0.3453072996433013,47.0,4386.0,8332.26,108.12574804,39,0.0024432834520166312
2019-10-15 07:00:00,0.5926427651224019,46.0,2133.0,8321.0,62.31792645,39,0.0017330830483150072
2019-10-15 08:00:00,0.4809477239058037,63.0,3846.0,8328.34,113.98515897,39,0.0020767950571777436
2019-10-15 09:00:00,0.1348728828478441,57.0,2462.0,8332.35,74.88286382,39,0.0013749782183207168
2019-10-15 10:00:00,0.6098325440603988,68.0,7950.0,8312.41,170.55450949000002,39,0.0036112648782413792
2019-10-15 11:00:00,0.4977749960467997,76.0,3636.0,8287.99,231.89991307,39,0.0037855882350456226
2019-10-15 12:00:00,0.4886201640288575,77.0,3876.0,8287.68,221.95178116,39,0.0039848355139578415
2019-10-15 13:00:00,0.4594800791554329,117.0,9483.0,8272.88,84.04859195,39,0.00237790251860938
2019-10-15 14:00:00,0.6874725193229844,113.0,9672.0,8310.57,170.82516657,39,0.004181871913262838
2019-10-15 15:00:00,0.6806400658155701,88.0,6147.0,8296.0,133.58062453,39,0.0027751793964185577
2019-10-15 16:00:00,0.6204808397514562,107.0,5634.0,8318.87,180.94044669,39,0.003004882544281796
2019-10-15 17:00:00,0.3759554071326682,107.0,5664.0,8305.0,102.02619281,39,0.002287486037020707
2019-10-15 18:00:00,0.6033270893906388,98.0,6543.0,8256.64,196.94461592,39,0.005602194762940203
2019-10-15 19:00:00,0.4025045769773844,88.0,4604.0,8321.26,572.64688678,39,0.010019839342619352
2019-10-15 20:00:00,0.4946830478157225,70.0,3649.0,8179.37,1042.51689546,39,0.017844584666258885
2019-10-15 21:00:00,0.5452999005148429,89.0,4231.0,8164.38,341.01949233,39,0.0027453971729059865
2019-10-15 22:00:00,0.5930622196484208,90.0,5415.0,8174.22,192.41100712,39,0.002967671836531615
2019-10-15 23:00:00,0.5809011679426688,75.0,4604.0,8179.18,154.09170969,39,0.001999238048168456
2019-10-16 00:00:00,0.7874775923307505,49.0,2595.0,8138.97,48.89369314,40,0.0017909895704863127
2019-10-16 01:00:00,0.7565810053094729,46.0,2091.0,8150.21,140.68963524,40,0.0037721045191148233
2019-10-16 02:00:00,0.663526794981338,48.0,4277.0,8136.0,58.83890002,40,0.0019980120237804103
2019-10-16 03:00:00,0.468128748613232,34.0,1238.0,8155.13,103.71091487,40,0.0036011740294089726
2019-10-16 04:00:00,0.6428537198811136,48.0,2416.0,8164.58,163.05874747,40,0.002522135378903204
2019-10-16 05:00:00,0.2790044809627751,30.0,2294.0,8168.8,47.14625675,40,0.0017062783363286061
2019-10-16 06:00:00,0.8243717601700863,34.0,1544.0,8152.3,30.73238281,40,0.0013978598341335884
2019-10-16 07:00:00,0.6927233617593264,35.0,3859.0,8164.06,93.16179062,40,0.0024710544123836566
2019-10-16 08:00:00,0.7677100795646359,63.0,4239.0,8159.41,29.34394035,40,0.0018286428352229222
2019-10-16 09:00:00,0.6209811765881387,50.0,6333.0,8167.2,74.4525905,40,0.0015613500446319006
2019-10-16 10:00:00,0.363516501102505,57.0,9111.0,8152.63,69.45208619,40,0.0014662359982094643
2019-10-16 11:00:00,0.9208673194476426,77.0,6260.0,8135.05,459.50819693,40,0.002725111950089127
2019-10-16 12:00:00,0.2138122237012513,109.0,7618.0,8138.33,251.88328447,40,0.004409829681998474
2019-10-16 13:00:00,0.4534066874437076,117.0,9950.0,8149.44,258.64486177,40,0.004398566142853651
2019-10-16 14:00:00,0.4584486456794864,143.0,18820.0,8148.5,219.74695334,40,0.002453033890245674
2019-10-16 15:00:00,0.4249452425339561,173.0,22932.0,8049.01,623.36003857,40,0.011331685896768725
2019-10-16 16:00:00,0.3822958453058794,141.0,30247.0,7979.95,1301.24048329,40,0.009310745692244323
2019-10-16 17:00:00,0.5901080355499702,133.0,13721.0,7995.03,720.83274532,40,0.003585384152889298
2019-10-16 18:00:00,0.4294585003969032,126.0,10213.0,7964.42,591.27703605,40,0.005050676581625068
2019-10-16 19:00:00,0.5069430377894815,98.0,7002.0,7944.0,1013.57361122,40,0.0039425180432126105
2019-10-16 20:00:00,0.3763657939334421,108.0,8878.0,7965.6,715.82343417,40,0.009377191793119386
2019-10-16 21:00:00,0.3143753567632367,120.0,17590.0,7971.61,450.23320861,40,0.0036141456923130823
2019-10-16 22:00:00,0.685499450744549,76.0,5282.0,7965.01,314.35983257,40,0.0016059892697161773
2019-10-16 23:00:00,0.3923994301135862,88.0,5308.0,7954.66,211.99014768,40,0.0035191194665786297
2019-10-17 00:00:00,0.3212223433331361,64.0,2715.0,7989.01,155.06832731,40,0.002086785669994834
2019-10-17 01:00:00,0.6389484426715519,67.0,3885.0,7977.13,131.32027445,40,0.0015113818707422732
2019-10-17 02:00:00,0.3732963049464451,79.0,5772.0,7999.3,512.01658415,40,0.0030987919415568057
2019-10-17 03:00:00,0.5954532895978558,48.0,3782.0,7995.89,206.17330187,40,0.0024293136133205252
2019-10-17 04:00:00,0.746715334324455,43.0,6496.0,7969.4,137.70054615,40,0.0035002249550923135
2019-10-17 05:00:00,0.9801603640605612,63.0,6814.0,7962.79,44.92597554,40,0.0019449691618603363
2019-10-17 06:00:00,0.4662041661256954,55.0,3278.0,7983.5,71.43841416,40,0.0024087732990384168
2019-10-17 07:00:00,0.3679083316048331,63.0,6388.0,7966.01,55.73341195,40,0.0018246615819394994
2019-10-17 08:00:00,0.6486359453963726,72.0,7644.0,7940.0,117.42897605,40,0.0025344516739847886
2019-10-17 09:00:00,0.4456603291984812,62.0,4009.0,7984.26,128.86343771,40,0.0031241323592822745
2019-10-17 10:00:00,0.4654212623453014,65.0,5340.0,7964.6,177.71275321,40,0.0028513076419650917
2019-10-17 11:00:00,0.5453336773827041,101.0,5956.0,7973.73,129.88164803,40,0.0024617460389113784
2019-10-17 12:00:00,0.5413666044354741,115.0,15352.0,8046.95,511.16304592,40,0.006972815742849221
2019-10-17 13:00:00,0.4768516016563851,104.0,13357.0,8052.66,221.85995023,40,0.004636816237527803
2019-10-17 14:00:00,0.4935047333244068,93.0,9771.0,8072.3,791.59577084,40,0.004207187982218854
2019-10-17 15:00:00,0.6308846383347677,104.0,5927.0,8065.0,465.1235048,40,0.0056597712085904315
2019-10-17 16:00:00,0.6141591134977543,117.0,9374.0,8045.84,363.90194441,40,0.004514880017464274
2019-10-17 17:00:00,0.5175695127777683,108.0,9630.0,8065.16,498.96670936,40,0.0027635282787043473
2019-10-17 18:00:00,0.5965749079173049,87.0,12202.0,8051.58,125.78560668,40,0.0032965967979990624
2019-10-17 19:00:00,0.4949119200252728,80.0,6213.0,8073.58,149.79269593,40,0.0038793081356743365
2019-10-17 20:00:00,0.5230166373316384,92.0,8664.0,8083.85,498.50305705,40,0.006106492307391411
2019-10-17 21:00:00,0.4261383245518493,64.0,5360.0,8087.63,239.36433211,40,0.002439663916558768
2019-10-17 22:00:00,0.4572657045383881,76.0,6407.0,8073.93,156.50798452,40,0.0014265261937185482
2019-10-17 23:00:00,0.5778204696391424,62.0,16441.0,8059.31,133.30619769,40,0.0023306226610839134
2019-10-18 00:00:00,0.724097521253009,62.0,6492.0,8050.18,93.23999641,40,0.002863379192897277
2019-10-18 01:00:00,0.2939343941028668,56.0,4279.0,8061.17,122.00771366,40,0.0025362296206038405
2019-10-18 02:00:00,0.482425386651877,44.0,2795.0,8054.19,87.92234567,40,0.003220752033314571
2019-10-18 03:00:00,0.5999271313151335,49.0,2592.0,8073.32,73.15997398,40,0.0028291761440504574
2019-10-18 04:00:00,0.4274636214179341,45.0,3624.0,8082.65,101.38730149,40,0.004294134374556966
2019-10-18 05:00:00,0.2466430890120603,53.0,1754.0,8112.69,99.93585714,40,0.002727057953196419
2019-10-18 06:00:00,0.6742557905864317,65.0,4718.0,8088.18,57.26366359,40,0.003203205136985701
2019-10-18 07:00:00,0.8484693870810913,58.0,5874.0,8072.58,47.68536109,40,0.0023487492678458907
2019-10-18 08:00:00,0.5063799800520494,50.0,1911.0,8075.68,33.00461646,40,0.002445946672541634
2019-10-18 09:00:00,0.2758977986592002,88.0,11330.0,7905.83,838.38100098,40,0.015004100896887449
2019-10-18 10:00:00,0.4445832921230117,71.0,8661.0,7924.33,622.78757679,40,0.005857275531674532
2019-10-18 11:00:00,0.738349922151298,71.0,5012.0,7911.74,154.99686382000002,40,0.002681002992641572
2019-10-18 12:00:00,0.6491827104792998,100.0,14587.0,7878.08,616.07533157,40,0.008282318481333737
2019-10-18 13:00:00,0.6834549647147479,133.0,17075.0,7906.76,220.51146561,40,0.0037485875454215246
2019-10-18 14:00:00,0.6434358641936495,93.0,8160.0,7904.79,313.53466425,40,0.003591035090179798
2019-10-18 15:00:00,0.6830508029110498,91.0,11614.0,7924.59,182.81402848,40,0.0030226366970284176
2019-10-18 16:00:00,0.6422068286155523,100.0,10090.0,7927.59,334.12626389,40,0.005553470906227818
2019-10-18 17:00:00,0.6694328918762099,90.0,8208.0,7938.61,348.89734425,40,0.004021707138562021
2019-10-18 18:00:00,0.7059064522943573,86.0,7040.0,7907.26,275.93101517,40,0.0032912989491249794
2019-10-18 19:00:00,0.7947403163185179,76.0,8122.0,7920.09,180.75638722,40,0.0030430440229421585
2019-10-18 20:00:00,0.8587779348592725,77.0,5213.0,7924.58,152.83201195,40,0.003241096446762627
2019-10-18 21:00:00,0.6519121016242274,77.0,10497.0,7941.12,279.43939952,40,0.0033162875473867603
2019-10-18 22:00:00,0.4918487962839765,80.0,4137.0,7936.8,240.70397594,40,0.005259755411018374
2019-10-18 23:00:00,0.5099744832057703,64.0,5592.0,7950.62,188.41539586,40,0.0028165185980792693
2019-10-19 00:00:00,0.9228828057845492,71.0,13586.0,7941.56,93.98485301,41,0.003421378436610457
2019-10-19 01:00:00,0.8697449268073663,51.0,6722.0,7953.45,38.50052162,41,0.002145786995497594
2019-10-19 02:00:00,0.5845849535917048,46.0,5791.0,7970.02,116.20660311,41,0.003740860164645549
2019-10-19 03:00:00,0.388693791104096,46.0,2217.0,7955.08,72.92203456,41,0.002569994058002787
2019-10-19 04:00:00,0.7669401861928813,42.0,4304.0,7931.35,88.43476571,41,0.003570771840375
2019-10-19 05:00:00,0.8333732209188793,29.0,2994.0,7922.3,34.37459548,41,0.0029147563983649713
2019-10-19 06:00:00,0.093825934076278,35.0,1840.0,7923.0,42.69090769,41,0.003387303261580745
2019-10-19 07:00:00,0.3965111058868944,47.0,10240.0,7949.71,82.89030879,41,0.0035961162706858937
2019-10-19 08:00:00,0.5201085317233604,47.0,5338.0,7952.6,72.25991856,41,0.002061956119482793
2019-10-19 09:00:00,0.586698133101487,62.0,5258.0,7937.57,85.27865697,41,0.002911056614553419
2019-10-19 10:00:00,0.413912720805274,63.0,4494.0,7939.73,171.07550581,41,0.002886250082576921
2019-10-19 11:00:00,0.4782786326330903,55.0,6647.0,7936.81,60.55480939,41,0.002229498127877493
2019-10-19 12:00:00,0.6977589980560636,70.0,10330.0,7964.81,160.74950096,41,0.005530197522252815
2019-10-19 13:00:00,0.5249180945301708,89.0,9742.0,7955.41,45.48501197,41,0.0024087639995097345
2019-10-19 14:00:00,0.5583095214186936,76.0,6661.0,7939.44,666.85209152,41,0.0027717921588421885
2019-10-19 15:00:00,0.7188466112294047,100.0,6592.0,7950.72,33.51707767,41,0.0022069650416640676
2019-10-19 16:00:00,0.4900695979614133,84.0,8010.0,8058.38,661.64324736,41,0.017810705790313738
2019-10-19 17:00:00,0.3650402222788191,64.0,4124.0,8020.84,365.02968723,41,0.0064175531390937264
2019-10-19 18:00:00,0.3364192038536711,62.0,5112.0,8016.22,80.04050868,41,0.0025128246959502695
2019-10-19 19:00:00,0.714496771587666,70.0,4389.0,7997.48,26.61664006,41,0.003070468918463106
2019-10-19 20:00:00,0.743662086052359,65.0,4881.0,7978.91,134.43128556,41,0.0038218470554591253
2019-10-19 21:00:00,0.5880987959958752,48.0,4162.0,8004.84,81.83336525,41,0.002537594840956008
2019-10-19 22:00:00,0.6478980315477311,58.0,3927.0,7984.25,95.89854645,41,0.0019164685999655978
2019-10-19 23:00:00,0.8350025267670476,47.0,7183.0,7978.82,37.78973567,41,0.002453505686202565
2019-10-20 00:00:00,0.3035476394911725,46.0,3716.0,7947.55,221.61385698,37,0.005092819249391484
2019-10-20 01:00:00,0.7599556912316354,39.0,1807.0,7959.0,91.28789894,37,0.0064754036222501735
2019-10-20 02:00:00,0.1446640998964948,33.0,2184.0,7941.61,95.03581919,37,0.0030622016599872936
2019-10-20 03:00:00,0.6459289913175563,46.0,2273.0,7960.49,25.74155018,37,0.002558066026258924
2019-10-20 04:00:00,0.4626764950575545,24.0,3951.0,7919.35,146.20942952,37,0.005251675425186459
2019-10-20 05:00:00,0.6153583501097399,18.0,1497.0,7901.59,314.47023854,37,0.0036856379738906954
2019-10-20 06:00:00,0.3104940618788924,36.0,1106.0,7904.77,182.30526955,37,0.0052260387764234
2019-10-20 07:00:00,0.3734743319990362,37.0,2975.0,7909.87,40.84795202,37,0.0023909171445243085
2019-10-20 08:00:00,0.6697996002957565,28.0,1431.0,7922.83,17.30103193,37,0.003260526569601369
2019-10-20 09:00:00,0.4619609808592313,46.0,4103.0,7915.08,15.25477763,37,0.002093226971720735
2019-10-20 10:00:00,1.1740809634427267,60.0,10558.0,7932.8,35.67503618,37,0.0034868415100333724
2019-10-20 11:00:00,0.6178374293807247,42.0,2498.0,7911.0,41.67236897,37,0.0026938924985062435
2019-10-20 12:00:00,0.3833098322450459,66.0,8391.0,7933.22,190.16360688,37,0.0036779079625795736
2019-10-20 13:00:00,0.673383059579786,68.0,5960.0,7955.0,237.16060566,37,0.006189684440556211
2019-10-20 14:00:00,0.4179653045247831,84.0,9658.0,7930.76,186.86695634,37,0.002998922836313192
2019-10-20 15:00:00,0.6111047345950118,80.0,5245.0,7941.79,41.93195276,37,0.0017401916218231551
2019-10-20 16:00:00,0.5741952967599133,69.0,4988.0,7956.11,171.97860654,37,0.00457951555523296
2019-10-20 17:00:00,0.5295316796553695,105.0,17917.0,7961.12,71.94361551,37,0.002203225746164985
2019-10-20 18:00:00,0.6744164689609803,82.0,7257.0,8011.84,520.2301055099999,37,0.004454185489443541
2019-10-20 19:00:00,0.3754432925029514,66.0,3930.0,8023.5,443.44054455,37,0.005363460734623517
2019-10-20 20:00:00,0.3196026182622604,105.0,5696.0,8075.07,499.42076273,37,0.005652608880994401
2019-10-20 21:00:00,0.4339530187793058,71.0,3974.0,8149.18,983.49561992,37,0.009904509101242173
2019-10-20 22:00:00,0.9127923201753928,52.0,6675.0,8145.83,210.01044819,37,0.004056435453453853
2019-10-20 23:00:00,0.2324757090681954,48.0,1728.0,8241.97,698.45019165,37,0.005249175740787625
2019-10-21 00:00:00,0.2472838672817331,42.0,2195.0,8224.87,1025.80884967,37,0.008539544170948501
2019-10-21 01:00:00,0.3662527086255137,47.0,2791.0,8212.4,116.4048918,37,0.004273274510649415
2019-10-21 02:00:00,0.3863950519131717,59.0,5002.0,8209.01,47.99772551,37,0.003487802909181377
2019-10-21 03:00:00,0.6197720407829215,33.0,1692.0,8235.74,119.88440316,37,0.0039059867044786835
2019-10-21 04:00:00,0.3948497172401277,28.0,1177.0,8214.43,229.3287967,37,0.0027678223156652358
2019-10-21 05:00:00,0.6671217533197437,47.0,1403.0,8237.48,45.44983301,37,0.0026722925674882323
2019-10-21 06:00:00,0.4144655519282821,37.0,2002.0,8252.52,77.41032317999999,37,0.004084450932444267
2019-10-21 07:00:00,0.4480484634917061,48.0,3046.0,8237.96,39.93782479,37,0.0032856274498683454
2019-10-21 08:00:00,0.4690388384826436,52.0,4294.0,8231.0,92.0691718,37,0.002498106242438209
2019-10-21 09:00:00,0.5416098196152249,68.0,6879.0,8242.6,40.88823641,37,0.003016096984471673
2019-10-21 10:00:00,0.6162327596332208,74.0,5317.0,8238.12,95.9533148,37,0.002397517314940214
2019-10-21 11:00:00,0.4265195656045021,89.0,8553.0,8230.84,82.894679,37,0.0027027059654880746
2019-10-21 12:00:00,0.3094564436166206,69.0,5246.0,8232.07,97.25899338,37,0.0026412000041845557
2019-10-21 13:00:00,0.4813356595584175,84.0,7319.0,8212.46,206.78817804,37,0.0026979384658231483
2019-10-21 14:00:00,0.4035418097319974,95.0,6590.0,8280.63,257.00335484,37,0.004512148349035913
2019-10-21 15:00:00,0.3035872910275226,111.0,6708.0,8237.35,305.38660822,37,0.004973415958927154
2019-10-21 16:00:00,0.3720218990357071,78.0,4866.0,8237.98,249.00264162,37,0.003541823169649814
2019-10-21 17:00:00,0.3596171528976092,76.0,3739.0,8240.16,202.6388293,37,0.0023082028409870518
2019-10-21 18:00:00,0.8225985950554298,103.0,11722.0,8263.09,250.50813608,37,0.0020246770179086224
2019-10-21 19:00:00,0.335754513919333,75.0,4396.0,8194.04,709.2879041,37,0.014635997977531736
2019-10-21 20:00:00,0.7180897979041504,83.0,6265.0,8182.17,354.38527288,37,0.003981569742197734
2019-10-21 21:00:00,0.4772799777013846,78.0,4438.0,8197.54,59.45980221,37,0.0019219711831699267
2019-10-21 22:00:00,0.655127413807169,71.0,5123.0,8176.3,104.96236578,37,0.004073144116475957
2019-10-21 23:00:00,0.5392528653113496,57.0,7044.0,8205.0,429.48139946,37,0.003336706683991585
2019-10-22 00:00:00,0.0894829184886967,45.0,2294.0,8203.22,476.286036,39,0.0016499840337102442
2019-10-22 01:00:00,0.5484566269235132,57.0,6127.0,8214.63,111.57233535,39,0.004029783163413983
2019-10-22 02:00:00,0.5109021117659455,46.0,1839.0,8194.27,46.02638718,39,0.002932258410828019
2019-10-22 03:00:00,0.9438308143566216,46.0,2028.0,8213.65,355.75374418,39,0.0025291034918947294
2019-10-22 04:00:00,0.3836255999735453,24.0,1433.0,8195.2,88.67374222,39,0.002504222080039465
2019-10-22 05:00:00,0.5705100460075734,35.0,1481.0,8178.27,123.98533468,39,0.003564555592303414
2019-10-22 06:00:00,0.5128172343864862,58.0,3219.0,8197.68,28.91183486,39,0.0026950507402564725
2019-10-22 07:00:00,0.3790348293913149,55.0,6136.0,8218.34,25.91549726,39,0.0021033972337772705
2019-10-22 08:00:00,0.7947786929719535,64.0,7091.0,8227.11,31.47199638,39,0.002625892744571752
2019-10-22 09:00:00,0.5798958717188079,67.0,6158.0,8220.17,33.77576877,39,0.0024599848331686622
2019-10-22 10:00:00,0.4735621347303873,71.0,6838.0,8212.61,56.82066276,39,0.0020905370126438516
2019-10-22 11:00:00,0.3846407585372021,85.0,4151.0,8224.13,90.97895576,39,0.0031858566903721444
2019-10-22 12:00:00,0.5451922312775952,80.0,5689.0,8267.49,172.06771005,39,0.0028798192942897107
2019-10-22 13:00:00,0.4999302165347492,101.0,7506.0,8281.01,281.71665582,39,0.003468283380081356
2019-10-22 14:00:00,0.6854565801560594,88.0,8889.0,8248.02,495.78053207,39,0.005055944457408704
2019-10-22 15:00:00,0.4933833173553739,95.0,6527.0,8286.6,171.00918506,39,0.0032989891516502596
2019-10-22 16:00:00,0.566525105611134,82.0,6406.0,8247.3,252.44736696,39,0.005541128267292883
2019-10-22 17:00:00,0.616354156990366,79.0,6159.0,8225.94,244.50379677,39,0.004649529666349227
2019-10-22 18:00:00,0.7108756660836473,94.0,6595.0,8202.53,657.93380282,39,0.008232689904868997
2019-10-22 19:00:00,0.6703826653246562,90.0,6856.0,8225.6,253.11893994,39,0.004552203945632572
2019-10-22 20:00:00,0.5547516083362818,107.0,8144.0,8204.21,137.46412642,39,0.003323866439076679
2019-10-22 21:00:00,0.3395106556235156,83.0,4190.0,8212.57,113.58410315,39,0.0022674033921251282
2019-10-22 22:00:00,0.5078456815509045,83.0,4328.0,8199.03,112.92969755,39,0.002089141428959627
2019-10-22 23:00:00,0.3070004709770553,62.0,3827.0,8169.23,865.29365682,39,0.0025555568017329336
2019-10-23 00:00:00,0.3115952350518554,53.0,3954.0,8122.59,686.75358051,33,0.009932406559380989
2019-10-23 01:00:00,0.3950313904466064,55.0,2959.0,8095.0,87.55664677,33,0.0014250388890848743
2019-10-23 02:00:00,0.5986183780436481,56.0,4347.0,8073.73,144.30578001,33,0.004431291995883628
2019-10-23 03:00:00,0.5528785619199941,68.0,3963.0,8025.9,521.93545718,33,0.007390412889084129
2019-10-23 04:00:00,0.3628681798495208,51.0,4594.0,8030.96,127.36853823,33,0.0037885904233178574
2019-10-23 05:00:00,0.1738509493042144,38.0,12020.0,8038.38,39.57211473,33,0.0019201016181178638
2019-10-23 06:00:00,1.2641715098372297,46.0,3863.0,8037.99,49.43050366,33,0.0023713260014141305
2019-10-23 07:00:00,1.6744735855828587,59.0,7424.0,7953.91,374.42546542,33,0.006839044958669647
2019-10-23 08:00:00,0.5103127307116367,76.0,4145.0,7967.6,230.91639838,33,0.005167831825477752
2019-10-23 09:00:00,0.6426834432632846,64.0,7679.0,7957.58,100.32685922,33,0.004896149382423449
2019-10-23 10:00:00,0.6456966552094255,75.0,7906.0,7970.0,100.16949928,33,0.003314120613899757
2019-10-23 11:00:00,0.646924865507883,93.0,7751.0,7957.01,186.92100195,33,0.0026135053613205515
2019-10-23 12:00:00,0.0705744930355153,158.0,10862.0,7974.6,243.59389972,33,0.0033400894604801814
2019-10-23 13:00:00,0.2049344486408958,280.0,20759.0,7967.95,40.11621311,33,0.0010708141556532585
2019-10-23 14:00:00,0.506568033235328,185.0,13018.0,8000.98,331.27311148,33,0.0035830612344860797
2019-10-23 15:00:00,0.4445545527130976,199.0,12975.0,7963.26,149.18729846,33,0.00442693710375056
2019-10-23 16:00:00,0.558982429931813,177.0,14883.0,7536.77,2623.08850669,33,0.033033222269782114
2019-10-23 17:00:00,0.5201678045134548,147.0,10151.0,7476.25,2109.32869491,33,0.014461377351788209
2019-10-23 18:00:00,0.7626794386623866,123.0,11287.0,7469.25,1029.15477856,33,0.005740767501907913
2019-10-23 19:00:00,0.5061860288683216,118.0,10800.0,7427.57,567.39095375,33,0.004364877632277387
2019-10-23 20:00:00,0.3208978127918344,108.0,7193.0,7471.91,1717.47550262,33,0.019447534225579294
2019-10-23 21:00:00,0.3472844170149843,101.0,7791.0,7496.89,392.59078731,33,0.004521194498865531
2019-10-23 22:00:00,0.3214347991133177,85.0,9244.0,7512.96,743.36536695,33,0.004486155100757353
2019-10-23 23:00:00,0.3176526597918603,101.0,7479.0,7487.76,553.47139108,33,0.003582729885681705
2019-10-24 00:00:00,0.4288179046045676,94.0,7542.0,7487.69,123.651679,20,0.0034296904936858908
2019-10-24 01:00:00,0.2544697604843485,63.0,3716.0,7433.14,490.08598103,20,0.004272070009816713
2019-10-24 02:00:00,0.4304061998427647,57.0,3829.0,7426.46,502.39593572,20,0.00657888776214281
2019-10-24 03:00:00,0.3683510992898359,52.0,3455.0,7470.77,480.88217966,20,0.0054116038584467105
2019-10-24 04:00:00,0.1501028847933905,37.0,4379.0,7470.0,102.99628305,20,0.00430265719853532
2019-10-24 05:00:00,0.4008007182884821,55.0,3748.0,7443.76,282.00355643,20,0.0051986074131013665
2019-10-24 06:00:00,0.3154685332191225,72.0,5367.0,7431.1,99.86412538,20,0.003719393628866754
2019-10-24 07:00:00,0.5026374090605907,68.0,4351.0,7415.92,118.5160095,20,0.0033134876247337018
2019-10-24 08:00:00,0.3281130825004019,60.0,6655.0,7424.23,111.30721774,20,0.0032467039276887653
2019-10-24 09:00:00,0.296370571354944,70.0,5828.0,7419.31,182.1375308,20,0.0018636247574581972
2019-10-24 10:00:00,0.6754617627828949,76.0,5936.0,7374.65,399.5243574,20,0.0057372103359971385
2019-10-24 11:00:00,0.507974362247909,101.0,20438.0,7431.76,469.07676416,20,0.006193167546258727
2019-10-24 12:00:00,0.6326119092279854,120.0,8004.0,7462.46,235.6794164,20,0.006841307276883486
2019-10-24 13:00:00,0.3236222814209037,112.0,12036.0,7455.84,246.49859969,20,0.003866607370939788
2019-10-24 14:00:00,0.4372390226050843,113.0,8562.0,7454.9,132.58456807,20,0.003055685561798881
2019-10-24 15:00:00,0.3696743394599788,128.0,11861.0,7437.0,136.49871059,20,0.0020637322316586835
2019-10-24 16:00:00,0.7419305071676809,107.0,7826.0,7457.29,272.89323227,20,0.003792836615988458
2019-10-24 17:00:00,0.4381204836218868,104.0,6238.0,7461.57,334.46025342,20,0.0029197147700593755
2019-10-24 18:00:00,0.3425238020492812,108.0,12949.0,7479.86,376.95530134,20,0.005093464136354932
2019-10-24 19:00:00,0.5349372961068672,98.0,7088.0,7449.33,320.30702145,20,0.005567066329978956
2019-10-24 20:00:00,0.4677267044971389,79.0,7518.0,7462.4,110.74120447,20,0.003320262523373664
2019-10-24 21:00:00,0.4447286893337153,70.0,7311.0,7450.0,177.82380094,20,0.003500524984596338
2019-10-24 22:00:00,0.3486049933250508,75.0,7585.0,7456.48,237.12889167,20,0.002120974707740177
2019-10-24 23:00:00,0.594033086490809,68.0,3962.0,7484.84,212.22185269,20,0.0025547845920648213
2019-10-25 00:00:00,0.6207009773249026,67.0,3046.0,7453.03,119.85882807,24,0.002427248857775117
2019-10-25 01:00:00,0.8413650416069791,49.0,6612.0,7442.89,75.6418894,24,0.0024743010878661435
2019-10-25 02:00:00,0.424584224783019,46.0,1955.0,7460.94,35.96549807,24,0.0025252871176288352
2019-10-25 03:00:00,0.6282432016120109,44.0,3500.0,7435.0,206.7381805,24,0.0047031716208661865
2019-10-25 04:00:00,0.3769131649075051,42.0,1860.0,7435.01,135.49411715,24,0.0018604254666054444
2019-10-25 05:00:00,0.3798925972690654,25.0,2867.0,7453.24,72.96065831,24,0.0019082653024685866
2019-10-25 06:00:00,0.5655358984944462,42.0,3309.0,7446.63,49.23859187,24,0.002875790837218892
2019-10-25 07:00:00,0.1837644968742234,57.0,4764.0,7450.0,65.17430387,24,0.0015479572116126581
2019-10-25 08:00:00,0.2970442449306157,95.0,3184.0,7436.2,65.02284668,24,0.001830848149502142
2019-10-25 09:00:00,0.4338370462149676,55.0,4688.0,7449.85,312.68991748,24,0.006776779426912784
2019-10-25 10:00:00,0.4182084561167005,66.0,3018.0,7454.13,537.83353162,24,0.0030864439867959005
2019-10-25 11:00:00,0.3250419686852546,106.0,7102.0,7477.75,324.97740809,24,0.0024344391974066826
2019-10-25 12:00:00,0.4644906604881889,126.0,14550.0,7455.91,197.7771143,24,0.003900588427665421
2019-10-25 13:00:00,0.3956701622126882,110.0,7193.0,7465.2,95.1855045,24,0.002394423852689192
2019-10-25 14:00:00,0.7981059315600272,99.0,10396.0,7599.35,1211.52333352,24,0.011433006173235869
2019-10-25 15:00:00,0.5345180665074268,203.0,19121.0,7591.1,989.60004425,24,0.007347914297991967
2019-10-25 16:00:00,0.4562131943405673,303.0,32590.0,7625.97,478.2938069,24,0.006467860158608927
2019-10-25 17:00:00,0.5203286831929217,247.0,18895.0,7681.95,342.60602533,24,0.005751822864783924
2019-10-25 18:00:00,0.6907284751753541,177.0,16712.0,7674.85,382.08000516,24,0.0044833982836268525
2019-10-25 19:00:00,0.7893502034868185,136.0,12270.0,8295.73,3298.55137488,24,0.056395855939917236
2019-10-25 20:00:00,0.2895096079893445,106.0,18160.0,8408.34,2271.94236198,24,0.015418230537569508
2019-10-25 21:00:00,0.418340365072639,87.0,8289.0,8500.17,2490.37861453,24,0.031170141329669384
2019-10-25 22:00:00,0.1107756130744123,106.0,16308.0,8634.38,1613.15561438,24,0.013856169196188695
2019-10-25 23:00:00,0.4009672716432573,80.0,3856.0,8638.39,1169.09831712,24,0.010592385874487457
2019-10-26 00:00:00,0.2808595608375712,175.0,16647.0,8567.68,590.75562063,53,0.006635049771316241
2019-10-26 01:00:00,0.4620840047200724,336.0,27121.0,8600.29,380.23813035,53,0.005976287297543956
2019-10-26 02:00:00,0.5292868129546595,300.0,40078.0,8603.11,1465.87554059,53,0.012268766960892874
2019-10-26 03:00:00,0.4984759282677988,164.0,12066.0,8662.66,573.34271273,53,0.004323878172944732
2019-10-26 04:00:00,0.6233298889976411,99.0,7686.0,9211.14,3935.92706114,53,0.05004455021779664
2019-10-26 05:00:00,0.3616647387419007,122.0,12972.0,10110.42,5907.92421843,53,0.059224770770572636
2019-10-26 06:00:00,0.5101124888037759,124.0,8782.0,9682.62,3653.12895901,53,0.044342164134329676
2019-10-26 07:00:00,0.3480248396289407,123.0,7816.0,9599.49,2241.1749199,53,0.018971170445334154
2019-10-26 08:00:00,0.4093485151097643,124.0,8679.0,9643.11,941.27975073,53,0.013175533221586782
2019-10-26 09:00:00,0.2858299039865968,116.0,11936.0,9618.45,767.03619817,53,0.01364623237174699
2019-10-26 10:00:00,0.635809595510095,105.0,8292.0,9616.33,998.35685814,53,0.007624548146214938
2019-10-26 11:00:00,0.3157226196270943,99.0,5418.0,9504.2,2282.23308993,53,0.024143787306756915
2019-10-26 12:00:00,0.3557581537160678,92.0,6299.0,9379.6,1911.07993931,53,0.00975570542802672
2019-10-26 13:00:00,0.6249018439155449,114.0,11105.0,9167.95,2748.25060527,53,0.024829890754132243
2019-10-26 14:00:00,0.3249430967674122,100.0,6927.0,9252.92,955.67626805,53,0.01544977661514826
2019-10-26 15:00:00,0.582839348648786,134.0,16461.0,9239.28,876.55285905,53,0.014243134809945358
2019-10-26 16:00:00,0.2615154875116208,119.0,15457.0,9281.77,1218.13448201,53,0.019046721689560862
2019-10-26 17:00:00,0.3995733299907273,90.0,6026.0,9111.9,1260.05787941,53,0.011145347389268217
2019-10-26 18:00:00,0.521455060401986,79.0,4371.0,9176.48,829.14883351,53,0.013069875579908508
2019-10-26 19:00:00,0.8127217333770678,83.0,12127.0,9205.75,1068.64010863,53,0.013346913310575576
2019-10-26 20:00:00,0.755924045506721,81.0,6119.0,9180.69,1526.23227711,53,0.015337463272165317
2019-10-26 21:00:00,0.549778091982689,61.0,4206.0,9148.65,440.51550358,53,0.0074630708243986965
2019-10-26 22:00:00,0.4601416425673444,59.0,7667.0,9089.63,1638.87778566,53,0.022021182682532583
2019-10-26 23:00:00,0.4990507016030596,52.0,2336.0,9022.09,1792.99336962,53,0.019803869657120936
2019-10-27 00:00:00,0.4402378001887689,62.0,3813.0,9125.46,611.24119105,50,0.011507359443658246
2019-10-27 01:00:00,0.7695681433665016,41.0,4987.0,9250.0,281.4425034,50,0.010083094728859847
2019-10-27 02:00:00,0.4856596911606715,46.0,6557.0,9176.55,370.84305449,50,0.009250626538238148
2019-10-27 03:00:00,0.4409854470256711,50.0,5232.0,9252.75,495.05253916,50,0.01202811772516651
2019-10-27 04:00:00,0.4646311362251556,45.0,2321.0,9246.88,1186.79921243,50,0.014435413569995384
2019-10-27 05:00:00,0.6212184076851544,44.0,2915.0,9185.05,482.19782103,50,0.009563622170615058
2019-10-27 06:00:00,0.5450607630790573,52.0,18638.0,9201.73,153.81941894,50,0.003080842399118852
2019-10-27 07:00:00,0.3493700891386961,47.0,2363.0,9158.94,147.68525641,50,0.005681832390797731
2019-10-27 08:00:00,0.5771139925981742,59.0,3143.0,9130.65,220.46742353,50,0.0060626396142341825
2019-10-27 09:00:00,0.5975899120238701,58.0,2481.0,9211.93,134.60370182,50,0.004255029145916995
2019-10-27 10:00:00,0.7245078732060637,46.0,3691.0,9211.39,130.6662209,50,0.0037678531459818384
2019-10-27 11:00:00,0.0997467538118336,76.0,5788.0,9183.53,231.46385344,50,0.0061774292976265665
2019-10-27 12:00:00,0.2769549365250868,80.0,9734.0,9272.88,560.09215146,50,0.008950976233965536
2019-10-27 13:00:00,0.5931053923849938,88.0,6135.0,9255.17,241.9989863,50,0.006022210969069318
2019-10-27 14:00:00,0.681281804706983,104.0,9246.0,9410.0,725.07156057,50,0.01042105902811144
2019-10-27 15:00:00,0.558408984473797,101.0,6805.0,9296.14,2456.62946683,50,0.030972232074666112
2019-10-27 16:00:00,0.7630453457059262,111.0,8545.0,9327.02,474.92458752,50,0.009564287095575129
2019-10-27 17:00:00,0.5243554181244727,102.0,5137.0,9470.19,1000.27936637,50,0.014773015758795152
2019-10-27 18:00:00,0.4560992687408189,113.0,8266.0,9549.0,1108.34505473,50,0.015274816366283195
2019-10-27 19:00:00,0.6814668300217165,91.0,7970.0,9544.94,713.82290063,50,0.013292793625623163
2019-10-27 20:00:00,0.7748240743419497,69.0,7742.0,9696.15,2210.42435717,50,0.026842145002445174
2019-10-27 21:00:00,0.6160204176198438,76.0,3658.0,9682.71,581.516633,50,0.009834586906559058
2019-10-27 22:00:00,0.1719184417534367,75.0,5153.0,9659.14,556.99817852,50,0.00615957168501114
2019-10-27 23:00:00,0.6594654127532789,69.0,3059.0,9730.38,809.19693627,50,0.012376387192076111
2019-10-28 00:00:00,0.553787559025569,56.0,2364.0,9631.64,1499.42064014,52,0.014523051067718373
2019-10-28 01:00:00,0.4360657730728161,91.0,8881.0,9630.16,478.05930557,52,0.015883472031818956
2019-10-28 02:00:00,0.7242291403792671,70.0,4876.0,9578.25,974.68765667,52,0.013193859045840034
2019-10-28 03:00:00,0.7940246818728444,60.0,3576.0,9557.08,703.85446569,52,0.010982348043672745
2019-10-28 04:00:00,0.3853796087459523,39.0,2111.0,9730.0,517.80246454,52,0.006391140192249957
2019-10-28 05:00:00,0.3314369627004355,53.0,3043.0,9756.39,2522.1689448,52,0.020954225437195596
2019-10-28 06:00:00,0.4761283507522148,65.0,4603.0,9759.11,709.61087438,52,0.010370839786173678
2019-10-28 07:00:00,0.6580265781239217,64.0,7826.0,9644.78,457.86624796,52,0.007199527264321204
2019-10-28 08:00:00,0.508338926955079,79.0,6203.0,9638.27,460.08017464,52,0.008263050141247992
2019-10-28 09:00:00,0.5987554077523775,74.0,4665.0,9625.92,177.5569864,52,0.0059664335288443235
2019-10-28 10:00:00,0.4917796709537987,86.0,6607.0,9461.91,825.18510184,52,0.0176048896436905
2019-10-28 11:00:00,0.534438665919795,78.0,10620.0,9458.64,839.61806988,52,0.008824221296617423
2019-10-28 12:00:00,0.337036484501638,104.0,10844.0,9373.04,651.10676358,52,0.011676481426175512
2019-10-28 13:00:00,0.4076674722448979,143.0,16122.0,9422.21,462.26059516,52,0.0071360285644603
2019-10-28 14:00:00,0.678414918317948,124.0,7132.0,9433.62,545.9832739,52,0.009207240836265253
2019-10-28 15:00:00,0.5429343817187002,109.0,7724.0,9425.37,292.11870429,52,0.007897218644634264
2019-10-28 16:00:00,0.5303919675835188,108.0,8376.0,9340.0,865.9812061700001,52,0.011602932018485704
2019-10-28 17:00:00,0.5937937036121186,106.0,7562.0,9383.5,665.01190117,52,0.009254269505271551
2019-10-28 18:00:00,0.2839520974427064,102.0,9860.0,9345.25,794.31063936,52,0.005556865206601221
2019-10-28 19:00:00,0.4720931641381346,76.0,4440.0,9399.0,427.12673129,52,0.0060282444790700825
2019-10-28 20:00:00,0.5477234581948237,99.0,7075.0,9369.47,267.99715265,52,0.005715389908562292
2019-10-28 21:00:00,0.4717232331048794,83.0,4705.0,9371.81,135.15655686,52,0.0036925010562436195
2019-10-28 22:00:00,0.4295167040514171,67.0,2905.0,9373.09,720.22823354,52,0.011366458315587613
2019-10-28 23:00:00,0.6024446752141307,66.0,3380.0,9417.04,248.91278756,52,0.005712263429479734
2019-10-29 00:00:00,0.6999057362429154,73.0,7183.0,9464.11,162.56954449,54,0.006022108559601915
2019-10-29 01:00:00,0.6912990904826558,69.0,4011.0,9467.51,251.26782314,54,0.005400490673522935
2019-10-29 02:00:00,0.5325235361953904,55.0,4723.0,9459.03,143.84995687,54,0.006045077838652559
2019-10-29 03:00:00,0.7179398911920486,46.0,4898.0,9216.44,1578.24786349,54,0.01995375343215847
2019-10-29 04:00:00,0.536207665829616,52.0,4401.0,9280.55,185.91696888,54,0.006252972055988886
2019-10-29 05:00:00,0.218017075325517,40.0,4978.0,9302.81,174.53795505,54,0.0065961478246963036
2019-10-29 06:00:00,0.5568574520831557,35.0,1568.0,9263.13,51.27440579,54,0.004208512182639707
2019-10-29 07:00:00,0.4631529266982716,56.0,4047.0,9294.44,130.33899514,54,0.005060872403121197
2019-10-29 08:00:00,0.3782814547790972,76.0,11192.0,9423.09,745.4555805,54,0.01070548679717261
2019-10-29 09:00:00,0.3602006859163636,91.0,7416.0,9404.28,881.68933164,54,0.016020354258678052
2019-10-29 10:00:00,0.3789430509635379,79.0,6291.0,9446.01,393.45692086,54,0.007078744209033272
2019-10-29 11:00:00,0.5012986783263902,100.0,5910.0,9459.27,276.93329169000003,54,0.004753305167013727
2019-10-29 12:00:00,0.366775222299127,94.0,6877.0,9426.64,306.17213362,54,0.005337227615142516
2019-10-29 13:00:00,0.5242783970543315,93.0,13448.0,9393.18,483.17941055,54,0.0050661413854188875
2019-10-29 14:00:00,0.3560110062430117,119.0,7936.0,9461.83,460.14061494,54,0.007278242426428694
2019-10-29 15:00:00,0.5486987134285736,115.0,9444.0,9451.77,268.60527591,54,0.006240810155590818
2019-10-29 16:00:00,0.6355152396929326,117.0,10936.0,9418.3,335.84333377,54,0.007850113321841679
2019-10-29 17:00:00,0.8506313781211118,96.0,16425.0,9345.59,606.87412882,54,0.012586221353054929
2019-10-29 18:00:00,0.3998879723035949,94.0,9026.0,9375.31,343.98731931,54,0.005128580200150378
2019-10-29 19:00:00,0.4403950482970238,109.0,7220.0,9358.95,197.95518013,54,0.004335046206087538
2019-10-29 20:00:00,0.4995630697282224,110.0,7388.0,9313.41,217.25151571,54,0.0052919943486437636
2019-10-29 21:00:00,0.6061620492418947,80.0,5862.0,9333.88,143.12105606,54,0.006411506061640577
2019-10-29 22:00:00,0.4805495314357823,78.0,6430.0,9364.25,151.11343744,54,0.00730041199699163
2019-10-29 23:00:00,0.5702734974889841,84.0,4121.0,9244.21,1015.69572137,54,0.02551969493991022
2019-10-30 00:00:00,0.6648125327481504,64.0,4125.0,9446.5,1121.58128472,53,0.01680640669251508
2019-10-30 01:00:00,0.5968626526976403,54.0,2697.0,9416.5,241.12885861,53,0.003992986979261371
2019-10-30 02:00:00,0.5475109027247073,53.0,2683.0,9463.13,178.34268582,53,0.003518357458915901
2019-10-30 03:00:00,0.7102412557866694,41.0,2296.0,9426.94,149.01617221,53,0.0037401051799819986
2019-10-30 04:00:00,0.5510453778978901,49.0,4248.0,9370.01,430.35488061,53,0.013077140564393522
2019-10-30 05:00:00,0.2619888148153566,36.0,1670.0,9403.66,277.41824408,53,0.010360748469124496
2019-10-30 06:00:00,0.5023383971349863,47.0,5377.0,9316.5,112.96646006,53,0.008204936630668642
2019-10-30 07:00:00,0.6781887575450746,55.0,6112.0,9289.32,103.10750518,53,0.004930535237587056
2019-10-30 08:00:00,0.6957946784345579,70.0,4473.0,9256.6,454.79017783,53,0.010538028396005024
2019-10-30 09:00:00,0.0952168033463813,66.0,4004.0,9205.79,340.37769461,53,0.006841956186864939
2019-10-30 10:00:00,0.3867361249370273,64.0,2813.0,9236.53,179.62428583,53,0.003186151902828146
2019-10-30 11:00:00,0.3277676503131065,91.0,7456.0,9175.63,334.69698628,53,0.006576601746610731
2019-10-30 12:00:00,0.499231026439378,102.0,9672.0,9206.56,428.65814128,53,0.0048357440482054755
2019-10-30 13:00:00,0.4348041272454446,96.0,5907.0,9223.3,125.87321961,53,0.00420399928390806
2019-10-30 14:00:00,0.3686368971586696,98.0,6984.0,9116.01,1413.7208922,53,0.013902228819177685
2019-10-30 15:00:00,0.668428992058575,111.0,11026.0,9101.58,623.60039918,53,0.007773495802326779
2019-10-30 16:00:00,0.5337019411381468,107.0,10652.0,9124.04,434.16517237,53,0.007096367124052768
2019-10-30 17:00:00,0.491095826700717,101.0,5796.0,9045.1,396.62344147,53,0.0059197971990815655
2019-10-30 18:00:00,0.4669705551343755,97.0,4894.0,9087.64,386.36283001,53,0.008019548672555988
2019-10-30 19:00:00,0.4826463310973085,102.0,10387.0,9104.61,654.7185644900001,53,0.011341591874078929
2019-10-30 20:00:00,0.4381611644308172,86.0,4662.0,9071.25,550.30627092,53,0.011814287113696883
2019-10-30 21:00:00,0.6604246472189558,87.0,21081.0,9116.09,240.11752897,53,0.005266276149339867
2019-10-30 22:00:00,0.2240253283091673,68.0,6414.0,9164.92,236.75934138,53,0.0031016942786801305
2019-10-30 23:00:00,0.2977141433162686,90.0,9017.0,9206.51,324.33055915,53,0.003243103029449661
2019-10-31 00:00:00,0.5503730983175306,65.0,3678.0,9182.96,279.43541836,50,0.005219306292140772
2019-10-31 01:00:00,0.4874651695333091,58.0,3562.0,9150.1,205.19334933,50,0.0013477781527677238
2019-10-31 02:00:00,0.5751302774298906,51.0,4732.0,9231.39,179.06432745,50,0.004678638441407076
2019-10-31 03:00:00,0.4513120057302377,44.0,2478.0,9159.94,102.17235753,50,0.0032836496091306782
2019-10-31 04:00:00,0.8797300913844639,33.0,1611.0,9149.87,157.76813204,50,0.005459703901184721
2019-10-31 05:00:00,0.9914045688969254,50.0,4653.0,9063.81,410.99726568,50,0.004541663578905934
2019-10-31 06:00:00,0.4604091694968155,62.0,5424.0,9098.6,48.49144442,50,0.004814935577196848
2019-10-31 07:00:00,0.5092751725426511,50.0,1965.0,9110.37,166.05370352,50,0.004370782446095508
2019-10-31 08:00:00,0.3859553510646238,62.0,5961.0,9087.91,124.41550587,50,0.002510579565281214
2019-10-31 09:00:00,0.4614784698351064,77.0,5492.0,9176.82,225.73757893,50,0.006779050647370819
2019-10-31 10:00:00,0.4663092008687488,115.0,11243.0,9122.8,506.77861021,50,0.008838397647824315
2019-10-31 11:00:00,0.4779230201888501,90.0,15891.0,9104.83,496.4469007,50,0.0032760407769819944
2019-10-31 12:00:00,0.6824116048533032,121.0,10173.0,9124.0,212.4472863,50,0.003984124412853347
2019-10-31 13:00:00,0.5563380096685749,175.0,21873.0,9048.24,558.89164138,50,0.005467663300588277
2019-10-31 14:00:00,0.7805388788225253,138.0,10431.0,9094.96,1172.17321768,50,0.009948360250549947
2019-10-31 15:00:00,0.8396558757889926,107.0,16996.0,9131.44,247.99196693,50,0.006901060701274264
2019-10-31 16:00:00,0.6498162070853543,103.0,7916.0,9327.23,1911.20983673,50,0.019721620409159212
2019-10-31 17:00:00,1.0334172893775453,115.0,12584.0,9308.21,323.38287314,50,0.004428458746966529
2019-10-31 18:00:00,0.7228980892971772,98.0,7476.0,9267.75,305.24780003,50,0.0044157662936055945
2019-10-31 19:00:00,0.5249863255759004,109.0,11040.0,9244.37,383.290101,50,0.007414161208221321
2019-10-31 20:00:00,0.2594624023902347,70.0,3836.0,9258.52,299.05566032,50,0.004052741222539505
2019-10-31 21:00:00,0.3094361325027149,100.0,11179.0,9261.2,175.25007351,50,0.003141749173132321
2019-10-31 22:00:00,0.703285487149988,79.0,4768.0,9246.07,168.41738534,50,0.005648403311935657
2019-10-31 23:00:00,0.5809398078373815,62.0,6084.0,9235.75,244.90603835,50,0.004001699398334232
2019-11-01 00:00:00,0.560958309694684,60.0,4922.0,9190.81,840.32898403,49,0.009139209647893548
2019-11-01 01:00:00,0.6759204255207867,51.0,2320.0,9135.69,955.82929881,49,0.013550943815750246
2019-11-01 02:00:00,0.4679740516185187,41.0,1735.0,9127.5,108.12264288,49,0.005983639006832834
2019-11-01 03:00:00,0.8229385562899786,50.0,4358.0,9150.07,69.92546149,49,0.003948849919674907
2019-11-01 04:00:00,0.7166371377375549,41.0,1667.0,9134.08,125.02529419,49,0.003167806611098977
2019-11-01 05:00:00,0.3878354344820649,42.0,1939.0,9115.72,62.13886283,49,0.004055429468923155
2019-11-01 06:00:00,0.4741873195453528,39.0,1238.0,9128.76,124.82231775,49,0.006249740789679758
2019-11-01 07:00:00,0.8630971793815685,54.0,5426.0,9076.03,135.70415988,49,0.004786617752049359
2019-11-01 08:00:00,0.9814861739995192,70.0,7315.0,9103.73,72.32844132,49,0.00468158847447194
2019-11-01 09:00:00,0.7194868783351553,71.0,4558.0,9092.65,58.9838391,49,0.002615620395496275
2019-11-01 10:00:00,0.3754758502636008,74.0,4853.0,9140.0,105.80779404,49,0.004456423715106924
2019-11-01 11:00:00,0.5720651368084196,77.0,8141.0,9120.0,223.97466033,49,0.003129641064678862
2019-11-01 12:00:00,0.5794397770837154,90.0,11921.0,9161.67,202.50136306,49,0.00513584922563021
2019-11-01 13:00:00,0.3697153585913927,115.0,13504.0,9119.92,134.26983961,49,0.0034541048436301847
2019-11-01 14:00:00,0.8538101699208361,108.0,10902.0,9178.0,378.90974514,49,0.004946201248381586
2019-11-01 15:00:00,0.4520582343702263,94.0,12090.0,9173.18,1235.28845084,49,0.011665882243739814
2019-11-01 16:00:00,0.3972614841513225,121.0,13008.0,9204.61,368.76061149,49,0.006019853566732023
2019-11-01 17:00:00,0.6058267057631962,83.0,4552.0,9126.02,539.50034351,49,0.010828636029109658
2019-11-01 18:00:00,0.5016536999509892,69.0,6756.0,9132.3,742.26702145,49,0.005460283644541849
2019-11-01 19:00:00,0.4969111690151436,92.0,7427.0,9096.79,473.11610152,49,0.01320948970581805
2019-11-01 20:00:00,0.4924547923214739,61.0,4008.0,9159.77,617.40426157,49,0.008947670424910714
2019-11-01 21:00:00,0.4111482849356596,81.0,4603.0,9166.15,228.07846218,49,0.005070542068680099
2019-11-01 22:00:00,0.4329529152790252,74.0,6843.0,9190.49,183.87802664,49,0.004311714364315211
2019-11-01 23:00:00,0.4841734900585211,50.0,2981.0,9184.7,127.70305497,49,0.0042376769460894
2019-11-02 00:00:00,0.6911922073495118,66.0,8278.0,9213.57,109.07703396,51,0.0030384717617961345
2019-11-02 01:00:00,0.440509642147222,42.0,2172.0,9277.99,162.50861618000002,51,0.005703054531485006
2019-11-02 02:00:00,0.5992542862496397,38.0,1594.0,9204.47,149.03278037,51,0.005580453159184781
2019-11-02 03:00:00,0.1891450295749149,33.0,4952.0,9250.45,79.47130263,51,0.003979991865315532
2019-11-02 04:00:00,0.4595972866577774,31.0,1793.0,9275.26,114.53246357,51,0.00384876680593378
2019-11-02 05:00:00,0.7480486411143473,29.0,1461.0,9252.83,49.65086205,51,0.0032558105206774413
2019-11-02 06:00:00,1.0639244758213506,36.0,2634.0,9264.54,36.33914344,51,0.003764122673488093
2019-11-02 07:00:00,0.5926564015874783,33.0,2554.0,9260.0,70.42798736,51,0.0023706555322985886
2019-11-02 08:00:00,0.7049778870021817,49.0,3490.0,9223.76,135.93836322,51,0.0022119814803646556
2019-11-02 09:00:00,1.299446540863777,41.0,8246.0,9229.86,49.63255179,51,0.0028396469988390986
2019-11-02 10:00:00,0.4751882280482509,45.0,2383.0,9233.88,501.46869825,51,0.0033895093466227754
2019-11-02 11:00:00,0.4049234086886888,58.0,4430.0,9232.55,37.12852973,51,0.0022948953218987524
2019-11-02 12:00:00,0.4294498992992246,75.0,7592.0,9223.0,50.20260025,51,0.003422711086999001
2019-11-02 13:00:00,0.4549465152199634,66.0,6439.0,9224.76,30.51099205,51,0.0017475946930019964
2019-11-02 14:00:00,0.7082216301274189,76.0,7564.0,9234.74,46.46608046,51,0.0013964627772272168
2019-11-02 15:00:00,0.6345566197007882,72.0,6185.0,9257.15,43.46636851,51,0.0028185222632978874
2019-11-02 16:00:00,0.4710865353560675,59.0,3095.0,9333.42,424.33912334,51,0.011303981188620396
2019-11-02 17:00:00,0.648455188708065,80.0,5621.0,9372.57,172.16946258,51,0.005525974937909075
2019-11-02 18:00:00,0.7722511724596083,75.0,6029.0,9330.45,110.65478202,51,0.0019557583889183326
2019-11-02 19:00:00,0.7106226970362745,101.0,9575.0,9333.26,84.06188285,51,0.003968452586338279
2019-11-02 20:00:00,0.7243258991202789,78.0,7757.0,9336.14,50.90078976,51,0.003665871705626894
2019-11-02 21:00:00,0.855050962809971,72.0,5775.0,9304.99,162.31380524,51,0.0039517069374979735
2019-11-02 22:00:00,0.4967738288686603,66.0,4290.0,9297.54,55.78350655,51,0.002462775699039741
2019-11-02 23:00:00,0.3614431773652154,59.0,5128.0,9327.99,54.71582276,51,0.0034612248924010152
2019-11-03 00:00:00,0.6179509606795451,34.0,2539.0,9322.05,30.03598694,56,0.0030975836827179786
2019-11-03 01:00:00,0.3900828581217998,52.0,2238.0,9292.15,39.10771889,56,0.0026263355473502246
2019-11-03 02:00:00,0.6617081382169201,47.0,3951.0,9302.99,48.82489933,56,0.0024974211722108295
2019-11-03 03:00:00,0.5513781055994204,44.0,4416.0,9304.75,302.46454184,56,0.0027234409704590796
2019-11-03 04:00:00,0.3987458142498163,36.0,1923.0,9326.87,102.22993239,56,0.0024152401949029964
2019-11-03 05:00:00,0.6521601982618941,41.0,3473.0,9332.43,25.5215022,56,0.0013050557050562402
2019-11-03 06:00:00,0.513240291884872,26.0,1313.0,9290.92,18.02631651,56,0.0031278451063320666
2019-11-03 07:00:00,0.2949456929771111,37.0,1358.0,9375.27,73.07824998,56,0.0033919248664324706
2019-11-03 08:00:00,0.4374977534725973,44.0,3119.0,9349.16,43.58869063,56,0.002962413657128235
2019-11-03 09:00:00,0.428103741011439,41.0,1890.0,9275.0,111.61626001,56,0.006720631365176423
2019-11-03 10:00:00,0.4895069518856238,47.0,2393.0,9272.44,52.09454496,56,0.003016217495804483
2019-11-03 11:00:00,0.6602155955025654,46.0,6134.0,9290.92,18.02631651,56,0.0031278451063320666
2019-11-03 12:00:00,0.5435376440147558,76.0,7073.0,9265.83,14.2332107,56,0.002893173103000565
2019-11-03 13:00:00,0.607983138104154,73.0,3067.0,9226.0,82.66423995,56,0.004076817750790242
2019-11-03 14:00:00,0.3259501302766981,73.0,5567.0,9228.3,66.28652178,56,0.002533411466690714
2019-11-03 15:00:00,0.3209968175957223,81.0,11238.0,9149.04,539.54164507,56,0.006356110754657114
2019-11-03 16:00:00,0.5341804115044998,73.0,4332.0,9164.95,67.25844588,56,0.003975431576972845
2019-11-03 17:00:00,0.4175477360080734,75.0,5272.0,9164.79,121.38992902,56,0.005698767392537338
2019-11-03 18:00:00,0.5222716638195108,66.0,3692.0,9175.34,52.06242588,56,0.0033269274439988394
2019-11-03 19:00:00,0.1830715098162187,67.0,4040.0,9156.16,55.26845631,56,0.004075800954314805
2019-11-03 20:00:00,0.3246383680379069,62.0,2926.0,9197.39,38.26659813,56,0.003153201250816049
2019-11-03 21:00:00,0.3150653581368912,61.0,7303.0,9170.69,37.08330722,56,0.002357030244534782
2019-11-03 22:00:00,0.4491130616145208,63.0,2894.0,9161.44,116.21496072,56,0.004592581597074752
2019-11-03 23:00:00,0.623072394020443,65.0,6470.0,9162.92,41.84111002,56,0.0024213929538610965
2019-11-04 00:00:00,0.3562926547706933,55.0,3016.0,9141.75,67.88839562,49,0.00225214784399801
2019-11-04 01:00:00,0.4617070592262335,49.0,2628.0,9156.64,62.08668977,49,0.0021896488943948375
2019-11-04 02:00:00,0.5099834816110091,57.0,6906.0,9152.08,551.67198754,49,0.008199368924839178
2019-11-04 03:00:00,0.5250858553484441,39.0,2889.0,9214.7,96.83850309,49,0.004312844887296939
2019-11-04 04:00:00,0.3862673153514445,42.0,13552.0,9207.0,102.46640773,49,0.0043815931733781534
2019-11-04 05:00:00,0.4689097246109019,46.0,3161.0,9166.38,37.85333304,49,0.0042269645712741544
2019-11-04 06:00:00,-0.0115324453244446,73.0,8788.0,9159.15,45.37803849,49,0.0031706440802390067
2019-11-04 07:00:00,0.5077592606537904,63.0,3828.0,9160.7,65.62416510999999,49,0.002585784389761091
2019-11-04 08:00:00,0.7317548436418245,88.0,7421.0,9147.93,184.39540307,49,0.0037345136671295153
2019-11-04 09:00:00,0.5461357040847581,72.0,6102.0,9131.81,123.84263967,49,0.0024368215188809166
2019-11-04 10:00:00,0.8862669301907308,89.0,7697.0,9146.71,55.20229372,49,0.0025602915518249864
2019-11-04 11:00:00,0.5222638949735152,89.0,6173.0,9165.7,39.44650356,49,0.002844904792105671
2019-11-04 12:00:00,0.4040561879058504,117.0,6773.0,9190.0,110.27560962,49,0.0032486582231531507
2019-11-04 13:00:00,0.7601005376766943,104.0,11370.0,9163.58,79.19834268,49,0.0028604256659020876
2019-11-04 14:00:00,0.4987070957959957,142.0,8460.0,9175.0,88.15446960999999,49,0.002587119549955341
2019-11-04 15:00:00,0.3323617708583717,118.0,7834.0,9211.5,142.14268969,49,0.0036031488998024
2019-11-04 16:00:00,0.6258543487615527,122.0,10188.0,9271.17,360.99770884,49,0.003950405952329819
2019-11-04 17:00:00,0.713502071522312,171.0,14595.0,9250.0,200.12897026,49,0.00505273853503647
2019-11-04 18:00:00,0.6010289579179711,116.0,8978.0,9251.0,79.66660482,49,0.0024600317631294803
2019-11-04 19:00:00,0.5179708950766168,114.0,7182.0,9329.5,249.80391542,49,0.005124645719229155
2019-11-04 20:00:00,0.4000799946235627,145.0,12711.0,9306.77,321.84248518,49,0.00352140213228506
2019-11-04 21:00:00,0.590749435355246,107.0,9468.0,9306.7,237.2390969,49,0.004002525500111466
2019-11-04 22:00:00,0.4910109117974394,75.0,4358.0,9324.04,137.8494149,49,0.002564317521494516
2019-11-04 23:00:00,-0.0380310817186112,69.0,2706.0,9270.58,242.5428361,49,0.003584451785065261
2019-11-05 00:00:00,0.7709638331367176,54.0,3366.0,9273.44,177.76216137,54,0.0029531189544022606
2019-11-05 01:00:00,0.3247026028427309,54.0,2177.0,9475.2,1499.41742317,54,0.019292847862831194
2019-11-05 02:00:00,0.3390873266038508,45.0,2905.0,9443.7,226.94612959,54,0.0039051330057473977
2019-11-05 03:00:00,0.4798476644276505,56.0,10127.0,9386.93,166.97503817,54,0.004810007597472219
2019-11-05 04:00:00,0.5815674618354161,59.0,2943.0,9410.76,89.7570425,54,0.0044839355167111345
2019-11-05 05:00:00,0.7506271969808972,50.0,3191.0,9390.55,73.62988982,54,0.003336659421689998
2019-11-05 06:00:00,0.3762936783155795,46.0,3025.0,9450.09,197.20101049,54,0.005388080207634296
2019-11-05 07:00:00,0.4473448399022261,61.0,7879.0,9456.47,183.19725357,54,0.00424897438473603
2019-11-05 08:00:00,0.4941839279113916,73.0,2862.0,9429.15,106.35640068,54,0.0037144165116174
2019-11-05 09:00:00,0.3695927396638208,70.0,5018.0,9395.07,160.4946785,54,0.0033168704765727634
2019-11-05 10:00:00,0.7004674108457263,92.0,11209.0,9400.61,118.1174691,54,0.003255216961634317
2019-11-05 11:00:00,0.6419610277506451,94.0,8440.0,9310.0,284.28018914,54,0.005448414413167702
2019-11-05 12:00:00,0.5130623025351411,87.0,8101.0,9230.13,534.15469595,54,0.009204625963678794
2019-11-05 13:00:00,0.480071131935137,87.0,5511.0,9249.99,131.5108602,54,0.005292847575223865
2019-11-05 14:00:00,0.4676079831228251,131.0,16176.0,9291.13,218.76531484,54,0.00574733147213274
2019-11-05 15:00:00,0.3647290192933455,107.0,6582.0,9289.69,375.3556184,54,0.0037123660264746275
2019-11-05 16:00:00,0.7920803521768437,127.0,11499.0,9290.31,106.329091,54,0.0028563008897171988
2019-11-05 17:00:00,0.6712863960730596,110.0,9990.0,9299.8,302.07437794,54,0.004253370712205838
2019-11-05 18:00:00,0.6288280663321645,109.0,27195.0,9241.35,342.55575598,54,0.006461374067431446
2019-11-05 19:00:00,0.6083686840660575,115.0,9492.0,9348.4,269.24459655,54,0.008856411316674254
2019-11-05 20:00:00,0.650037827994426,102.0,10571.0,9383.74,244.91054212,54,0.004447934636453413
2019-11-05 21:00:00,0.5740410673101927,85.0,6546.0,9350.4,218.84979502,54,0.010679176963165617
2019-11-05 22:00:00,0.3892702926305557,74.0,4385.0,9340.37,178.23787286,54,0.004229958044771788
2019-11-05 23:00:00,0.3340515202098899,61.0,3680.0,9336.87,119.46573176,54,0.0030988722388194515
2019-11-06 00:00:00,0.3614535982518101,63.0,3259.0,9396.11,161.00843664,53,0.005277229869323028
2019-11-06 01:00:00,0.5328052565825749,53.0,4289.0,9363.11,247.32029473,53,0.007958741815316604
2019-11-06 02:00:00,0.5100354340366333,46.0,2602.0,9352.23,79.14572217,53,0.00431471701165682
2019-11-06 03:00:00,0.6762572418504754,49.0,8937.0,9325.93,113.15207088,53,0.003522948300594287
2019-11-06 04:00:00,0.0504030843557969,41.0,2423.0,9320.14,214.22132343,53,0.004206221147976155
2019-11-06 05:00:00,0.1428469775902646,60.0,5139.0,9290.84,322.29666834,53,0.00358968493415747
2019-11-06 06:00:00,0.6149464994745717,69.0,4296.0,9318.69,101.64750524,53,0.003358975648782891
2019-11-06 07:00:00,0.5418179155290396,63.0,3994.0,9300.0,135.2898861,53,0.0028682388197759255
2019-11-06 08:00:00,0.601562469399271,81.0,19008.0,9317.4,95.72561923,53,0.0028321685119319672
2019-11-06 09:00:00,0.478346722556332,66.0,4929.0,9334.45,146.61032219,53,0.0022172027536898377
2019-11-06 10:00:00,0.4068350617904737,92.0,14602.0,9335.0,170.14351722,53,0.004585664281310996
2019-11-06 11:00:00,0.6528183513722536,85.0,6782.0,9387.67,198.37441818,53,0.005387783390612864
2019-11-06 12:00:00,0.7276420705959773,97.0,10422.0,9401.39,375.10749788,53,0.006625462671757224
2019-11-06 13:00:00,0.5417448620493422,80.0,5964.0,9420.0,55.35656572,53,0.0032771977999893555
2019-11-06 14:00:00,0.3633410111028367,102.0,3823.0,9356.83,142.43854464,53,0.0032021072251781127
2019-11-06 15:00:00,0.3789338405143612,106.0,6797.0,9367.81,148.23364261,53,0.0038593081859103857
2019-11-06 16:00:00,0.5850690872767532,97.0,5816.0,9392.26,78.56221214,53,0.0038749532421041544
2019-11-06 17:00:00,0.721258867938488,121.0,7683.0,9359.05,209.76078576,53,0.004698347485431068
2019-11-06 18:00:00,0.8513706789975287,108.0,6623.0,9333.8,274.34056051,53,0.003551025415106309
2019-11-06 19:00:00,0.6598719352207782,78.0,5385.0,9330.0,275.88305387,53,0.0030001063100954474
2019-11-06 20:00:00,1.0816646768302085,80.0,5303.0,9349.61,315.20895365,53,0.0023229005257324074
2019-11-06 21:00:00,0.5946951490274756,118.0,11463.0,9321.8,213.60579069,53,0.00417081758163025
2019-11-06 22:00:00,0.4760368171057749,77.0,4409.0,9303.25,287.85806538,53,0.0049575686192184255
2019-11-06 23:00:00,0.6394521513878791,80.0,6173.0,9307.0,149.20037407,53,0.003039857779597113
2019-11-07 00:00:00,0.7746094255330551,37.0,3841.0,9296.0,104.05116687,54,0.0023871212213417005
2019-11-07 01:00:00,0.4881856194173068,56.0,3492.0,9297.0,117.38643506,54,0.0025182921958793623
2019-11-07 02:00:00,0.3396132849422881,48.0,7163.0,9320.07,68.26241296,54,0.002033102478677853
2019-11-07 03:00:00,0.5340925656302211,42.0,2972.0,9342.58,127.29747686,54,0.002356918345239103
2019-11-07 04:00:00,0.480574666368263,42.0,2095.0,9344.78,557.59318156,54,0.0028423019456521436
2019-11-07 05:00:00,0.6582965452185683,41.0,4298.0,9349.84,66.74251187,54,0.0025358981241188675
2019-11-07 06:00:00,0.6941288604852306,34.0,1471.0,9328.77,122.82020876,54,0.005069753703261591
2019-11-07 07:00:00,0.5667886190606651,44.0,3770.0,9301.59,122.51550353,54,0.0037266730258814656
2019-11-07 08:00:00,0.9826128629960562,83.0,9912.0,9296.05,105.65978275,54,0.0028940366493537912
2019-11-07 09:00:00,0.6556828659862539,73.0,6942.0,9294.1,66.91721384,54,0.002069108533023941
2019-11-07 10:00:00,0.5212529712849948,71.0,5068.0,9312.9,121.41995826,54,0.004347148509106203
2019-11-07 11:00:00,0.4445052937731336,81.0,7428.0,9284.34,102.87392167,54,0.002727635267459425
2019-11-07 12:00:00,0.2310935620280634,84.0,8961.0,9250.8,358.9279353,54,0.007266077772860677
2019-11-07 13:00:00,0.6830524804379956,97.0,6341.0,9248.24,203.47367504,54,0.003093534150032635
2019-11-07 14:00:00,0.6240227457439551,103.0,9119.0,9223.03,256.86304164,54,0.002795531051220595
2019-11-07 15:00:00,0.5385374492799427,105.0,7035.0,9204.85,564.9428073,54,0.006694171250711208
2019-11-07 16:00:00,0.8302389954734425,101.0,11306.0,9188.71,206.7345494,54,0.003717755386753366
2019-11-07 17:00:00,0.8794539407723707,99.0,10338.0,9167.96,157.9473187,54,0.005736361011166022
2019-11-07 18:00:00,0.6497244308430048,93.0,5804.0,9198.99,218.7650114,54,0.004727451411141404
2019-11-07 19:00:00,0.7696702339174911,101.0,5091.0,9215.4,125.24360915,54,0.003906708052786942
2019-11-07 20:00:00,0.7806969808190045,81.0,12348.0,9184.01,138.48107736,54,0.0036877305170902523
2019-11-07 21:00:00,0.4691126476478094,98.0,4949.0,9207.29,93.27898691,54,0.004350631658618483
2019-11-07 22:00:00,0.3011626574477504,69.0,4454.0,9196.28,60.54153461,54,0.002272033395715265
2019-11-07 23:00:00,0.5964156785382679,62.0,2978.0,9210.84,89.50960398,54,0.002115476122690025
2019-11-08 00:00:00,0.3251889251632757,53.0,5577.0,9197.05,83.7410519,42,0.002353321979535854
2019-11-08 01:00:00,0.2090071975932628,47.0,4916.0,9180.24,136.84072692,42,0.0031449001159965383
2019-11-08 02:00:00,0.6481162510518227,53.0,2180.0,9210.0,353.35228328,42,0.010534659936915075
2019-11-08 03:00:00,0.6887948906400955,45.0,4982.0,9220.13,179.40891327,42,0.004693129630953324
2019-11-08 04:00:00,0.6411366151216462,39.0,1792.0,9199.36,38.97538997,42,0.002070436966046515
2019-11-08 05:00:00,0.4901906634107397,30.0,2018.0,9187.65,91.3388579,42,0.003337728966801981
2019-11-08 06:00:00,0.4674820986408441,58.0,2746.0,9221.19,71.33275099,42,0.003169604849365171
2019-11-08 07:00:00,0.3344555126547689,77.0,13232.0,9229.27,30.13737534,42,0.003292456855666083
2019-11-08 08:00:00,0.7808942446350682,86.0,6915.0,9219.88,23.01762997,42,0.0018977042859539845
2019-11-08 09:00:00,0.5149527568430415,80.0,6969.0,9210.04,392.49016147,42,0.0037741565536229126
2019-11-08 10:00:00,0.4084958343076365,76.0,4711.0,9201.1,68.18251538999999,42,0.003827386217546775
2019-11-08 11:00:00,0.3333898483686737,78.0,8909.0,9186.34,88.57783495,42,0.0022215937090717653
2019-11-08 12:00:00,0.4235445497260052,78.0,8693.0,9133.62,245.08299228,42,0.008521810911985984
2019-11-08 13:00:00,0.4380085361154511,115.0,11625.0,9064.61,825.06935957,42,0.011532232275068941
2019-11-08 14:00:00,0.5860244221482276,161.0,14782.0,9014.31,1014.74399399,42,0.011537488874678342
2019-11-08 15:00:00,0.463258038374724,122.0,11769.0,9016.17,630.61226033,42,0.003021604070729791
2019-11-08 16:00:00,0.3816439282869576,126.0,11013.0,9010.58,419.36482599,42,0.004030997541457461
2019-11-08 17:00:00,0.4434124310373189,125.0,8979.0,9004.02,348.97220241,42,0.004371369788514297
2019-11-08 18:00:00,0.5630971607880348,95.0,8082.0,8785.9,1956.089968,42,0.017547181396699873
2019-11-08 19:00:00,0.412429207761134,117.0,11203.0,8765.17,784.0468724799999,42,0.012987528743916586
2019-11-08 20:00:00,0.3975385263759642,86.0,6381.0,8790.96,856.21104078,42,0.007458060059399577
2019-11-08 21:00:00,0.481285276814862,71.0,5259.0,8749.29,384.38375914,42,0.0074521896619242755
2019-11-08 22:00:00,0.4539911417106522,80.0,4896.0,8770.78,303.69321546,42,0.0031827014561959547
2019-11-08 23:00:00,0.4137215148588462,63.0,9626.0,8808.11,194.44925106,42,0.006187073667005286
2019-11-09 00:00:00,0.4271288097309936,64.0,6581.0,8792.9,77.12232618,38,0.0036277569915649705
2019-11-09 01:00:00,0.5530183800252042,51.0,3805.0,8805.17,61.49327985,38,0.003564955770632815
2019-11-09 02:00:00,0.1808599834169636,47.0,2041.0,8867.89,156.42270417,38,0.004701592396948278
2019-11-09 03:00:00,0.6664143621249061,40.0,2008.0,8805.26,60.10575643,38,0.0034652269963842777
2019-11-09 04:00:00,0.6566161932601006,38.0,1947.0,8767.37,616.8058363,38,0.00529005575562734
2019-11-09 05:00:00,0.4851772948731234,33.0,2009.0,8810.3,199.41041849,38,0.006795825108031957
2019-11-09 06:00:00,0.61962067542965,35.0,1471.0,8790.62,64.01285779999999,38,0.003434308892378414
2019-11-09 07:00:00,0.4270024554434735,34.0,1685.0,8809.64,24.87627233,38,0.002593679264837719
2019-11-09 08:00:00,-0.0436164438201985,33.0,1678.0,8825.62,38.19559282,38,0.0025950097462844888
2019-11-09 09:00:00,0.264292187450115,52.0,5521.0,8813.17,14.20272002,38,0.001946057106832
2019-11-09 10:00:00,0.5315517113488208,53.0,3829.0,8829.12,21.834539810000003,38,0.001854281889930242
2019-11-09 11:00:00,0.3827255237647092,77.0,4959.0,8873.98,86.73302384,38,0.0020670218980302075
2019-11-09 12:00:00,0.6535106978755271,73.0,5773.0,8816.25,290.87714941,38,0.004468425054936603
2019-11-09 13:00:00,0.8180821661586936,66.0,9550.0,8813.16,14.87853815,38,0.0017745491980801682
2019-11-09 14:00:00,0.55245139297925,63.0,2960.0,8828.5,61.46099865,38,0.0028548009590673275
2019-11-09 15:00:00,0.6979479820579014,84.0,7983.0,8843.8,25.04017835,38,0.0023838544852235397
2019-11-09 16:00:00,0.6930953491725987,98.0,15669.0,8820.19,37.08678399,38,0.002763925961899576
2019-11-09 17:00:00,0.8657296523663277,78.0,7411.0,8839.0,134.98731934,38,0.0034262416554958893
2019-11-09 18:00:00,0.461617646635481,62.0,3291.0,8859.99,50.44027212,38,0.0034096737274035326
2019-11-09 19:00:00,0.4819847538216461,59.0,3849.0,8816.0,167.53337138,38,0.009254086747037722
2019-11-09 20:00:00,0.7075274187978221,56.0,5087.0,8803.52,90.82353494,38,0.004657519441848175
2019-11-09 21:00:00,0.6871332834967925,49.0,3256.0,8752.25,102.38405464,38,0.007397208957522459
2019-11-09 22:00:00,0.679629826016095,55.0,3152.0,8778.8,114.18888602,38,0.0038171809491039676
2019-11-09 23:00:00,0.4434486578729031,49.0,5565.0,8772.86,54.22818156,38,0.002002362046591539
2019-11-10 00:00:00,0.6914609302385537,58.0,3454.0,8757.0,48.88855258,39,0.0014392871222465129
2019-11-10 01:00:00,0.6785293552917471,58.0,9530.0,8778.15,19.05293403,39,0.002256143031404842
2019-11-10 02:00:00,0.7151223707209743,37.0,1619.0,8806.7,33.86553043,39,0.0013827788885328518
2019-11-10 03:00:00,0.561921717634446,43.0,1808.0,8801.12,31.01067796,39,0.0035664521616906933
2019-11-10 04:00:00,0.3806110385620391,15.0,1923.0,8812.21,545.50553301,39,0.003831459482083076
2019-11-10 05:00:00,0.2707705095710384,30.0,1309.0,8776.35,20.80008853,39,0.0016412376082819403
2019-11-10 06:00:00,0.8095991598545095,45.0,2255.0,8786.59,20.0300219,39,0.0017807181769710207
2019-11-10 07:00:00,0.6894171055247739,42.0,3303.0,8768.26,30.04001437,39,0.0021462829159228933
2019-11-10 08:00:00,0.7250526340712797,53.0,5130.0,8777.27,27.49277264,39,0.002033813535663734
2019-11-10 09:00:00,0.7190461533597953,90.0,3574.0,8792.94,19.82484006,39,0.0020596228632911457
2019-11-10 10:00:00,0.2212196449402839,66.0,3567.0,8863.43,99.14971958,39,0.0045085216245155935
2019-11-10 11:00:00,0.5800354653448289,50.0,3293.0,8849.28,149.90090573999998,39,0.0059500560213487175
2019-11-10 12:00:00,0.5803520308406821,66.0,12670.0,8850.0,36.55894788,39,0.002317509584098037
2019-11-10 13:00:00,0.6437786316265969,63.0,6567.0,8819.79,15.96309172,39,0.0038291604941890042
2019-11-10 14:00:00,0.6267579148553899,76.0,6430.0,8817.55,39.89388361,39,0.0033803533707619923
2019-11-10 15:00:00,0.6246439362512645,70.0,2901.0,8857.82,20.69498899,39,0.002969818249923383
2019-11-10 16:00:00,0.3003740470760887,120.0,8727.0,8836.2,42.87328532,39,0.002432312313715952
2019-11-10 17:00:00,0.6524308935256716,94.0,7146.0,8832.95,94.41345444,39,0.0023633386202516296
2019-11-10 18:00:00,0.4499213990502996,92.0,12410.0,8812.51,111.89776906,39,0.004083748543260074
2019-11-10 19:00:00,0.7538930723046565,73.0,7643.0,8842.29,62.85905084,39,0.0037326169208855703
2019-11-10 20:00:00,0.7471933029906493,73.0,4316.0,8800.5,20.61920095,39,0.0022496653828759624
2019-11-10 21:00:00,0.5437400596834538,58.0,2532.0,9017.3,1096.81680122,39,0.023517629742321532
2019-11-10 22:00:00,0.3815325277453282,62.0,3969.0,9035.44,255.68695577,39,0.004673101763729767
2019-11-10 23:00:00,0.3606867230260909,51.0,2890.0,9047.14,99.34101123,39,0.0028512633107486626
2019-11-11 00:00:00,0.65700808771828,57.0,6007.0,9053.72,22.78130205,40,0.0026920680305767557
2019-11-11 01:00:00,0.5306741432871157,53.0,3894.0,9030.0,43.50538351,40,0.002017778493151989
2019-11-11 02:00:00,0.7014576074279194,48.0,2426.0,9038.32,29.03583526,40,0.002512197850578602
2019-11-11 03:00:00,0.8606351446787167,30.0,1624.0,9080.0,142.40375478,40,0.004201871245778318
2019-11-11 04:00:00,0.4053993394704382,43.0,2425.0,9024.49,160.69517067,40,0.004128833790663517
2019-11-11 05:00:00,0.5397158412178602,47.0,2796.0,9043.62,119.50384757,40,0.0024229445457814146
2019-11-11 06:00:00,0.1978919533983593,51.0,2258.0,9062.62,123.74637268,40,0.0025650920351508615
2019-11-11 07:00:00,0.2981224202887199,51.0,5018.0,9052.0,24.79167249,40,0.003053687259398977
2019-11-11 08:00:00,0.3733658266664431,79.0,7333.0,9010.27,29.76466063,40,0.002123828829488194
2019-11-11 09:00:00,0.7255634833055007,79.0,8887.0,8936.9,292.93055566,40,0.006524368027029207
2019-11-11 10:00:00,0.9815031426808566,121.0,10596.0,8892.45,242.83987974,40,0.00755562372529748
2019-11-11 11:00:00,0.7468057384278224,115.0,11636.0,8783.38,1262.47527105,40,0.014101815395088093
2019-11-11 12:00:00,0.6022699862097554,104.0,9771.0,8799.4,166.74284534,40,0.005544900664267027
2019-11-11 13:00:00,0.7474990374409827,99.0,11415.0,8753.25,174.8844302,40,0.0031764406106465724
2019-11-11 14:00:00,0.2534616423921019,100.0,8200.0,8652.24,1984.12259403,40,0.010891192813062231
2019-11-11 15:00:00,0.474751098250439,110.0,12812.0,8704.0,443.09812639,40,0.006977084174407419
2019-11-11 16:00:00,0.4385819156569471,121.0,12647.0,8718.28,123.82656382,40,0.005857213298813442
2019-11-11 17:00:00,0.7907605735200145,101.0,15523.0,8703.15,82.56120822,40,0.0041098234187235405
2019-11-11 18:00:00,0.6408839119831653,99.0,9038.0,8709.82,52.15846672,40,0.003187008002122352
2019-11-11 19:00:00,0.8233861550387667,94.0,8620.0,8732.01,87.9539679,40,0.0036562962219365
2019-11-11 20:00:00,0.213716184726333,80.0,13327.0,8703.31,251.47818066,40,0.004499762974180799
2019-11-11 21:00:00,0.3807306684646008,87.0,22350.0,8715.76,134.50687792,40,0.003923156148832178
2019-11-11 22:00:00,0.507629141232934,81.0,8395.0,8720.19,233.41672266,40,0.0025018161999040716
2019-11-11 23:00:00,0.5398271957170699,52.0,2681.0,8752.54,214.12899569,40,0.005717949144773676
2019-11-12 00:00:00,0.5868396507857304,76.0,7125.0,8742.79,119.64291788,39,0.0037024501023013483
2019-11-12 01:00:00,0.5831680862280426,60.0,2798.0,8712.29,49.67554811,39,0.002731074475153393
2019-11-12 02:00:00,0.4155671515685515,46.0,2389.0,8736.46,49.4946801,39,0.002774875245820804
2019-11-12 03:00:00,0.7276367070663491,46.0,2700.0,8709.3,90.91230856,39,0.0032177501441811637
2019-11-12 04:00:00,0.0643583385884757,49.0,4772.0,8720.36,38.31836551,39,0.003466191765524159
2019-11-12 05:00:00,0.4715498627492314,45.0,2423.0,8738.82,20.03380021,39,0.0036321652967603126
2019-11-12 06:00:00,0.5916130034265008,58.0,4735.0,8737.14,86.39394053,39,0.0027019602832412167
2019-11-12 07:00:00,0.8021893891213094,81.0,7464.0,8744.6,72.90517736,39,0.0027380687795117574
2019-11-12 08:00:00,1.0030246603510016,81.0,6413.0,8729.95,75.56579430000001,39,0.004935040105164029
2019-11-12 09:00:00,0.5143393167043593,76.0,5229.0,8723.28,55.23682218,39,0.0032214119184477714
2019-11-12 10:00:00,0.4214409681381186,73.0,4053.0,8737.58,110.95596471,39,0.004710572985153693
2019-11-12 11:00:00,0.5433832790060839,76.0,4907.0,8764.99,34.13404845,39,0.00275152530175504
2019-11-12 12:00:00,0.4173487700692482,90.0,4347.0,8765.64,69.20312291,39,0.0024472918914962127
2019-11-12 13:00:00,0.6851427962551059,105.0,8735.0,8742.93,90.47801087,39,0.0018878622873037293
2019-11-12 14:00:00,0.5507419688512265,126.0,10668.0,8755.0,341.24128445,39,0.008797708047734554
2019-11-12 15:00:00,0.8134039557607656,136.0,11522.0,8738.11,140.92027723,39,0.002014899852018707
2019-11-12 16:00:00,0.8470322108497644,134.0,10536.0,8731.69,131.06107738,39,0.0021549059727043324
2019-11-12 17:00:00,0.7232536031781575,96.0,5464.0,8701.23,809.63570151,39,0.01752133398097126
2019-11-12 18:00:00,0.3159025617220834,88.0,5544.0,8646.27,411.47238572,39,0.006828626240816786
2019-11-12 19:00:00,0.4483994537624374,79.0,5461.0,8654.4,185.87951784,39,0.004849000158237993
2019-11-12 20:00:00,0.7999478285270712,103.0,8515.0,8674.43,680.96111681,39,0.014463414714413477
2019-11-12 21:00:00,0.8823203067181298,109.0,8318.0,8698.67,386.1039244,39,0.004342009570475126
2019-11-12 22:00:00,0.5016144544876613,81.0,6502.0,8728.0,146.05600685,39,0.004499113443343871
2019-11-12 23:00:00,0.3919659269699569,73.0,4288.0,8732.73,299.64960857,39,0.0026943537714468565
2019-11-13 00:00:00,0.3461091958428458,63.0,4341.0,8766.76,154.9845651,38,0.0032538502199509103
2019-11-13 01:00:00,0.3845420360217919,48.0,2481.0,8794.39,163.09772339,38,0.006107238424772141
2019-11-13 02:00:00,0.5282010733569638,62.0,4143.0,8769.1,143.26454727,38,0.002580774542516436
2019-11-13 03:00:00,0.8014499216019245,48.0,2451.0,8770.27,53.40170438,38,0.0034139510288585875
2019-11-13 04:00:00,0.5331641240577697,43.0,3039.0,8813.91,59.26998442,38,0.003348569642044228
2019-11-13 05:00:00,0.520763572873388,46.0,2820.0,8775.97,80.11457322,38,0.005897567380487797
2019-11-13 06:00:00,0.4210510700692563,43.0,1995.0,8769.86,73.68722558,38,0.0023821082504142986
2019-11-13 07:00:00,0.4841678839867702,45.0,5856.0,8740.22,90.50321535,38,0.0033473233202703403
2019-11-13 08:00:00,0.639883064704152,66.0,4865.0,8720.14,41.26687844,38,0.0021599061718037436
2019-11-13 09:00:00,0.8703450820383809,71.0,7951.0,8730.0,104.49578819,38,0.002705244209489769
2019-11-13 10:00:00,0.6659134412222397,69.0,7013.0,8714.38,90.5292708,38,0.0024284726246731995
2019-11-13 11:00:00,0.3985449091926877,74.0,7149.0,8748.58,120.94989981,38,0.00364344677294565
2019-11-13 12:00:00,0.5589728406246487,63.0,9895.0,8732.0,83.26451242,38,0.003030271307055194
2019-11-13 13:00:00,0.6002078731036118,77.0,6395.0,8768.75,195.26488845,38,0.004362794109334141
2019-11-13 14:00:00,0.7227599395285323,107.0,9121.0,8765.12,212.85228076,38,0.005331002484631062
2019-11-13 15:00:00,0.6708694771610241,99.0,12718.0,8791.28,615.12194775,38,0.0040525175258821
2019-11-13 16:00:00,0.5871608915725121,98.0,6218.0,8751.58,69.96218929,38,0.0033644919614084314
2019-11-13 17:00:00,0.7066314776530254,107.0,7733.0,8745.87,120.94024888,38,0.004098577671767779
2019-11-13 18:00:00,0.7165373024269437,63.0,7879.0,8728.89,608.49447868,38,0.003628688094350803
2019-11-13 19:00:00,0.4570778004577142,76.0,4007.0,8725.0,105.95725726,38,0.003967080453430997
2019-11-13 20:00:00,0.796375962550519,69.0,5997.0,8725.0,72.69066533,38,0.0021647388533913665
2019-11-13 21:00:00,0.7918835918830823,59.0,3027.0,8739.9,107.0772298,38,0.0032713668468583586
2019-11-13 22:00:00,0.6863029045188119,83.0,8686.0,8744.52,98.66420339,38,0.003080662957540928
2019-11-13 23:00:00,0.3926993911574905,57.0,3082.0,8735.02,44.8845035,38,0.0022797740958416406
2019-11-14 00:00:00,0.7290930708785083,65.0,3417.0,8765.64,39.05957212,41,0.002391401735158518
2019-11-14 01:00:00,0.7467106919966785,49.0,5411.0,8740.18,91.2547054,41,0.003603346867779459
2019-11-14 02:00:00,0.4020696851678855,53.0,2964.0,8748.01,40.35060652,41,0.001831991726808965
2019-11-14 03:00:00,0.4709782272628103,52.0,5497.0,8746.45,20.98329207,41,0.001875979693979921
2019-11-14 04:00:00,0.3268668444707999,43.0,1962.0,8755.24,57.45155573,41,0.0031320060584479332
2019-11-14 05:00:00,0.4531474468276087,51.0,2260.0,8772.01,44.31900921,41,0.0029775988179839537
2019-11-14 06:00:00,0.1852730733266557,43.0,2394.0,8751.88,82.77952832,41,0.0026519920112673774
2019-11-14 07:00:00,0.3970466131593845,58.0,3956.0,8730.94,60.19061397,41,0.0020200784177031557
2019-11-14 08:00:00,0.5410437559443707,74.0,3910.0,8747.75,60.30442057,41,0.002495518127243388
2019-11-14 09:00:00,0.5130002507703987,78.0,4877.0,8663.3,289.57729581,41,0.007979605375638191
2019-11-14 10:00:00,0.8599027999447502,81.0,6096.0,8685.0,114.7521656,41,0.005973701171338794
2019-11-14 11:00:00,0.4950301357720794,68.0,4113.0,8666.05,179.12241568,41,0.004097948933490273
2019-11-14 12:00:00,0.4749207600527875,108.0,4987.0,8644.32,62.6554382,41,0.004829869231536629
2019-11-14 13:00:00,0.7212027027413369,98.0,6704.0,8592.24,583.54049405,41,0.00678895584519613
2019-11-14 14:00:00,0.5919866309259081,106.0,5383.0,8619.45,231.23397337,41,0.004450651789999127
2019-11-14 15:00:00,0.3859280126133809,120.0,13179.0,8601.34,173.36633067,41,0.0028335109423197973
2019-11-14 16:00:00,0.3708496052400004,97.0,15509.0,8620.14,221.40762879,41,0.0039265614229837325
2019-11-14 17:00:00,0.5824405258222205,116.0,8659.0,8604.28,138.73146484,41,0.003938083832289754
2019-11-14 18:00:00,0.6484710344630914,106.0,8348.0,8650.0,176.2658908,41,0.0068259943285521605
2019-11-14 19:00:00,0.5475914956059764,96.0,3641.0,8649.92,337.75450331,41,0.0035156571227591324
2019-11-14 20:00:00,0.7947960522724615,91.0,38124.0,8621.58,171.74128625,41,0.004475439115418899
2019-11-14 21:00:00,0.7208264703974697,103.0,6424.0,8625.71,43.32009915,41,0.0029149388310056724
2019-11-14 22:00:00,0.540359301000157,64.0,3377.0,8642.01,51.68614116,41,0.0013653912087039006
2019-11-14 23:00:00,0.6382303625414626,67.0,4949.0,8622.57,92.40656489,41,0.0029664876415907006
2019-11-15 00:00:00,0.5247317122699223,74.0,4472.0,8634.89,63.17393384,38,0.001572854454551776
2019-11-15 01:00:00,0.3694584972587941,60.0,2658.0,8646.49,67.91285268,38,0.002521940233977296
2019-11-15 02:00:00,0.3805334553152508,54.0,4836.0,8645.99,77.81447736,38,0.0012877473148109788
2019-11-15 03:00:00,0.3754211043609362,47.0,2197.0,8647.04,51.17316768,38,0.0013991914179671992
2019-11-15 04:00:00,0.5257421955447056,53.0,3005.0,8636.9,37.57611904,38,0.0031753530736496447
2019-11-15 05:00:00,0.3443348507472654,43.0,3883.0,8600.0,71.16132142000001,38,0.002785387124745335
2019-11-15 06:00:00,0.654228363044947,43.0,3142.0,8528.22,279.16102342,38,0.006102735421700676
2019-11-15 07:00:00,0.3736724254514854,68.0,4093.0,8529.38,353.35601641,38,0.005024335989945159
2019-11-15 08:00:00,0.2373671621532773,56.0,3430.0,8541.92,189.49328724,38,0.005558949361783992
2019-11-15 09:00:00,0.8018063108456779,85.0,28589.0,8542.79,49.6230128,38,0.002512651265289129
2019-11-15 10:00:00,0.3322093417827891,87.0,4725.0,8546.87,98.67993695,38,0.0023207050637008386
2019-11-15 11:00:00,0.6559407578247624,99.0,9653.0,8573.79,325.09482861,38,0.003464299655707907
2019-11-15 12:00:00,0.7282433361104379,83.0,6972.0,8550.0,124.2526175,38,0.002537631268502246
2019-11-15 13:00:00,0.5182439776564215,112.0,8643.0,8626.18,326.33540768,38,0.004338914304889833
2019-11-15 14:00:00,0.4055428135592099,139.0,25679.0,8590.01,1004.58826753,38,0.01937364824648526
2019-11-15 15:00:00,0.5588187413787445,107.0,9484.0,8641.3,201.65314575,38,0.005837349559594279
2019-11-15 16:00:00,0.5440762966644954,112.0,7737.0,8611.53,97.68463737,38,0.0026807408239601163
2019-11-15 17:00:00,0.4405610923391211,88.0,5058.0,8659.82,116.77052352,38,0.0030491088251911867
2019-11-15 18:00:00,0.7332592043928715,108.0,8292.0,8631.0,109.7687531,38,0.003991147189711383
2019-11-15 19:00:00,0.6071237321602816,99.0,5631.0,8457.92,848.46796718,38,0.018732468949062626
2019-11-15 20:00:00,0.5934345405627832,101.0,8137.0,8475.22,330.05437197,38,0.006706345030057884
2019-11-15 21:00:00,0.4594416321317893,89.0,4158.0,8460.35,157.75953912,38,0.004933545559007482
2019-11-15 22:00:00,0.5218451119806453,78.0,4747.0,8461.84,79.05706076999999,38,0.0025786150322929294
2019-11-15 23:00:00,0.6275464652671217,71.0,5266.0,8479.42,44.9659144,38,0.002301428846206394
2019-11-16 00:00:00,0.7224134841061942,62.0,2874.0,8475.59,100.184538,41,0.0030817708588682397
2019-11-16 01:00:00,0.5961695172810779,56.0,2599.0,8465.4,82.39917476000001,41,0.002508244087787118
2019-11-16 02:00:00,0.4328520923211779,46.0,1575.0,8451.76,43.91272468,41,0.0024098268845522686
2019-11-16 03:00:00,0.2486567349323979,38.0,1970.0,8503.74,92.27481452,41,0.002299794417790246
2019-11-16 04:00:00,0.6561324708950571,51.0,3068.0,8463.49,87.00252964,41,0.006038963275950585
2019-11-16 05:00:00,0.6059283930966792,38.0,2148.0,8462.99,47.2571883,41,0.0035773241238444913
2019-11-16 06:00:00,0.6731653497522297,29.0,2042.0,8466.01,28.01356194,41,0.0024185482894488563
2019-11-16 07:00:00,0.6581406064950093,35.0,1365.0,8448.0,49.38679183,41,0.004363722154027139
2019-11-16 08:00:00,0.5760072459186176,41.0,3370.0,8448.64,23.58327565,41,0.0027900658296238544
2019-11-16 09:00:00,0.279722903356184,50.0,3906.0,8456.01,15.7182298,41,0.002476618112690021
2019-11-16 10:00:00,0.3395198367453808,59.0,3177.0,8457.6,15.28393657,41,0.0021191842590114066
2019-11-16 11:00:00,0.5798598131147941,61.0,5267.0,8454.9,23.11230862,41,0.001376569086485367
2019-11-16 12:00:00,0.4977191632194639,54.0,2212.0,8475.59,62.43639912,41,0.003585792534826466
2019-11-16 13:00:00,0.6899398394027046,50.0,5483.0,8488.18,17.541743450000002,41,0.0027121428168572393
2019-11-16 14:00:00,0.6732681971561528,63.0,3308.0,8491.02,107.69967882,41,0.0051822790115222915
2019-11-16 15:00:00,0.6473564817670671,68.0,6825.0,8469.8,101.6770614,41,0.006449443287766055
2019-11-16 16:00:00,0.4371311194500951,79.0,5397.0,8466.87,52.27721681,41,0.002640588303088402
2019-11-16 17:00:00,0.4041261099968399,77.0,7775.0,8462.27,73.27065130999999,41,0.002479354233116551
2019-11-16 18:00:00,0.4178362042758115,75.0,4840.0,8485.0,81.48688194,41,0.002772744942013241
2019-11-16 19:00:00,0.5718178575268236,75.0,7841.0,8487.02,113.92487409,41,0.006418788958475345
2019-11-16 20:00:00,0.5577144335022838,62.0,6256.0,8479.2,36.45346198,41,0.002127410955073178
2019-11-16 21:00:00,0.4038214353816537,63.0,2673.0,8483.26,25.90756243,41,0.0019641150888206403
2019-11-16 22:00:00,0.7134987390852358,52.0,3088.0,8465.93,28.29189487,41,0.0008686433678428903
2019-11-16 23:00:00,0.8421130179044449,51.0,2347.0,8470.3,48.22849007,41,0.0008521946914131227
2019-11-17 00:00:00,0.2774995461616509,38.0,1824.0,8460.94,23.23865111,38,0.0015028472195780355
2019-11-17 01:00:00,0.5677933379370272,51.0,3857.0,8445.49,115.64929592,38,0.0011311542129258858
2019-11-17 02:00:00,0.4759433538178046,23.0,1028.0,8472.42,24.82471473,38,0.0025602784848052576
2019-11-17 03:00:00,0.5947873667176128,33.0,4868.0,8469.2,46.53504113,38,0.0022486198534479008
2019-11-17 04:00:00,0.5195462423824926,41.0,1512.0,8484.63,18.7744784,38,0.0020249756569749337
2019-11-17 05:00:00,0.3157779503887767,27.0,874.0,8501.36,51.89922534,38,0.002597045948569536
2019-11-17 06:00:00,0.4219571934427846,28.0,846.0,8473.83,16.50978987,38,0.002727957626839556
2019-11-17 07:00:00,0.1797403106246771,39.0,2078.0,8473.81,14.74879575,38,0.0013013831248139824
2019-11-17 08:00:00,0.4932019300862817,66.0,4553.0,8471.61,15.99584801,38,0.001580547595804624
2019-11-17 09:00:00,0.1593175284581753,57.0,3248.0,8467.5,32.91471753,38,0.0017901285439444724
2019-11-17 10:00:00,0.8991837763488979,49.0,3553.0,8480.98,12.27276328,38,0.0017045897131100283
2019-11-17 11:00:00,1.3157612340854017,58.0,7358.0,8478.31,9.21010995,38,0.002126917325372235
2019-11-17 12:00:00,0.65581494696448,63.0,8382.0,8419.58,120.17204382,38,0.005133708527892083
2019-11-17 13:00:00,0.3324655459350757,53.0,4302.0,8558.37,484.17182587,38,0.012242056708953147
2019-11-17 14:00:00,0.8853533725799305,83.0,5809.0,8539.81,150.39308298,38,0.00632346013530407
2019-11-17 15:00:00,0.5420795593034516,82.0,6579.0,8521.51,32.52848963,38,0.0022680044826553845
2019-11-17 16:00:00,0.3950558871445681,74.0,6111.0,8517.85,94.355069,38,0.00252419439383849
2019-11-17 17:00:00,0.7357424681562752,71.0,5171.0,8562.34,83.33797537,38,0.00416726438498558
2019-11-17 18:00:00,0.687139099165416,69.0,3769.0,8533.17,178.05915762,38,0.0037544511656909616
2019-11-17 19:00:00,0.6703061591331948,58.0,7196.0,8516.54,40.95714228,38,0.002395972653359803
2019-11-17 20:00:00,0.5269561326998381,70.0,2809.0,8521.58,44.58241446,38,0.002703896590746128
2019-11-17 21:00:00,0.4106721014030478,49.0,4360.0,8532.5,40.95093068,38,0.002160544171682286
2019-11-17 22:00:00,0.4841226857919378,59.0,3649.0,8539.36,21.48568753,38,0.001963250432452548
2019-11-17 23:00:00,0.5875804351814541,48.0,2614.0,8534.2,29.9454302,38,0.0015951460985983163
2019-11-18 00:00:00,0.4119804527153394,58.0,2590.0,8552.56,108.17136888,38,0.002502211908206971
2019-11-18 01:00:00,0.5230005979240337,52.0,6850.0,8523.58,346.77949169,38,0.008943006257636431
2019-11-18 02:00:00,0.5634876537896374,50.0,5595.0,8549.0,19.10824901,38,0.0039645715259714965
2019-11-18 03:00:00,0.8504748870164963,44.0,4799.0,8545.36,70.40938885,38,0.003008498796012437
2019-11-18 04:00:00,0.2479959896964455,27.0,986.0,8499.31,55.04870366,38,0.004523422691501024
2019-11-18 05:00:00,0.8497678210294503,23.0,1845.0,8500.41,120.60141905,38,0.004685659697412741
2019-11-18 06:00:00,0.3771956498525922,31.0,1113.0,8479.56,54.588771140000006,38,0.0017835731872773359
2019-11-18 07:00:00,0.308094137031509,39.0,2310.0,8444.04,151.23142306,38,0.005425708821803834
2019-11-18 08:00:00,0.4929543374238012,45.0,4119.0,8473.85,79.53138236,38,0.004406053734805159
2019-11-18 09:00:00,0.4381687630250967,69.0,7341.0,8471.36,36.46156952,38,0.003283184489718281
2019-11-18 10:00:00,0.5812404046663004,81.0,8902.0,8472.09,82.90232918,38,0.001181453091532403
2019-11-18 11:00:00,0.5181858702732757,67.0,5766.0,8434.49,111.31081494,38,0.004902079642168393
2019-11-18 12:00:00,0.680732724142958,99.0,11774.0,8439.95,222.69519473,38,0.004076040588451402
2019-11-18 13:00:00,0.4869270617869145,96.0,4691.0,8471.55,133.86260821,38,0.0058494193393428
2019-11-18 14:00:00,0.4723909536617381,98.0,9857.0,8466.8,66.26729846,38,0.0020532671842231013
2019-11-18 15:00:00,0.4351860861197578,97.0,7248.0,8438.46,95.93068694,38,0.0013514898356714689
2019-11-18 16:00:00,0.6483189691799157,91.0,5987.0,8429.3,137.82288962,38,0.0036202495818602777
2019-11-18 17:00:00,0.3283850642824563,99.0,11334.0,8401.0,306.80022732,38,0.008389608086162481
2019-11-18 18:00:00,0.1318034103694801,149.0,10321.0,8433.69,207.39285214,38,0.004782056918613166
2019-11-18 19:00:00,0.5377583480858472,147.0,8074.0,8434.53,83.70274202,38,0.002588083973572042
2019-11-18 20:00:00,0.4139163177778432,115.0,8338.0,8391.46,110.48806248,38,0.001967683503749156
2019-11-18 21:00:00,0.6012904436287688,92.0,5082.0,8402.25,112.89422666,38,0.0025772848933820433
2019-11-18 22:00:00,0.7032857467089983,83.0,6134.0,8327.22,568.23966283,38,0.008362370446924549
2019-11-18 23:00:00,0.0815343010295294,51.0,4844.0,8181.07,1410.03031976,38,0.025786161388297025
2019-11-19 00:00:00,0.2656031636640506,49.0,4079.0,8195.5,282.34935551,32,0.005545181936798604
2019-11-19 01:00:00,0.341834875552656,74.0,7041.0,8196.32,184.00155766,32,0.004379554948361546
2019-11-19 02:00:00,0.0503844139273867,51.0,1241.0,8215.67,93.49904648,32,0.004043991752096124
2019-11-19 03:00:00,0.6882588249775246,57.0,3210.0,8200.74,114.72961213,32,0.004154667372650364
2019-11-19 04:00:00,0.1404699718765188,36.0,2590.0,8170.65,58.32157286,32,0.001953714606504126
2019-11-19 05:00:00,0.3571769831547961,48.0,2805.0,8164.48,100.13715838,32,0.0034738049825607047
2019-11-19 06:00:00,0.0318192808743153,46.0,1373.0,8183.6,81.55609702,32,0.002036756695630013
2019-11-19 07:00:00,0.490306602173864,65.0,5244.0,8188.87,88.3905862,32,0.001762808322065356
2019-11-19 08:00:00,0.2936305082788017,60.0,3462.0,8140.39,143.48755714,32,0.004109502252987058
2019-11-19 09:00:00,0.3510558642423492,63.0,4731.0,8143.0,220.71971146,32,0.004010329417632284
2019-11-19 10:00:00,0.4836448807693177,81.0,6892.0,8134.99,57.68371407,32,0.0036260562715012207
2019-11-19 11:00:00,0.3026523884159618,74.0,9204.0,8145.0,234.96344722,32,0.0027851747696416226
2019-11-19 12:00:00,0.3593367133768987,83.0,12755.0,8115.0,209.50781709,32,0.005114339173506544
2019-11-19 13:00:00,0.6823214474003154,88.0,4516.0,8155.0,296.37838063,32,0.0027155541696599205
2019-11-19 14:00:00,0.6772039144543754,125.0,10386.0,8136.24,86.20633448,32,0.0029250597217211284
2019-11-19 15:00:00,0.2561633684076618,96.0,9987.0,8093.36,199.82736729,32,0.006249882349506665
2019-11-19 16:00:00,0.5360926664316841,92.0,5060.0,8053.11,716.1233534,32,0.009514552774813037
2019-11-19 17:00:00,0.7013046661132316,86.0,7149.0,8038.77,283.53736664,32,0.007808673015913601
2019-11-19 18:00:00,0.4466681006420568,121.0,23266.0,8042.29,179.95731455,32,0.0050547367301116575
2019-11-19 19:00:00,0.3938807762951199,95.0,12865.0,8087.56,271.42946021,32,0.004818939673637236
2019-11-19 20:00:00,0.4003089926039402,98.0,5676.0,8089.09,164.89518488,32,0.004392261275291405
2019-11-19 21:00:00,0.2227619875220641,71.0,5844.0,8072.78,274.97153128,32,0.006832071164712308
2019-11-19 22:00:00,0.4217143045670057,66.0,3421.0,8077.0,217.391325,32,0.004692057724885144
2019-11-19 23:00:00,0.4323904410727672,54.0,6490.0,8088.86,131.11036124,32,0.0029401695678848605
2019-11-20 00:00:00,0.2837815745252962,42.0,4281.0,8094.03,71.90257057,32,0.003039737648596401
2019-11-20 01:00:00,0.7442703025944328,50.0,5820.0,8098.17,116.87115319,32,0.004211523555754148
2019-11-20 02:00:00,0.4312663045797355,57.0,2311.0,8105.0,115.9890419,32,0.002886121863043608
2019-11-20 03:00:00,0.4214326500558451,58.0,5227.0,8123.89,115.01888621,32,0.003784682647501886
2019-11-20 04:00:00,1.023530202954857,51.0,4509.0,8121.63,34.33892169,32,0.003284842605382542
2019-11-20 05:00:00,0.517751247252981,42.0,2815.0,8114.76,57.36190772,32,0.003742178946464953
2019-11-20 06:00:00,0.3054731100264424,41.0,3279.0,8123.88,76.69825568,32,0.002708993116655579
2019-11-20 07:00:00,1.04151439344036,64.0,7241.0,8138.35,63.81706683,32,0.002601663726567008
2019-11-20 08:00:00,0.8313614638492658,67.0,5235.0,8117.32,58.06186158,32,0.0016249525052728162
2019-11-20 09:00:00,0.5737848871379042,74.0,5165.0,8091.06,57.94612595,32,0.0036454826562507957
2019-11-20 10:00:00,0.8851653742641483,78.0,6481.0,8101.33,78.28122307,32,0.0036890371897137834
2019-11-20 11:00:00,0.3950593153520411,68.0,3670.0,8106.63,75.20253136,32,0.0033423835909140347
2019-11-20 12:00:00,0.5039064518257357,76.0,3877.0,8109.53,80.14331667,32,0.0022636888582581536
2019-11-20 13:00:00,0.614702344677698,114.0,9854.0,8078.85,228.41337952,32,0.0040212291902412935
2019-11-20 14:00:00,0.551523073486977,119.0,19921.0,8065.0,277.74110532,32,0.003546213448752745
2019-11-20 15:00:00,0.6184075772398677,104.0,11438.0,8054.77,222.30462851,32,0.004398602278081669
2019-11-20 16:00:00,0.3352431087398683,78.0,5198.0,8083.76,139.31897882,32,0.003961386840899373
2019-11-20 17:00:00,0.4885341942006376,107.0,6744.0,8063.61,85.0399438,32,0.00413817874087019
2019-11-20 18:00:00,0.8617579427025629,133.0,14401.0,8070.11,81.68112862,32,0.0025340716987626347
2019-11-20 19:00:00,0.9955109434792532,105.0,12243.0,8128.0,210.43054406,32,0.005515239309021781
2019-11-20 20:00:00,0.2373029705358389,98.0,9039.0,8111.55,110.02873589,32,0.0041989672559055585
2019-11-20 21:00:00,0.5559091026275024,99.0,7445.0,8108.33,61.6107521,32,0.0027801694815324
2019-11-20 22:00:00,0.4496420801388774,90.0,6210.0,8133.06,106.75262838,32,0.0026897094791792867
2019-11-20 23:00:00,0.2902141134868061,65.0,2875.0,8095.36,457.62673902,32,0.013337615141192838
2019-11-21 00:00:00,0.8780865026554878,54.0,4834.0,8072.47,125.48471536,30,0.003950572702670306
2019-11-21 01:00:00,0.4546242008923501,50.0,114365.0,8082.54,86.61966275,30,0.004073273150407472
2019-11-21 02:00:00,0.5271859377243865,44.0,1704.0,8082.83,104.17781708,30,0.003997890432786851
2019-11-21 03:00:00,0.6179732984815253,58.0,3338.0,8085.36,95.00013408,30,0.003967588169118112
2019-11-21 04:00:00,0.4626964030789081,43.0,2275.0,8088.44,56.26300986,30,0.002912114709037552
2019-11-21 05:00:00,0.5423062560719759,27.0,1138.0,8086.33,64.74288497,30,0.0021612187625225255
2019-11-21 06:00:00,0.2659223714120276,39.0,1721.0,8109.19,73.9507107,30,0.0024707659917833883
2019-11-21 07:00:00,0.5764662533049485,43.0,2997.0,8097.7,90.62886363,30,0.002376111978195002
2019-11-21 08:00:00,0.1294637555437447,65.0,6048.0,8102.62,57.9501539,30,0.003190666434679836
2019-11-21 09:00:00,0.6455750189511893,125.0,10749.0,8090.5,28.50425638,30,0.002041499481974816
2019-11-21 10:00:00,0.5974175874626996,81.0,4662.0,8110.02,43.18782035,30,0.0014113147315344458
2019-11-21 11:00:00,0.1950609851652581,91.0,4273.0,8076.3,78.37014169,30,0.004020482819747495
2019-11-21 12:00:00,0.3828476248035328,86.0,5352.0,8069.78,124.41170241,30,0.0027224028493595736
2019-11-21 13:00:00,0.4682613719870236,119.0,9614.0,7919.05,1257.7844615,30,0.013603398730756378
2019-11-21 14:00:00,0.4732653264714575,128.0,10537.0,7915.08,335.54793354,30,0.004938087375543381
2019-11-21 15:00:00,0.3268396968839965,202.0,18383.0,7903.99,252.06953026,30,0.0031957174590352363
2019-11-21 16:00:00,0.6009054298864377,149.0,12580.0,7850.26,500.7853051,30,0.005269956240352597
2019-11-21 17:00:00,0.4366621482498113,120.0,8373.0,7886.39,349.18407899,30,0.005734000504463306
2019-11-21 18:00:00,0.6345405611926561,124.0,10405.0,7865.79,236.57056976,30,0.00282187905169343
2019-11-21 19:00:00,0.6339195952870584,141.0,11778.0,7777.0,519.16740826,30,0.009135902124753702
2019-11-21 20:00:00,0.7921590057916642,111.0,11047.0,7607.21,2773.87552851,30,0.03304096526392105
2019-11-21 21:00:00,0.8393617084033502,106.0,11901.0,7593.28,443.65955686,30,0.005919511520185966
2019-11-21 22:00:00,0.7180556708409725,103.0,7351.0,7561.81,310.70240242,30,0.005102745217914991
2019-11-21 23:00:00,0.5065032890637179,78.0,11869.0,7578.01,764.45524891,30,0.004973156284044342
2019-11-22 00:00:00,0.6018498029490855,74.0,5339.0,7617.63,306.55451955,20,0.0029301189957468116
2019-11-22 01:00:00,0.2942018899306482,61.0,3071.0,7587.94,317.54199908,20,0.008269238354729674
2019-11-22 02:00:00,0.4966711628985579,64.0,2916.0,7598.1,286.3758642,20,0.00414938421200769
2019-11-22 03:00:00,0.3273737375818255,55.0,3657.0,7618.17,74.77052359,20,0.0030342790974249387
2019-11-22 04:00:00,0.629387309410151,33.0,2942.0,7611.51,84.2081059,20,0.004326102652072485
2019-11-22 05:00:00,0.4291911007762217,38.0,4377.0,7681.49,297.95846596,20,0.0035648048104089734
2019-11-22 06:00:00,0.3367543779365993,43.0,2081.0,7641.42,123.97447827,20,0.003037825206922275
2019-11-22 07:00:00,0.8010870418112039,57.0,4356.0,7626.18,71.11777561,20,0.0034775402386896656
2019-11-22 08:00:00,0.4664554146902175,56.0,4984.0,7589.14,195.86490691,20,0.004092411231191338
2019-11-22 09:00:00,0.5992904459670798,83.0,5036.0,7609.87,93.23215706,20,0.002785030442033195
2019-11-22 10:00:00,0.0686733502533929,146.0,9249.0,7560.71,225.4288534,20,0.008747459657155187
2019-11-22 11:00:00,0.2734186695877942,141.0,9432.0,7459.44,389.27508907,20,0.009536339803587706
2019-11-22 12:00:00,0.3034613074782176,123.0,11645.0,7554.73,514.94057574,20,0.014159221167626525
2019-11-22 13:00:00,0.3120828053260235,137.0,12826.0,7513.91,798.87231674,20,0.019668295988400118
2019-11-22 14:00:00,0.0430566838335518,226.0,14218.0,7404.8,1186.93271394,20,0.016744544269798482
2019-11-22 15:00:00,0.3910705303554593,151.0,13330.0,7070.62,3516.59591161,20,0.03717440152730441
2019-11-22 16:00:00,0.479504871658985,122.0,7802.0,7099.68,1134.48744475,20,0.012068949128738678
2019-11-22 17:00:00,0.3570156938253669,110.0,13048.0,7139.79,747.48520561,20,0.007728138103958398
2019-11-22 18:00:00,0.3270034807881581,112.0,7154.0,7040.0,992.17861378,20,0.013406694388439173
2019-11-22 19:00:00,0.508587655156108,108.0,10207.0,7033.93,2706.9884552,20,0.03132196791658658
2019-11-22 20:00:00,0.2849668945617822,96.0,5727.0,7115.0,1497.92981147,20,0.009024143864554017
2019-11-22 21:00:00,0.5043954002938533,94.0,5755.0,7122.73,1133.7011459,20,0.011030685678406848
2019-11-22 22:00:00,0.451587962724671,87.0,4845.0,7148.21,523.10582254,20,0.006137237697439974
2019-11-22 23:00:00,0.3484905635594261,67.0,4451.0,7236.09,538.1537057,20,0.007871478365950478
2019-11-23 00:00:00,0.3213150974368338,60.0,2813.0,7313.61,1581.42719999,23,0.01120604045149957
2019-11-23 01:00:00,0.3564512491545979,49.0,3194.0,7330.9,707.33100962,23,0.011670902971328891
2019-11-23 02:00:00,0.2518492765019076,54.0,1855.0,7345.33,557.22099732,23,0.006592578277714151
2019-11-23 03:00:00,0.4247936527514682,40.0,3669.0,7272.99,293.98969633,23,0.010915013720471158
2019-11-23 04:00:00,0.2879126624441887,42.0,4101.0,7285.85,291.9541135,23,0.009162519544714297
2019-11-23 05:00:00,0.70882166761794,25.0,1085.0,7217.06,376.67420571,23,0.012094062750970328
2019-11-23 06:00:00,0.3682124729108094,27.0,749.0,7210.78,118.74920617,23,0.0058437814510650206
2019-11-23 07:00:00,0.2387047368549753,35.0,2091.0,7259.78,401.14829314,23,0.0075595721984531355
2019-11-23 08:00:00,0.2424564820895663,39.0,2241.0,7286.1,200.00269446,23,0.005938472066881359
2019-11-23 09:00:00,0.3986068530479052,41.0,1952.0,7221.59,108.26695517,23,0.006894175902448299
2019-11-23 10:00:00,0.5696952542747149,36.0,2356.0,7224.44,150.68001612,23,0.006309896679655868
2019-11-23 11:00:00,0.8800338348924122,35.0,1346.0,7228.28,91.82320319,23,0.004655060148924261
2019-11-23 12:00:00,0.4639743475723339,47.0,1921.0,7189.87,167.77925183,23,0.00727565122454782
2019-11-23 13:00:00,0.6154311826916428,44.0,1797.0,7156.75,271.55839006,23,0.009021526024777904
2019-11-23 14:00:00,0.5299230987241036,38.0,1519.0,7179.14,396.74850793,23,0.007816854729884479
2019-11-23 15:00:00,0.2819581662442343,27.0,689.0,7174.29,104.77981496,23,0.008217756659055232
